,gene,decouple_TAC,couple_TAC,decouple_cortex,couple_cortex,decouple_irs,couple_irs,decouple_medulla,couple_medulla
0,1700025G04RIK,0.00571557138872722,-0.005725571388727219,0.010452783587992398,-0.010462783587992398,-0.006678741180701511,0.006668741180701512,0.0024103080004462957,-0.0024203080004462957
1,2610507B11RIK,0.007315697485684454,-0.0073256974856844535,0.00835716758702,-0.00836716758702,-0.0028295539214176213,0.0028195539214176213,0.0028449456763948444,-0.0028549456763948444
2,4833420G17RIK,0.0029433853753625255,-0.0029533853753625256,0.015057205712513053,-0.015067205712513052,0.0026912725090827427,-0.0027012725090827428,0.004505857887090681,-0.00451585788709068
3,5031439G07RIK,0.01058559427853794,-0.010595594278537939,0.008576289611440815,-0.008586289611440815,-0.03526940079797205,0.035259400797972046,-0.0019188841311224558,0.0019088841311224558
4,9930021J03RIK,0.004987106472430891,-0.004997106472430891,0.009682472387271032,-0.009692472387271032,0.005156056728911895,-0.005166056728911895,0.00532445459835558,-0.005334454598355579
5,AAK1,0.004845803231757775,-0.004855803231757775,0.011481859261406116,-0.011491859261406116,0.005411972951932617,-0.005421972951932617,0.0028544840394723325,-0.0028644840394723326
6,AASDH,0.0073759182082199365,-0.007385918208219936,0.013840188938576747,-0.013850188938576747,-0.0012657021859645845,0.0012557021859645845,-0.02226603732128546,0.02225603732128546
7,ABCC1,0.004647369732042057,-0.004657369732042057,0.008029149720646389,-0.008039149720646389,0.010588524099296767,-0.010598524099296767,0.00722053305745167,-0.007230533057451669
8,ABCF2,0.007875470818497293,-0.007885470818497293,-0.0023658133389606456,0.0023558133389606456,-0.010531940267753948,0.010521940267753948,0.0017344814028942973,-0.0017444814028942973
9,ABL1,0.00684489548148455,-0.00685489548148455,0.009187255422248741,-0.00919725542224874,0.0051740157308598905,-0.00518401573085989,0.010551950246332403,-0.010561950246332403
10,ABL2,0.0038143050193630776,-0.0038243050193630776,0.007189296569515516,-0.0071992965695155155,0.008853086267105875,-0.008863086267105875,0.009559623438671797,-0.009569623438671796
11,ACE2,0.0013170541706264763,-0.0013270541706264763,0.01018144698757932,-0.01019144698757932,-0.01197389850725089,0.011963898507250891,-0.03951244181494318,0.039502441814943175
12,ACOT9,0.002932115339500503,-0.002942115339500503,-0.012011754395928324,0.012001754395928325,-0.006517633928243338,0.006507633928243339,-0.013098583209053202,0.013088583209053203
13,ACVR1,0.006680534134875349,-0.0066905341348753485,0.01162965425592119,-0.01163965425592119,0.010927247020475817,-0.010937247020475816,0.011881774569874312,-0.011891774569874312
14,ACVR1B,0.004338666687965655,-0.004348666687965654,0.004609571552937841,-0.004619571552937841,0.002452116189370482,-0.002462116189370482,0.001357154536210825,-0.001367154536210825
15,ADAMTS9,0.009554445980775511,-0.00956444598077551,0.009382637543600483,-0.009392637543600483,-0.03207856509879374,0.03206856509879374,-0.0009646376316652938,0.0009546376316652938
16,ADARB1,0.008401448229019115,-0.008411448229019115,0.0024772212194024007,-0.0024872212194024007,-0.01402050151309328,0.014010501513093281,0.005859370209254852,-0.005869370209254852
17,AFF3,0.005411321603627228,-0.005421321603627228,0.014147069366094611,-0.01415706936609461,0.008533933423278878,-0.008543933423278877,0.008040447738561662,-0.008050447738561662
18,AFG3L1,0.006251688174847336,-0.006261688174847336,0.004920988225848036,-0.0049309882258480354,0.007639756549083623,-0.007649756549083623,-0.007416518726676979,0.00740651872667698
19,AFTPH,0.004653108884073269,-0.004663108884073269,0.00651244726202703,-0.006522447262027029,0.009846078842465925,-0.009856078842465924,0.008776347674777571,-0.00878634767477757
20,AGL,-0.0024231317546601835,0.0024131317546601835,0.006579186315971708,-0.0065891863159717075,-0.03800595979914132,0.03799595979914132,0.004814613571623383,-0.0048246135716233825
21,AGPAT3,0.008364078789824064,-0.008374078789824064,0.009291879117266214,-0.009301879117266213,0.00675294418742986,-0.00676294418742986,0.0012311976977980726,-0.0012411976977980727
22,AGPAT5,0.00958924432103054,-0.009599244321030539,0.017217342212069886,-0.017227342212069886,0.00012205989032312847,-0.00013205989032312847,-0.001988554134211798,0.001978554134211798
23,AGTPBP1,0.004074419570655977,-0.004084419570655976,0.00745678192033726,-0.00746678192033726,0.0031233058505844707,-0.0031333058505844708,-0.003618847125503852,0.0036088471255038518
24,AHI1,0.012607419950750418,-0.012617419950750417,-0.0020788744878856985,0.0020688744878856985,-0.02494439729490964,0.02493439729490964,-0.01218026017573226,0.01217026017573226
25,AK2,0.008046027402457773,-0.008056027402457772,-0.0012203034891140468,0.0012103034891140468,0.00020971724226952204,-0.00021971724226952204,-0.0032939280620578187,0.0032839280620578187
26,AKAP1,0.0027049921321978254,-0.0027149921321978254,-0.016676315264672795,0.016666315264672795,-0.012595826843669111,0.012585826843669112,-0.012926045345023562,0.012916045345023563
27,AKAP10,0.004139046902156621,-0.00414904690215662,0.01330052566277952,-0.013310525662779519,0.0065107209956410395,-0.006520720995641039,0.0034523527381272734,-0.0034623527381272734
28,AKAP8L,0.001104779173477427,-0.001114779173477427,0.00922465969193681,-0.00923465969193681,0.004339136415016168,-0.004349136415016167,0.005484663125398345,-0.005494663125398345
29,AKT2,0.008552694665466848,-0.008562694665466847,0.011889902076890752,-0.011899902076890751,-0.02370388114482653,0.02369388114482653,0.0015385974535673808,-0.0015485974535673808
30,ALCAM,0.00406587678737963,-0.004075876787379629,0.007872466657542349,-0.007882466657542348,0.00991034382921005,-0.00992034382921005,0.009687975778482863,-0.009697975778482863
31,ALDH1A3,0.0016021586819895406,-0.0016121586819895406,-0.00018697085224998744,0.00017697085224998744,,,0.009054216790757894,-0.009064216790757893
32,ANKRD10,0.01050014930299626,-0.01051014930299626,-0.002027305247468858,0.002017305247468858,-0.01087196949316109,0.010861969493161091,0.000604359097443552,-0.000614359097443552
33,ANKRD17,0.0027492775125432523,-0.0027592775125432523,0.008132655650938833,-0.008142655650938833,0.010216352049987498,-0.010226352049987498,0.006110998506069387,-0.006120998506069387
34,ANKRD26,0.009828348421478388,-0.009838348421478387,0.003955735202547592,-0.003965735202547591,0.0007952644160963696,-0.0008052644160963696,-0.011073333258227874,0.011063333258227875
35,ANKRD52,0.003936026844726416,-0.003946026844726416,0.004240807255153398,-0.004250807255153397,-0.002587579228163314,0.002577579228163314,-0.004432853469766601,0.0044228534697666015
36,ANLN,0.007235880076718423,-0.007245880076718423,0.0033857424584399637,-0.0033957424584399637,0.00011164014320214077,-0.00012164014320214077,-0.006232882688890648,0.006222882688890648
37,ANXA1,0.005294384406023693,-0.005304384406023693,0.010047122548999449,-0.010057122548999448,0.008633723584780609,-0.008643723584780608,0.007834379828157767,-0.007844379828157767
38,APBB2,0.006211041631272479,-0.006221041631272479,0.006025530113050376,-0.006035530113050375,-0.01241791597929208,0.01240791597929208,0.0051262929602129,-0.005136292960212899
39,APPL1,0.004107283565112162,-0.004117283565112161,0.0030445096263920224,-0.0030545096263920224,-0.015831224521541426,0.015821224521541426,-0.0021531497542442435,0.0021431497542442435
40,AREG,0.0042324825403302554,-0.004242482540330255,0.0009570122167287809,-0.0009670122167287809,,,0.005832208659458771,-0.00584220865945877
41,ARFGAP2,0.009058801470979372,-0.009068801470979371,-0.00015531948431292408,0.00014531948431292408,-0.012702685077534276,0.012692685077534276,-0.005697172569808506,0.005687172569808507
42,ARHGAP29,0.0015925717616174784,-0.0016025717616174784,0.010436343303169435,-0.010446343303169434,-0.005121897914417833,0.005111897914417834,0.00197192935352547,-0.00198192935352547
43,ARHGEF1,0.006570113709197321,-0.006580113709197321,-0.0036783533116688666,0.0036683533116688666,0.009795304353668155,-0.009805304353668155,-0.003572881304037989,0.003562881304037989
44,ARHGEF10,0.0031745091538919884,-0.0031845091538919884,0.0007062796613241107,-0.0007162796613241107,0.0002825414685365679,-0.00029254146853656795,-0.004971847883223662,0.004961847883223663
45,ARHGEF10L,-0.0026594582576767306,0.0026494582576767306,0.007885905159328202,-0.007895905159328202,-0.00555728778964136,0.005547287789641361,-0.006194528110792796,0.006184528110792797
46,ARHGEF26,0.004215135380313498,-0.004225135380313497,0.0007844925679148379,-0.0007944925679148379,-0.0024278583434429596,0.0024178583434429596,-0.014267834378687949,0.01425783437868795
47,ARID1A,0.004264731739891725,-0.004274731739891725,0.007055676046191547,-0.007065676046191547,0.009419658928542476,-0.009429658928542476,0.010538128403760602,-0.010548128403760602
48,ASAH1,0.007107625306383411,-0.007117625306383411,0.010460227920601223,-0.010470227920601222,-0.028315585905310213,0.028305585905310213,-0.014416301550889729,0.01440630155088973
49,ASB3,0.0024515201702019138,-0.002461520170201914,0.00612313251963735,-0.00613313251963735,-0.016414393302038338,0.01640439330203834,0.006481427718607671,-0.006491427718607671
50,ATAD2,0.0035821383281088165,-0.0035921383281088165,0.002728684051426414,-0.002738684051426414,-0.0034086966812762187,0.0033986966812762187,0.005348219779324551,-0.00535821977932455
51,ATAD2B,0.00228754200058838,-0.00229754200058838,0.006473487837808475,-0.006483487837808475,0.009458053277055414,-0.009468053277055414,0.007341238065666611,-0.0073512380656666106
52,ATAD5,0.0016137847997480664,-0.0016237847997480665,6.213179350966769e-05,-7.213179350966769e-05,-0.014985295988499195,0.014975295988499195,-0.010047714947265488,0.010037714947265488
53,ATE1,0.002839036967686011,-0.002849036967686011,0.0052911683793412795,-0.005301168379341279,0.0075346721091281155,-0.007544672109128115,0.009319043448448638,-0.009329043448448638
54,ATF3,0.004119870139217954,-0.004129870139217954,0.007410893996649445,-0.007420893996649445,0.005537796002564752,-0.005547796002564751,0.003153057839482304,-0.003163057839482304
55,ATF7IP,0.003730011643482467,-0.003740011643482467,0.010533872168597191,-0.010543872168597191,0.0019969250652739357,-0.0020069250652739357,0.004812815878641172,-0.004822815878641171
56,ATG7,0.0021091623443830337,-0.0021191623443830338,0.01272356686306185,-0.01273356686306185,0.007064152188365938,-0.007074152188365938,0.0021502821051569976,-0.0021602821051569976
57,ATOX1,-0.0012863511755944051,0.0012763511755944051,0.0020526157445762833,-0.0020626157445762833,-0.01919026991056999,0.01918026991056999,-0.004009696426930429,0.003999696426930429
58,ATP11A,0.004116240133651798,-0.004126240133651798,0.005584427556776864,-0.005594427556776863,0.004836066780031095,-0.004846066780031095,0.012656515417757294,-0.012666515417757294
59,ATP13A2,0.0012372593413923147,-0.0012472593413923147,0.011212649785697817,-0.011222649785697817,0.003615103627601715,-0.003625103627601715,0.003273839130608705,-0.003283839130608705
60,ATP2A2,0.0027401343159881575,-0.0027501343159881575,0.00955215866310391,-0.00956215866310391,0.006741119638988283,-0.006751119638988282,0.006061252127313399,-0.006071252127313399
61,ATP8A1,0.005083736974466006,-0.005093736974466006,0.008060728650909371,-0.00807072865090937,-0.013499784005524637,0.013489784005524637,0.010113349222918552,-0.010123349222918552
62,ATP9B,0.005340764304066811,-0.005350764304066811,0.012194383036496809,-0.012204383036496808,0.01070723740648137,-0.01071723740648137,0.004216449469002875,-0.004226449469002875
63,ATR,0.002386025234462519,-0.002396025234462519,0.01260610204148592,-0.01261610204148592,-0.0015585165347148794,0.0015485165347148794,0.005559667193146253,-0.005569667193146253
64,ATXN2L,0.0026255712813664372,-0.0026355712813664373,0.004202092222191492,-0.0042120922221914915,-0.007435165110691838,0.007425165110691839,0.003838702606484126,-0.0038487026064841262
65,ATXN7L1,0.007616388246241737,-0.007626388246241737,0.012721058783461511,-0.012731058783461511,0.010288975309638904,-0.010298975309638903,-0.0005821912734296636,0.0005721912734296636
66,AZIN1,0.004389997456941672,-0.004399997456941671,0.014041722562816314,-0.014051722562816314,0.001987577624847539,-0.001997577624847539,0.0036084419770278653,-0.0036184419770278653
67,B3GALNT2,0.0002993353226271103,-0.00030933532262711035,-0.0026428905159272403,0.0026328905159272403,-0.0024500291748059955,0.0024400291748059954,-0.003365863299713806,0.003355863299713806
68,B3GNTL1,0.006136540544761482,-0.006146540544761481,0.003389580734065867,-0.003399580734065867,-0.0038498776633316967,0.0038398776633316966,-0.00874539349165189,0.00873539349165189
69,B4GALT1,0.00798014524091091,-0.00799014524091091,0.007011119098206356,-0.0070211190982063555,0.006343499233391489,-0.006353499233391489,-0.007737847270259279,0.00772784727025928
70,BC005561,0.004340601345468133,-0.004350601345468132,0.007802531376822741,-0.00781253137682274,0.0033800795987610627,-0.0033900795987610627,0.0031603645913333284,-0.0031703645913333284
71,BAMBI,0.0005360595166580967,-0.0005460595166580967,-0.0004990939774848352,0.0004890939774848352,-0.0223799110829056,0.022369911082905602,-0.002615494633993423,0.002605494633993423
72,BARD1,0.007336526914933042,-0.007346526914933042,-0.0023670663301285505,0.0023570663301285505,-0.005553502140107344,0.005543502140107345,-0.010580856453185683,0.010570856453185683
73,BAZ1A,0.004304124368366885,-0.004314124368366885,0.008929985904631094,-0.008939985904631093,0.007900037212181715,-0.007910037212181715,0.006722593111149339,-0.006732593111149338
74,BAZ1B,0.004128821534440108,-0.004138821534440108,0.005890739849340493,-0.005900739849340492,0.013040518452825473,-0.013050518452825472,0.007117466627441768,-0.007127466627441768
75,BAZ2B,0.0045430450177740694,-0.004553045017774069,0.008324133381489213,-0.008334133381489212,0.007925345387475455,-0.007935345387475454,0.007214978259967156,-0.007224978259967155
76,BHLHE40,0.003207776181245188,-0.003217776181245188,0.0016031567529290747,-0.0016131567529290747,-0.005164715337180423,0.005154715337180423,-0.006090881042628754,0.0060808810426287545
77,BLM,0.008261896167981626,-0.008271896167981626,-0.0013956260655233615,0.0013856260655233615,-0.011081003239105505,0.011071003239105506,-0.0061588446240310735,0.006148844624031074
78,BMP2K,0.007494716974973822,-0.007504716974973822,0.010965101974964267,-0.010975101974964267,0.005979644368423992,-0.0059896443684239915,0.001866007616099702,-0.001876007616099702
79,BMPER,0.008731404972636164,-0.008741404972636164,0.01059480868339141,-0.01060480868339141,-0.03147626314258274,0.03146626314258274,0.003884560123676495,-0.003894560123676495
80,BNC2,0.0026175259370324055,-0.0026275259370324056,0.0074409895463413145,-0.007450989546341314,0.011419177008864953,-0.011429177008864953,0.006878777709457523,-0.006888777709457523
81,BRAF,0.006455782658381579,-0.006465782658381578,0.008374958838839777,-0.008384958838839777,0.01055303841969188,-0.010563038419691879,0.008094127284061461,-0.008104127284061461
82,BRCA1,0.006207031486413231,-0.0062170314864132305,-0.01093924937356916,0.01092924937356916,-0.02919831153099841,0.02918831153099841,-0.01309158194040462,0.01308158194040462
83,BRCA2,0.009277141135902382,-0.009287141135902382,-0.008696492477851883,0.008686492477851884,-0.019988891170234308,0.019978891170234308,-0.006487433936007231,0.006477433936007231
84,BRD1,0.00511563518815128,-0.005125635188151279,0.00899661435309354,-0.00900661435309354,0.007709646944463258,-0.007719646944463258,0.01097331397554785,-0.010983313975547849
85,BRD2,0.002736352183863318,-0.002746352183863318,0.0033952400167145402,-0.0034052400167145403,0.004166520980953881,-0.00417652098095388,0.00979319669089887,-0.00980319669089887
86,BRD7,0.006490239042387408,-0.0065002390423874075,0.010772762595939941,-0.010782762595939941,-0.0025383592806907107,0.0025283592806907107,0.006131064578711626,-0.006141064578711625
87,BRD8,0.0017692434686993747,-0.0017792434686993747,0.009016264003164007,-0.009026264003164006,-0.002424873941014455,0.002414873941014455,0.003817013705926464,-0.003827013705926464
88,BRD9,-0.00021934882690598234,0.00020934882690598234,-0.002244812347859365,0.002234812347859365,0.004124733618233539,-0.004134733618233539,-0.000876490373038219,0.000866490373038219
89,BRIX1,0.0030832264469343104,-0.0030932264469343104,0.004579812646469478,-0.004589812646469477,-0.0014501094178376167,0.0014401094178376167,-0.0012642477140520358,0.0012542477140520358
90,BTG2,0.006190638488418311,-0.006200638488418311,0.0108169191949712,-0.0108269191949712,0.005794815541277559,-0.005804815541277559,0.005088398902649019,-0.0050983989026490185
91,CACHD1,0.0032062149255728672,-0.0032162149255728673,0.0070200318151148605,-0.00703003181511486,0.005345283966566056,-0.005355283966566055,0.006963950522427265,-0.006973950522427264
92,CACNG4,0.010794509665576359,-0.010804509665576358,0.0033366278725592835,-0.0033466278725592835,-0.01315945441426436,0.01314945441426436,,
93,CACUL1,0.0035403067455918175,-0.0035503067455918175,0.0053914527970562315,-0.005401452797056231,0.0068051663238948845,-0.006815166323894884,0.0018833548302218117,-0.0018933548302218117
94,CADM1,0.0007484859139553074,-0.0007584859139553074,0.011147630532148609,-0.011157630532148608,-0.005459518884535761,0.005449518884535761,0.0035931621812133052,-0.0036031621812133052
95,CALD1,0.011011263797629622,-0.011021263797629622,0.0005619115618120257,-0.0005719115618120258,-0.0057857243956771914,0.005775724395677192,0.0028287130979910424,-0.0028387130979910425
96,CAMK2D,0.005787422528658957,-0.005797422528658957,0.004664046454767354,-0.004674046454767353,-0.004885368529425199,0.0048753685294252,0.00519171712856599,-0.005201717128565989
97,CAST,0.00544016164492267,-0.005450161644922669,0.011764173312410905,-0.011774173312410905,0.006020526051572703,-0.006030526051572702,0.010766050740611738,-0.010776050740611737
98,CBX4,0.003759225092466442,-0.0037692250924664422,0.009152186705128643,-0.009162186705128642,-0.01730800019417418,0.01729800019417418,0.0020411531621333384,-0.0020511531621333384
99,CCDC171,0.006924116118152801,-0.006934116118152801,0.012269526081166604,-0.012279526081166604,-0.005646517576945662,0.005636517576945662,-0.008966327888029951,0.008956327888029952
100,CCDC34,0.008101372548754399,-0.008111372548754398,-0.014275178826779311,0.014265178826779312,-0.0051641724903636055,0.005154172490363606,-0.006268136824028284,0.006258136824028284
101,CCDC68,-0.0010863712871324663,0.0010763712871324663,-0.0019357784765840075,0.0019257784765840075,-0.019079512426988215,0.019069512426988216,0.0010980787166413458,-0.0011080787166413458
102,CCDC88A,0.00512864190153154,-0.00513864190153154,0.0043702551784925575,-0.004380255178492557,-0.03668313561325626,0.036673135613256254,0.0073411115188803805,-0.00735111151888038
103,CCNI,0.007767044288281948,-0.007777044288281947,-5.3304862986339185e-05,4.3304862986339186e-05,-0.024941307265085658,0.024931307265085658,-0.003271164333981058,0.003261164333981058
104,CCNT1,-3.571153002739774e-05,2.5711530027397743e-05,0.011380756646295911,-0.011390756646295911,-0.0009153799740315438,0.0009053799740315438,0.0002915357844068961,-0.0003015357844068961
105,CD82,0.002866677704583674,-0.002876677704583674,-0.001234122814483929,0.0012241228144839289,-0.021121450412795333,0.021111450412795333,-0.0050277142645813455,0.005017714264581346
106,CDC25A,0.005193992743994194,-0.005203992743994194,-0.001064366757729654,0.001054366757729654,-0.0017678743072884473,0.0017578743072884473,-0.01935373998502045,0.01934373998502045
107,CDC37L1,-0.0004917562519064986,0.00048175625190649855,0.005858425194086345,-0.005868425194086344,0.00949740559841103,-0.009507405598411029,0.0018798968884293915,-0.0018898968884293915
108,CDC42BPG,0.005329730666653078,-0.005339730666653077,0.011368226798062653,-0.011378226798062652,0.001931011104161079,-0.001941011104161079,0.013519499987935696,-0.013529499987935695
109,CDH6,0.006458423138467506,-0.006468423138467506,0.007066820316042763,-0.007076820316042762,0.012144290537626334,-0.012154290537626334,0.01252578672908973,-0.01253578672908973
110,CDKAL1,0.004826744884077215,-0.004836744884077215,0.010681986438883656,-0.010691986438883656,0.011158892755362401,-0.0111688927553624,0.00820136502428509,-0.00821136502428509
111,CEBPZ,0.008243865963216815,-0.008253865963216814,0.009918749813337124,-0.009928749813337124,0.010555693757349272,-0.010565693757349271,0.001384766885548866,-0.001394766885548866
112,CENPC1,0.006427426669047026,-0.006437426669047026,-0.0060173572856282165,0.006007357285628217,-0.00019352171926113881,0.00018352171926113881,-0.009574310815551185,0.009564310815551185
113,CENPE,0.004920637567674482,-0.004930637567674482,0.009249040844369769,-0.009259040844369768,-0.0023698154717804176,0.0023598154717804176,0.001877504593077145,-0.001887504593077145
114,CENPF,0.005198105113955673,-0.005208105113955672,-0.0003858142177792928,0.0003758142177792928,0.004963543217316596,-0.004973543217316596,0.005025636806014186,-0.0050356368060141855
115,CEP120,0.003664416849090149,-0.003674416849090149,0.009621437492711202,-0.009631437492711201,-0.003791666862182186,0.003781666862182186,0.0076260022351665735,-0.007636002235166573
116,CEP128,0.006462045856848536,-0.006472045856848536,0.009783522848726675,-0.009793522848726675,-0.02078382399400995,0.02077382399400995,0.003358431663523398,-0.003368431663523398
117,CEP152,0.005070618312294106,-0.005080618312294106,0.003898770014346506,-0.0039087700143465055,0.0022373720865717928,-0.002247372086571793,-8.923080985238918e-05,7.923080985238918e-05
118,CEP162,0.0031878657195742108,-0.003197865719574211,0.005927722440480204,-0.005937722440480204,0.001201850090432402,-0.001211850090432402,0.008146374128142078,-0.008156374128142078
119,CEP164,0.008103112710664905,-0.008113112710664904,0.008279241247539953,-0.008289241247539953,0.004220629713419591,-0.00423062971341959,0.008964167105210197,-0.008974167105210196
120,CEP290,0.005288830871802465,-0.0052988308718024645,0.007160485476726583,-0.007170485476726583,-0.004636926417693532,0.0046269264176935325,0.006190519877052811,-0.00620051987705281
121,CEP55,0.010591120650867515,-0.010601120650867515,-0.0006258261251625569,0.0006158261251625568,-0.028350737472274977,0.028340737472274977,-0.017452258700286057,0.017442258700286057
122,CEP63,0.009686422150069048,-0.009696422150069047,0.0016083491737654415,-0.0016183491737654415,-0.0021093069072541104,0.0020993069072541104,-0.01215578864340524,0.01214578864340524
123,CEP95,0.01250802324053861,-0.01251802324053861,-0.006612307303449763,0.0066023073034497635,-0.021343778960209406,0.021333778960209406,-0.017907406593779887,0.017897406593779887
124,CERS4,0.006126911144287012,-0.006136911144287011,0.004237386988112879,-0.0042473869881128785,0.0007494004391882109,-0.0007594004391882109,0.001724793045606618,-0.001734793045606618
125,CGNL1,-4.0443141465937305e-05,3.0443141465937305e-05,-0.016013318456919,0.016003318456919,,,-0.006480126566195635,0.006470126566195635
126,CHD1L,0.0024801611059736273,-0.0024901611059736273,-0.00557609835784853,0.0055660983578485305,-0.015593467122325282,0.015583467122325282,-0.0020241808762640895,0.0020141808762640895
127,CHD2,0.005015196189744817,-0.005025196189744816,0.0068943068574943145,-0.006904306857494314,-0.0014274264603459652,0.0014174264603459652,0.00351112114959469,-0.00352112114959469
128,CHD3,0.0069042315154619616,-0.006914231515461961,0.0009792530028896324,-0.0009892530028896324,-0.0118803421047992,0.0118703421047992,0.011544457327740343,-0.011554457327740342
129,CHD6,0.0026558744735371426,-0.0026658744735371426,0.008931863865349485,-0.008941863865349484,0.009021949341085647,-0.009031949341085647,0.012956958904795354,-0.012966958904795354
130,CHD9,0.0045182376694612725,-0.004528237669461272,0.00790170831419626,-0.00791170831419626,-0.0010734210776378594,0.0010634210776378594,0.00743461629840779,-0.007444616298407789
131,CHERP,0.009281652687208368,-0.009291652687208368,0.003559597696772096,-0.003569597696772096,-0.022560884428350247,0.022550884428350248,-0.006744239901410487,0.006734239901410487
132,CHM,0.0068189424723156325,-0.006828942472315632,0.00753218306370422,-0.00754218306370422,-0.001808080641646101,0.001798080641646101,0.008493174485615762,-0.008503174485615762
133,CIC,0.006923699910909686,-0.006933699910909686,0.007779218052127321,-0.00778921805212732,-0.007671066007993874,0.007661066007993874,0.00482617139343032,-0.00483617139343032
134,CLCN5,0.00778417819220964,-0.007794178192209639,0.0024649516477455585,-0.0024749516477455586,-0.0010109217492948602,0.0010009217492948602,0.01089107419842332,-0.01090107419842332
135,CLK2,0.010223638776889428,-0.010233638776889428,0.013771472034416588,-0.013781472034416587,0.0016201269538834578,-0.0016301269538834579,0.00018560376732129624,-0.00019560376732129624
136,CLK3,0.010413321704371967,-0.010423321704371966,0.01575881837483148,-0.01576881837483148,0.0063981964509390865,-0.006408196450939086,0.004640783807802237,-0.004650783807802237
137,CLSPN,0.008476924043315792,-0.008486924043315792,0.005959973900896268,-0.005969973900896267,-0.006366371832732767,0.006356371832732768,-0.005425563702211159,0.005415563702211159
138,CLUH,0.007834253824701397,-0.007844253824701396,0.008295743594195756,-0.008305743594195756,-0.012495170098066277,0.012485170098066278,0.002661120309337739,-0.002671120309337739
139,CNKSR3,0.006076373026017996,-0.006086373026017996,0.0007756527362385857,-0.0007856527362385857,-0.003787644287707892,0.003777644287707892,0.004947953194158444,-0.004957953194158444
140,CNOT3,0.0046656838433613915,-0.004675683843361391,-0.0002145465205942304,0.0002045465205942304,-0.012048631501867892,0.012038631501867892,-0.005130110109023575,0.0051201101090235755
141,CNOT4,0.0040553244132738725,-0.004065324413273872,0.007553564580131997,-0.007563564580131996,0.011848782248741113,-0.011858782248741113,0.006698448293331424,-0.006708448293331424
142,CNOT6,0.0046355618317560215,-0.004645561831756021,0.01294996252715086,-0.01295996252715086,0.004862014949759061,-0.0048720149497590605,0.0016758934409652343,-0.0016858934409652343
143,CNTLN,0.007330858818578478,-0.007340858818578478,0.01756940408965968,-0.01757940408965968,0.006877476135555963,-0.006887476135555962,-0.026253600165721973,0.026243600165721973
144,COBL,0.0018693138749727514,-0.0018793138749727514,0.0078743751254855,-0.0078843751254855,-0.00800704073423135,0.00799704073423135,0.008828066444403523,-0.008838066444403523
145,COBLL1,0.004039487920788301,-0.004049487920788301,0.010795167008879253,-0.010805167008879252,0.0032815738178395837,-0.0032915738178395837,0.008724322753955113,-0.008734322753955113
146,COL13A1,,,,,,,0.00890651398579484,-0.008916513985794839
147,COL17A1,0.004473031989264034,-0.004483031989264034,0.008074023023548052,-0.008084023023548052,0.011724532738802085,-0.011734532738802084,0.009440742068087093,-0.009450742068087093
148,COL18A1,0.0036972673454104266,-0.0037072673454104266,0.007426895325886029,-0.007436895325886029,-0.020088161798884653,0.020078161798884653,0.011541684881448952,-0.011551684881448952
149,COL1A1,0.004528584160922597,-0.0045385841609225964,0.012480097811255725,-0.012490097811255724,0.0006837892165150877,-0.0006937892165150878,0.008339600153475388,-0.008349600153475387
150,COL1A2,0.0013147163415599405,-0.0013247163415599406,0.005721551369858455,-0.005731551369858454,,,-0.0009738334069644694,0.0009638334069644694
151,COL23A1,0.00452909708758184,-0.00453909708758184,0.0010386495720260541,-0.0010486495720260542,-0.013518679791603226,0.013508679791603227,0.007950471335564147,-0.007960471335564146
152,COL4A6,0.007866489317252867,-0.007876489317252867,0.006855099144151305,-0.006865099144151305,-0.010361457606519256,0.010351457606519256,0.0035153014353362516,-0.0035253014353362516
153,COPS2,0.010673014615298015,-0.010683014615298015,0.006366616451734641,-0.006376616451734641,-0.003480416738351519,0.003470416738351519,0.0026259929735577003,-0.0026359929735577004
154,COQ2,0.0032157484943439937,-0.0032257484943439938,0.0028126106896556313,-0.0028226106896556314,-0.014289479747483833,0.014279479747483833,-0.004742850992611181,0.004732850992611181
155,CPM,0.0008917885192157651,-0.0009017885192157652,-0.0331186212007352,0.0331086212007352,0.011775795319673224,-0.011785795319673224,0.008285966270107192,-0.008295966270107192
156,CPNE8,0.004559564917867985,-0.004569564917867985,-0.007071682580718608,0.007061682580718608,0.001970836596150799,-0.001980836596150799,0.005092149258585352,-0.005102149258585351
157,CPSF3,0.0034867893044909504,-0.0034967893044909504,0.0069703493110011144,-0.006980349311001114,-0.0018764059036444902,0.0018664059036444902,-0.00022340121840203064,0.00021340121840203064
158,CPT1A,0.005441272202240506,-0.005451272202240506,-0.008233192465844696,0.008223192465844697,-0.0102912248400064,0.0102812248400064,-0.003424091201297594,0.003414091201297594
159,CRAMP1L,0.008750230776035782,-0.008760230776035782,0.009110089032259183,-0.009120089032259183,-0.013915985630070807,0.013905985630070807,0.004334555685212682,-0.004344555685212682
160,CRNKL1,0.0063156441903060995,-0.006325644190306099,-0.0032175916565294616,0.0032075916565294615,-0.0038973534944150012,0.003887353494415001,0.0009267840372334246,-0.0009367840372334246
161,CRY1,0.006812666251885688,-0.0068226662518856875,0.003808838446670612,-0.003818838446670612,-0.013495821216534712,0.013485821216534712,-0.00023845685912007863,0.00022845685912007864
162,CRYBG3,0.00538426586639891,-0.00539426586639891,0.013768011300878596,-0.013778011300878596,0.003514472693355683,-0.003524472693355683,0.0044970791083109585,-0.004507079108310958
163,CSGALNACT1,0.008345806376879476,-0.008355806376879476,0.00846888553214832,-0.00847888553214832,0.009126215761985843,-0.009136215761985842,0.010462544218090356,-0.010472544218090355
164,CSNK1E,0.0016156210556851486,-0.0016256210556851486,0.008202171771161601,-0.0082121717711616,0.004927476173467962,-0.004937476173467962,-0.0009354968749704928,0.0009254968749704928
165,CSNK1G3,0.005125078473868248,-0.005135078473868248,0.009937769493931159,-0.009947769493931159,-0.0023287436798277855,0.0023187436798277855,0.0053189327618614335,-0.005328932761861433
166,CSNK2A2,0.00454880648436054,-0.00455880648436054,0.009888120095894931,-0.00989812009589493,0.015284954564912828,-0.015294954564912828,0.009405332917820239,-0.009415332917820238
167,CSPP1,0.004483469135778767,-0.004493469135778767,0.008748342882504298,-0.008758342882504298,0.005808913953724806,-0.005818913953724806,0.00409927596168215,-0.00410927596168215
168,CSRP1,0.0054020895925840084,-0.005412089592584008,0.005832569789746889,-0.005842569789746888,-0.0066916190646363755,0.006681619064636376,-0.0007480389427999556,0.0007380389427999556
169,CSRP2,0.01097841545173242,-0.01098841545173242,,,-0.006654030579790415,0.006644030579790416,-0.019804349880601008,0.019794349880601008
170,CTDSP2,0.0091763101576837,-0.009186310157683699,0.0026220621481412992,-0.0026320621481412993,-0.019501781713818167,0.019491781713818167,-0.006600108955897702,0.006590108955897702
171,CTDSPL2,0.005363535752874682,-0.0053735357528746815,0.003524418808402166,-0.003534418808402166,-0.00869775490879697,0.00868775490879697,0.012179276483329393,-0.012189276483329393
172,CTIF,0.0015476629052264476,-0.0015576629052264476,0.007256516078945105,-0.007266516078945105,0.007250239855330132,-0.007260239855330131,0.0016901549238620972,-0.0017001549238620972
173,CTPS,0.0058479315560215905,-0.00585793155602159,0.008703749724619556,-0.008713749724619555,0.0031480565606695626,-0.0031580565606695627,0.011998940941249245,-0.012008940941249244
174,CTSC,0.005264529733551425,-0.0052745297335514245,0.004690364902524113,-0.004700364902524113,0.00819493582413608,-0.008204935824136079,-0.0006394293902545062,0.0006294293902545062
175,CUX1,0.0024842433400541486,-0.0024942433400541486,0.011464867837390605,-0.011474867837390604,0.008899272313069681,-0.00890927231306968,0.011315802658165952,-0.011325802658165952
176,CWF19L1,0.003389456400089086,-0.003399456400089086,-0.011523837018434985,0.011513837018434985,-0.03353011006154324,0.033520110061543235,-0.013535893534703775,0.013525893534703775
177,CXCL14,0.007908448851248417,-0.007918448851248417,0.0034486729472158334,-0.0034586729472158334,-0.02135497637574508,0.02134497637574508,-0.0031444762281254146,0.0031344762281254146
178,DAAM1,0.0063637806885914056,-0.006373780688591405,0.008020477221643896,-0.008030477221643895,0.010552129386584438,-0.010562129386584438,0.007576279890268198,-0.007586279890268197
179,DAB2IP,0.0028227218377012905,-0.0028327218377012906,0.006977043843940933,-0.006987043843940933,0.011934801230510272,-0.011944801230510272,0.0022544569993567104,-0.0022644569993567104
180,DACH1,0.003253917443702431,-0.003263917443702431,0.008758697211388417,-0.008768697211388416,0.012412107630883906,-0.012422107630883906,0.00867984583495951,-0.00868984583495951
181,DAPK1,0.00248035501781807,-0.00249035501781807,,,-0.00033505319099048914,0.0003250531909904891,-0.0072102622878512795,0.00720026228785128
182,DAPL1,0.004425034879812467,-0.004435034879812467,0.01009574790427456,-0.01010574790427456,0.0018225793723355074,-0.0018325793723355075,-0.001820611847138373,0.001810611847138373
183,DCAF17,0.010334787244424937,-0.010344787244424936,0.013107364247709197,-0.013117364247709196,-0.014124179370255133,0.014114179370255133,0.006959891768275411,-0.006969891768275411
184,DCN,0.00902128234093541,-0.00903128234093541,,,,,0.005667802062743407,-0.005677802062743407
185,DCTN1,0.004990567778923254,-0.005000567778923253,0.00613624391328027,-0.00614624391328027,0.002917810237047319,-0.002927810237047319,0.0033351739689014837,-0.0033451739689014837
186,DCTN4,0.008226716187327218,-0.008236716187327218,0.007983914665980418,-0.007993914665980418,0.004711080551250191,-0.00472108055125019,0.004831536906077641,-0.0048415369060776405
187,DCUN1D1,0.005386078197338197,-0.0053960781973381965,0.01210864841221021,-0.01211864841221021,-0.006489929616725343,0.006479929616725343,0.00311241785687634,-0.00312241785687634
188,DCUN1D3,0.006285334309765224,-0.0062953343097652235,0.007834084223067458,-0.007844084223067458,-0.007416523291499055,0.007406523291499056,-0.007880304860452644,0.007870304860452645
189,DCUN1D4,0.0036391206675437868,-0.003649120667543787,-0.012852536560404589,0.012842536560404589,-0.013889617480341676,0.013879617480341676,-0.012088094812472583,0.012078094812472583
190,DDIT4,0.00480210072341658,-0.00481210072341658,-0.007867175139641608,0.007857175139641608,-0.018090178642229574,0.018080178642229574,-0.012139455692021517,0.012129455692021517
191,DDX19A,0.006258533905847893,-0.006268533905847893,0.0008801489232557191,-0.0008901489232557192,-0.006748736123828536,0.006738736123828536,0.002455597745230617,-0.002465597745230617
192,DDX31,0.0021312066062150192,-0.0021412066062150193,0.00762137755659846,-0.00763137755659846,-0.0029669188789591128,0.0029569188789591127,0.0074326520515153455,-0.007442652051515345
193,DDX42,0.005632905380066847,-0.005642905380066846,0.012435978871153178,-0.012445978871153177,0.006966041593232511,-0.0069760415932325105,0.011367369888400675,-0.011377369888400674
194,DDX52,0.004653355639886725,-0.0046633556398867244,0.008650307105341454,-0.008660307105341453,-0.018552176685182685,0.018542176685182685,-0.008490011486658622,0.008480011486658622
195,DESI2,0.0022416327420900287,-0.0022516327420900287,0.011679639182196,-0.011689639182196,-0.013564600235604601,0.013554600235604602,0.0011292553810495903,-0.0011392553810495904
196,DGCR8,0.007679962617593322,-0.007689962617593322,-0.006079545965895369,0.00606954596589537,-0.021958475753598813,0.021948475753598814,-0.003543510747409259,0.003533510747409259
197,DGKA,0.004323750804827026,-0.004333750804827025,0.009990837976567135,-0.010000837976567135,0.005878267465113246,-0.005888267465113246,0.005944357812531442,-0.005954357812531442
198,DGKZ,0.003428489816682305,-0.003438489816682305,0.006157113869063535,-0.006167113869063535,0.0019141767814104538,-0.0019241767814104538,-0.00022394304813365407,0.00021394304813365407
199,DHX36,0.006068677397824809,-0.006078677397824809,0.010744860435562734,-0.010754860435562733,0.004998592358542872,-0.005008592358542872,0.0002090407617708484,-0.0002190407617708484
200,DLX2,-0.0006174959650391554,0.0006074959650391554,-0.015360689492884959,0.01535068949288496,-0.026297321738530582,0.026287321738530583,-0.019455713750590478,0.01944571375059048
201,DLX3,0.009006282799742062,-0.009016282799742061,0.0032105181346175488,-0.003220518134617549,0.00845600546140321,-0.00846600546140321,0.009678133702683209,-0.009688133702683208
202,DMPK,0.00024312619877527725,-0.0002531261987752773,0.012250773553353925,-0.012260773553353924,0.00025855262311982874,-0.00026855262311982877,0.004477454786972229,-0.004487454786972229
203,DNA2,0.008895471656902701,-0.0089054716569027,-0.00012623160327192295,0.00011623160327192296,0.004711162226915089,-0.004721162226915088,-0.023632208621440123,0.023622208621440124
204,DNAJB1,0.0034638310296097735,-0.0034738310296097735,0.006512260263748584,-0.006522260263748584,-0.0074023862406370905,0.007392386240637091,-0.00660846936902558,0.00659846936902558
205,DNAJB14,0.006679050847119471,-0.00668905084711947,-0.0011861557762547909,0.0011761557762547908,-0.0023140361295434925,0.0023040361295434924,-0.017515103824288822,0.017505103824288822
206,DNAJC2,0.013306834616428183,-0.013316834616428182,0.003405316321168056,-0.003415316321168056,-0.003224882426823561,0.003214882426823561,0.0032499929132769056,-0.0032599929132769057
207,DNASE2A,0.005496421242205944,-0.005506421242205944,0.0015853403955956996,-0.0015953403955956996,0.006274456184761329,-0.0062844561847613285,-0.0035092926695315246,0.0034992926695315246
208,DNMT1,0.006538972540418131,-0.0065489725404181305,0.01047278110989415,-0.01048278110989415,0.0013321838875448438,-0.0013421838875448439,0.0026712200810643377,-0.0026812200810643378
209,DNMT3A,0.008684432158696416,-0.008694432158696416,-0.01836246320399256,0.018352463203992562,-0.020104759103099723,0.020094759103099723,0.001330360512565229,-0.001340360512565229
210,DOCK1,0.0031291712558401408,-0.003139171255840141,0.012342835018415516,-0.012352835018415515,0.0006683744496878835,-0.0006783744496878835,0.009584722843763799,-0.009594722843763798
211,DOCK11,0.005924808804000384,-0.005934808804000383,-0.001443681481718806,0.001433681481718806,-0.026375227216365697,0.026365227216365698,0.005236744861054646,-0.005246744861054645
212,DOCK4,0.007855332037967469,-0.007865332037967469,0.006413159384900849,-0.0064231593849008485,0.012363777428748057,-0.012373777428748057,-0.0006932881305251881,0.0006832881305251881
213,DOCK8,0.0031107532107574887,-0.0031207532107574887,0.010934962360098513,-0.010944962360098513,-0.005124598826509508,0.005114598826509508,0.006189824846209835,-0.0061998248462098345
214,DPAGT1,-0.002406637525134925,0.0023966375251349248,,,-0.04476863273171501,0.04475863273171501,,
215,DPH6,0.007751908596739354,-0.007761908596739354,0.013333072698528556,-0.013343072698528555,-0.0009771807530399301,0.0009671807530399301,0.011145925078449873,-0.011155925078449872
216,DPYSL3,0.006714352953710756,-0.006724352953710756,0.0008656172559764752,-0.0008756172559764752,,,0.014720655257008386,-0.014730655257008386
217,DSC1,0.00875799775216167,-0.00876799775216167,-0.010737847036459566,0.010727847036459567,0.009316559240455435,-0.009326559240455435,0.012880513851515271,-0.01289051385151527
218,DSC2,0.003785958637417805,-0.003795958637417805,-0.0014925324443553628,0.0014825324443553628,,,-0.010069705163637907,0.010059705163637907
219,DSG4,0.00890763841326861,-0.008917638413268609,0.009065176651389756,-0.009075176651389755,-0.016442174643190685,0.016432174643190686,-0.00853025202449341,0.00852025202449341
220,DSP,0.0036813045764800267,-0.0036913045764800268,0.00995280527216863,-0.00996280527216863,0.009055042302682628,-0.009065042302682628,0.006586748662475689,-0.006596748662475688
221,DST,0.002957081923640942,-0.002967081923640942,0.009263467595765684,-0.009273467595765684,0.006148864177973043,-0.0061588641779730426,0.005745055232035112,-0.005755055232035112
222,DSTYK,0.001603202152762273,-0.001613202152762273,0.002463818852350877,-0.002473818852350877,-0.0029270949294177145,0.0029170949294177145,-0.00252193189851066,0.0025119318985106598
223,DTNB,0.004070401141134411,-0.004080401141134411,0.005834588890616221,-0.005844588890616221,0.0071625265523574955,-0.007172526552357495,0.008853127048485052,-0.008863127048485051
224,DTYMK,0.006943635427797502,-0.006953635427797502,-0.008051034952840985,0.008041034952840986,-0.01569840866725601,0.015688408667256012,-0.0120448436616074,0.0120348436616074
225,DUSP10,0.008876827682495786,-0.008886827682495786,-0.0030834411054434935,0.0030734411054434935,-0.03315013837111142,0.03314013837111142,-0.0054598893063984855,0.005449889306398486
226,DUSP16,0.0059431322906819545,-0.005953132290681954,0.008202096418452154,-0.008212096418452153,0.0067314466521074395,-0.006741446652107439,0.0016011120932421102,-0.0016111120932421103
227,DYNC1LI2,0.005409137597065225,-0.005419137597065225,0.008679515977305916,-0.008689515977305915,-0.0034064694491315467,0.0033964694491315467,0.013198095262096504,-0.013208095262096504
228,DYNC2H1,0.002982087864592718,-0.002992087864592718,0.01553260346095707,-0.01554260346095707,0.008092042884497413,-0.008102042884497413,0.0035857011037478542,-0.0035957011037478542
229,DZIP1L,0.006635366562442152,-0.006645366562442152,0.004042071081296089,-0.004052071081296089,-0.022827110126021795,0.022817110126021795,0.0017613015293869022,-0.0017713015293869022
230,E130308A19RIK,0.002086049967722277,-0.002096049967722277,0.0038404656091213935,-0.0038504656091213935,0.0031688680554584764,-0.0031788680554584764,0.003873666018797739,-0.003883666018797739
231,E2F7,0.010084150530093317,-0.010094150530093316,-0.04156760422738859,0.041557604227388585,-0.028006985839268084,0.027996985839268084,-0.01429742725595956,0.014287427255959561
232,EBF1,0.0011553369610744005,-0.0011653369610744005,0.0021883646712136245,-0.0021983646712136246,0.0034590519402426106,-0.0034690519402426107,-0.008035194044674801,0.008025194044674801
233,ECI2,-0.0002421600089864001,0.0002321600089864001,0.0007936580372080448,-0.0008036580372080449,-0.014134722789154897,0.014124722789154897,-0.0042495552610593845,0.004239555261059385
234,EDA,0.003430140163560122,-0.003440140163560122,0.011251644211707365,-0.011261644211707365,0.0052731756792474965,-0.005283175679247496,0.013130995940733248,-0.013140995940733247
235,EDARADD,0.0023276725027299994,-0.0023376725027299994,0.0037892445524885243,-0.0037992445524885243,-0.001966126415038294,0.001956126415038294,0.006972324042258893,-0.006982324042258892
236,EDNRA,0.0056941367285702205,-0.00570413672857022,0.010098166298893041,-0.01010816629889304,,,0.0092726987001817,-0.0092826987001817
237,EFNA5,0.00270358460083249,-0.00271358460083249,0.008428890956447554,-0.008438890956447554,0.0034675948658140915,-0.0034775948658140915,0.005600975233850156,-0.005610975233850155
238,EFNB2,0.0047181557530963925,-0.004728155753096392,0.010724865321977833,-0.010734865321977833,0.006649485863644888,-0.006659485863644888,0.006166752322895347,-0.0061767523228953465
239,EGR3,0.0064333816930779025,-0.006443381693077902,0.007862477180770225,-0.007872477180770224,-0.005598007338094485,0.0055880073380944854,0.005954363383673986,-0.005964363383673985
240,EIF2B3,0.002366391534849556,-0.002376391534849556,0.012856009973623045,-0.012866009973623044,0.006870234546138401,-0.006880234546138401,0.0019372342411675125,-0.0019472342411675126
241,EIF2B4,0.009083513083142272,-0.009093513083142272,-0.001574286019000004,0.001564286019000004,-0.00871045203309874,0.00870045203309874,-0.015015436966106827,0.015005436966106827
242,EIF4A2,0.003510769488617012,-0.003520769488617012,0.009608642387925928,-0.009618642387925928,0.00982496047042615,-0.00983496047042615,0.0020878314156781014,-0.0020978314156781014
243,ELF1,0.0033838265837304315,-0.0033938265837304316,0.012739287388240497,-0.012749287388240497,0.002609816386059352,-0.002619816386059352,0.010134495239252944,-0.010144495239252944
244,ELMO1,0.007583362864354917,-0.007593362864354917,-0.009677939034256094,0.009667939034256095,-0.016913681513999537,0.016903681513999538,0.004155819840411967,-0.004165819840411967
245,ELOVL4,0.0036606388200911485,-0.0036706388200911486,-0.004746099525060027,0.004736099525060027,-0.004920512656559184,0.004910512656559184,-0.005333095486208458,0.005323095486208459
246,EML6,0.007862191928536717,-0.007872191928536717,-0.0038282205765027277,0.0038182205765027277,-0.0006611325968613191,0.0006511325968613191,0.007302782298598681,-0.007312782298598681
247,ENOX1,0.007122267558494044,-0.007132267558494044,0.0077486032549468065,-0.007758603254946806,-0.0017369042603232465,0.0017269042603232465,0.00673349644497459,-0.00674349644497459
248,EP400,0.004920191185374109,-0.004930191185374109,0.009353474041248727,-0.009363474041248727,0.00417685139353359,-0.0041868513935335895,0.002926714886626519,-0.002936714886626519
249,EPHA1,-0.00039067023390504385,0.0003806702339050438,0.005065951342431985,-0.005075951342431984,0.006248352465749452,-0.006258352465749451,-0.008325913132665452,0.008315913132665453
250,EPHA4,0.006586437398314576,-0.006596437398314576,0.00720050781052145,-0.00721050781052145,0.005610084596318593,-0.005620084596318593,0.0036936798143897137,-0.0037036798143897137
251,EPHB6,0.00973455421252259,-0.009744554212522589,-0.0002451477360664589,0.0002351477360664589,-0.01664876794670901,0.016638767946709012,0.002271527308983723,-0.002281527308983723
252,EPS15L1,0.0021913031095150276,-0.0022013031095150276,0.006617267431940674,-0.006627267431940673,0.00261995991631081,-0.00262995991631081,0.005501845781280892,-0.005511845781280892
253,ERCC3,0.006310220782120048,-0.006320220782120047,0.015041610942610986,-0.015051610942610986,-0.01923127640218357,0.01922127640218357,-0.015581813641390968,0.015571813641390968
254,ERF,0.009767679535839006,-0.009777679535839006,0.009846588117594507,-0.009856588117594507,-0.014025396996767456,0.014015396996767456,-0.007731523835399906,0.0077215238353999065
255,ERGIC2,0.005165677400968585,-0.005175677400968585,0.008336755749973626,-0.008346755749973626,0.006319357216988411,-0.006329357216988411,0.004403982459556713,-0.0044139824595567125
256,ERN1,0.005423215400811629,-0.005433215400811629,0.007738437460706238,-0.007748437460706237,-0.03425936864978836,0.03424936864978836,-0.008458833958027948,0.008448833958027948
257,ERO1L,0.005516251690235556,-0.005526251690235556,0.008577599137147784,-0.008587599137147784,-0.009771157393182489,0.00976115739318249,0.004020132251968983,-0.004030132251968983
258,EXO1,0.01062131901972603,-0.01063131901972603,-0.006407455031426132,0.006397455031426132,-0.026923421679532003,0.026913421679532003,,
259,EXOC4,0.00348095400693077,-0.00349095400693077,0.010674029223176437,-0.010684029223176437,0.008132753783210475,-0.008142753783210475,0.008409665187836465,-0.008419665187836465
260,EXOC6,0.005990266654311398,-0.006000266654311397,0.011507064183277974,-0.011517064183277973,0.010711603929115063,-0.010721603929115062,0.004423902146081848,-0.004433902146081848
261,EXOC6B,0.005461306278501672,-0.005471306278501672,0.00959705474846674,-0.00960705474846674,0.0064324741606976155,-0.006442474160697615,0.0057443344197304486,-0.005754334419730448
262,EXOSC10,0.005697637425130769,-0.005707637425130769,0.006998785667819557,-0.007008785667819557,-0.029769280917962472,0.029759280917962472,0.0054238016969059,-0.0054338016969058996
263,EXT1,0.0029741012773643466,-0.0029841012773643466,0.008501279843850726,-0.008511279843850725,0.007836394314828826,-0.007846394314828826,0.011475899021155977,-0.011485899021155977
264,F3,-0.0011577437770186813,0.0011477437770186813,0.0009872162579682292,-0.0009972162579682292,-0.016134268749974034,0.016124268749974035,0.00038836720143074765,-0.0003983672014307477
265,FAM120A,0.0030417210966422054,-0.0030517210966422054,0.0100778386133831,-0.0100878386133831,0.008263023774928338,-0.008273023774928338,0.008003346365237293,-0.008013346365237293
266,FAM126B,0.005446980521723717,-0.0054569805217237165,0.00489064560805505,-0.004900645608055049,-0.008707814876814171,0.008697814876814172,-0.0007527038154349908,0.0007427038154349907
267,FAM133B,0.0041421629508589936,-0.004152162950858993,0.005185582591376317,-0.005195582591376317,-0.006483020594699074,0.006473020594699074,-0.005614515534668685,0.005604515534668685
268,FAM13B,0.0016127950021999488,-0.0016227950021999488,0.008378610954207999,-0.008388610954207999,0.008495092441581795,-0.008505092441581794,0.01061059067242845,-0.010620590672428449
269,FAM172A,0.004022627720532496,-0.004032627720532495,0.00869463323320889,-0.00870463323320889,0.010943318219206147,-0.010953318219206146,0.006810395484990947,-0.006820395484990947
270,FAM193B,0.004722575684532798,-0.004732575684532798,0.007416700187268269,-0.007426700187268268,-0.0059769095971125286,0.005966909597112529,0.0045806526166311395,-0.004590652616631139
271,FAM219A,0.0025706061068122427,-0.0025806061068122427,0.004675262035224073,-0.004685262035224073,-0.005329891552821361,0.005319891552821362,0.0006593777225428754,-0.0006693777225428754
272,FAM98B,0.0019695923013115027,-0.0019795923013115027,-0.008430296102751506,0.008420296102751506,0.007676324243132068,-0.007686324243132068,0.005571096253530042,-0.005581096253530041
273,FANCD2,0.0055158378577842004,-0.0055258378577842,,,-0.0008523080459883481,0.0008423080459883481,-0.022073663510499872,0.022063663510499872
274,FANCL,0.004537352699710312,-0.0045473526997103116,-0.025644599484463397,0.025634599484463397,0.0025192900830284665,-0.0025292900830284665,-0.02711240566075259,0.02710240566075259
275,FAP,-0.002841830511827924,0.002831830511827924,0.009414886055900684,-0.009424886055900684,,,,
276,FARP2,0.010652036071920626,-0.010662036071920625,0.008331334100396007,-0.008341334100396006,-0.004794737975116911,0.0047847379751169115,0.0026128760967504827,-0.0026228760967504827
277,FAT2,0.0011361329414806554,-0.0011461329414806554,0.01044295525198509,-0.010452955251985089,-0.010744492306246856,0.010734492306246856,0.006335251125306099,-0.0063452511253060985
278,FBRSL1,0.008104358400799296,-0.008114358400799295,-0.00044824773363473513,0.0004382477336347351,0.0003582546433685968,-0.00036825464336859683,0.0031411147258009475,-0.0031511147258009476
279,FBXL17,0.0031037364670582213,-0.0031137364670582213,0.00809580969426242,-0.00810580969426242,0.00801336597038324,-0.00802336597038324,0.007529358448501042,-0.007539358448501041
280,FBXO28,0.004667361882044051,-0.00467736188204405,-0.003848406036063401,0.003838406036063401,-0.005761570271443889,0.005751570271443889,-0.0011289721840151978,0.0011189721840151978
281,FBXO3,0.003257081563721731,-0.003267081563721731,-0.001182262534989667,0.001172262534989667,-0.013130161153602243,0.013120161153602244,-0.0010520478489047247,0.0010420478489047247
282,FBXO34,0.0016405552386541122,-0.0016505552386541123,0.0035689110219658676,-0.0035789110219658677,-0.01626673161139293,0.01625673161139293,-0.005001307306941219,0.004991307306941219
283,FEM1C,0.004828947125111366,-0.004838947125111365,0.005896429190682118,-0.005906429190682117,0.009509614243035508,-0.009519614243035508,-0.009555036786320706,0.009545036786320706
284,FGFR1,0.0030682765470195147,-0.0030782765470195148,0.0021537451991106987,-0.0021637451991106988,0.006018929741853252,-0.006028929741853251,-0.01277796730275245,0.01276796730275245
285,FGFR2,0.0028364604989312564,-0.0028464604989312564,0.008078311787859074,-0.008088311787859074,0.011741310329133198,-0.011751310329133197,0.0088535769225635,-0.0088635769225635
286,FGFR3,-0.0007872539102033727,0.0007772539102033726,0.012916698062697324,-0.012926698062697323,-0.0041783674681564326,0.004168367468156433,-0.01042420938938611,0.01041420938938611
287,FHOD3,0.005782753570520591,-0.00579275357052059,0.01200654804533198,-0.01201654804533198,0.012026380810418416,-0.012036380810418416,0.008656215363115477,-0.008666215363115477
288,FMR1,0.00518488730051303,-0.00519488730051303,0.012282578234878591,-0.01229257823487859,0.008650467500508463,-0.008660467500508463,0.004647125404794131,-0.00465712540479413
289,FN1,0.008238160255779031,-0.00824816025577903,,,0.0009310111535865417,-0.0009410111535865418,-0.001023937274060957,0.001013937274060957
290,FNBP1,0.004485539079817177,-0.004495539079817177,0.009053996816580007,-0.009063996816580006,0.0066374607063041935,-0.006647460706304193,0.004586179063055848,-0.004596179063055848
291,FNBP1L,0.0015538668228092106,-0.0015638668228092107,0.008930086421866615,-0.008940086421866614,0.00024276638988059152,-0.00025276638988059154,0.005470791170998926,-0.005480791170998926
292,FNBP4,0.004006987426326977,-0.004016987426326977,0.009144675602726887,-0.009154675602726887,0.004415045766695838,-0.004425045766695838,0.00790961510192395,-0.00791961510192395
293,FNDC3B,0.00340098973319395,-0.00341098973319395,0.009952921885100594,-0.009962921885100593,-0.003615716472545716,0.003605716472545716,0.009260493328602126,-0.009270493328602126
294,FOSB,0.0022514479517037056,-0.0022614479517037056,0.008633982428637707,-0.008643982428637707,0.0051233547078062686,-0.005133354707806268,0.007992174911043426,-0.008002174911043426
295,FRMD4B,0.0052059148069581035,-0.005215914806958103,0.013229384177761191,-0.013239384177761191,0.011507465530168806,-0.011517465530168806,0.007067876639735932,-0.007077876639735931
296,FRS2,0.0033850227577780292,-0.0033950227577780293,0.010465492783864883,-0.010475492783864882,0.007466973969772667,-0.007476973969772666,0.0031033528350672968,-0.0031133528350672968
297,FST,0.0014681238950476488,-0.0014781238950476489,-0.009240871807990478,0.009230871807990478,-0.00953557880218664,0.00952557880218664,-0.01645770419959624,0.01644770419959624
298,FSTL1,0.0009203901688323302,-0.0009303901688323302,0.00749784860015143,-0.0075078486001514295,0.0039016570089857733,-0.003911657008985773,0.008095795096857497,-0.008105795096857497
299,FTSJ3,0.00453076099447286,-0.0045407609944728596,-0.001087690165785929,0.001077690165785929,0.007922846242116671,-0.00793284624211667,-0.007002930586563899,0.0069929305865638995
300,FXR2,0.01046908805614074,-0.010479088056140739,0.005680094688042134,-0.005690094688042133,-0.012960687569650103,0.012950687569650104,-0.001377207594566096,0.001367207594566096
301,GALNT14,0.0025167964292603998,-0.0025267964292604,-0.007621136480682508,0.007611136480682509,0.0011396407683010312,-0.0011496407683010313,-0.00578374266407182,0.00577374266407182
302,GALNT3,0.004785458579677701,-0.004795458579677701,-0.0073076483191264335,0.007297648319126434,-0.007840483001786344,0.007830483001786345,-0.013217210961251752,0.013207210961251752
303,GAS2L3,0.004295773806784378,-0.004305773806784378,-0.043976086604859965,0.04396608660485996,-0.004686793329706854,0.004676793329706854,-0.006214259816057319,0.006204259816057319
304,GATA3,0.007572531908558375,-0.007582531908558374,-0.001863367271208921,0.001853367271208921,0.006751697185702649,-0.006761697185702648,0.009494805160227424,-0.009504805160227423
305,GATAD2A,0.004100736724134246,-0.004110736724134246,0.007756640784455621,-0.00776664078445562,0.004053645232691763,-0.004063645232691763,0.00298163392807628,-0.00299163392807628
306,GCFC2,0.008675696257327732,-0.008685696257327732,0.011544337022842868,-0.011554337022842868,-0.009020250791284046,0.009010250791284046,-0.003820335547022935,0.003810335547022935
307,GCLC,0.007756584048325396,-0.007766584048325396,0.004037025749775658,-0.0040470257497756575,-0.00016685917643836923,0.00015685917643836923,0.004523051852030641,-0.00453305185203064
308,GGT1,-0.00027956425095283094,0.0002695642509528309,-0.01639558461472148,0.01638558461472148,0.003948012193853281,-0.003958012193853281,-0.007323164612416694,0.007313164612416694
309,GHITM,0.012929914800904718,-0.012939914800904718,0.0008389360096437287,-0.0008489360096437287,0.0014001172035053994,-0.0014101172035053994,-0.006263641412821236,0.006253641412821236
310,GK5,0.00302002765057148,-0.00303002765057148,-0.006428354667886646,0.006418354667886646,-0.007097148241162213,0.007087148241162213,-0.011945119380938632,0.011935119380938632
311,GLCCI1,0.003190104660109043,-0.003200104660109043,0.007705819806373901,-0.0077158198063739004,0.0018224130512619202,-0.0018324130512619202,-0.0024614548992344665,0.0024514548992344664
312,GLI3,0.0026009673499766822,-0.0026109673499766822,0.007555237332967563,-0.007565237332967562,0.007017730996505267,-0.007027730996505267,0.00691173414308946,-0.006921734143089459
313,GNA12,0.004263147560991075,-0.0042731475609910745,-0.00029189761885667354,0.0002818976188566735,-0.0028804257431342684,0.0028704257431342683,0.0016219291280790277,-0.0016319291280790277
314,GNL3,0.006193563047002623,-0.006203563047002623,0.00650798300686356,-0.00651798300686356,0.009530084932175067,-0.009540084932175067,0.004395359400203552,-0.004405359400203552
315,GOLGA4,0.003077861460536041,-0.003087861460536041,0.010390887945443864,-0.010400887945443863,0.010667376988232821,-0.01067737698823282,0.007303111072722357,-0.0073131110727223565
316,GOLGB1,0.0038890710971254683,-0.0038990710971254683,0.008855981972878471,-0.00886598197287847,0.006389979413448987,-0.006399979413448987,0.014047420719824219,-0.014057420719824219
317,GOLIM4,0.003018292578076079,-0.003028292578076079,0.009524566177908617,-0.009534566177908616,0.0021811174705937547,-0.0021911174705937547,0.008125613453499755,-0.008135613453499755
318,GOLPH3,0.0010364707278311541,-0.0010464707278311542,0.0035749546801462223,-0.0035849546801462223,-0.006983576044530551,0.0069735760445305515,0.0010480366870912333,-0.0010580366870912333
319,GPATCH1,0.0023327254948983522,-0.0023427254948983523,0.0018617516666476347,-0.0018717516666476347,-0.021305749825698078,0.02129574982569808,-0.0050530057254983135,0.005043005725498314
320,GPATCH2,0.0053770441226058535,-0.005387044122605853,0.00858066258585842,-0.00859066258585842,0.004856330142019957,-0.004866330142019957,0.00045485617900055397,-0.000464856179000554
321,GPATCH8,0.0010771668163285786,-0.0010871668163285786,0.010137059969558507,-0.010147059969558506,0.003755303437925517,-0.003765303437925517,0.008943780617889766,-0.008953780617889765
322,GPNMB,0.0038196430236189308,-0.003829643023618931,0.011563267164823435,-0.011573267164823434,,,0.007308782812805545,-0.0073187828128055445
323,GPR107,0.00644250167933183,-0.00645250167933183,0.006492197349351983,-0.006502197349351983,-0.0025081364563321606,0.0024981364563321606,0.007284050425910932,-0.007294050425910931
324,GPR180,0.007940089280485611,-0.007950089280485611,-0.00018950311681287246,0.00017950311681287246,,,-0.004672210175472813,0.004662210175472813
325,GRB2,-0.000271343428164067,0.00026134342816406695,0.010088515077688126,-0.010098515077688126,0.0006541484267306441,-0.0006641484267306441,-0.00015349916638263128,0.00014349916638263128
326,GRHL1,0.005662722466970124,-0.005672722466970124,0.008713520765030694,-0.008723520765030694,-0.0004355402520620777,0.00042554025206207767,0.006070693804604649,-0.006080693804604648
327,GRHL2,-0.000988702947016848,0.0009787029470168479,0.009884743816274355,-0.009894743816274355,-0.006399585678040665,0.006389585678040665,0.0036950150064277987,-0.0037050150064277987
328,GRIPAP1,0.0013230885700170614,-0.0013330885700170614,0.0132447979841578,-0.013254797984157799,-0.0032392444437632367,0.0032292444437632367,0.008870870693766186,-0.008880870693766186
329,GSE1,0.003775880691927483,-0.003785880691927483,0.0049791158131777535,-0.004989115813177753,0.0010065387336202353,-0.0010165387336202353,0.007452599069005195,-0.007462599069005194
330,GTF3C1,0.005442645728885281,-0.005452645728885281,0.009817723441935808,-0.009827723441935807,0.001295472025681088,-0.0013054720256810881,0.006494287206013846,-0.006504287206013846
331,GTF3C2,0.0036063889445418426,-0.0036163889445418426,0.00741452633561164,-0.00742452633561164,0.001274726099026624,-0.001284726099026624,-0.004356431275474637,0.0043464312754746375
332,GTF3C3,0.0004242715872700767,-0.0004342715872700767,0.0001432175949005049,-0.0001532175949005049,-0.03540256230822269,0.035392562308222686,-0.002243713441125547,0.002233713441125547
333,HACE1,0.00614983166771188,-0.00615983166771188,0.01039680228973322,-0.01040680228973322,0.005278808689199124,-0.005288808689199124,0.010302154182312381,-0.010312154182312381
334,HADH,0.007613236600306279,-0.007623236600306279,0.006424409140775328,-0.0064344091407753275,-0.004968064978118525,0.004958064978118525,-0.0030663545091156874,0.0030563545091156874
335,HAS2,0.003763382672304999,-0.003773382672304999,-0.011164960497090655,0.011154960497090655,-0.01995870785056722,0.01994870785056722,,
336,HBS1L,0.007860795473919789,-0.007870795473919789,0.00955922173549377,-0.00956922173549377,-0.0068422436394829644,0.006832243639482965,0.006964937830737206,-0.006974937830737205
337,HDAC4,0.004055583892873332,-0.004065583892873332,0.010142855569260867,-0.010152855569260866,0.013435076135970156,-0.013445076135970156,0.007387602723440426,-0.007397602723440425
338,HEATR5B,0.0012310711978340827,-0.0012410711978340827,0.005787250604308278,-0.005797250604308277,0.000477764094880595,-0.00048776409488059504,0.008329217540891401,-0.0083392175408914
339,HEG1,0.005240522387454746,-0.005250522387454746,-0.0031275284379788243,0.0031175284379788243,-0.014565725333569507,0.014555725333569507,-0.03192151551483167,0.031911515514831665
340,HELB,0.011288089688686796,-0.011298089688686796,0.0014366818921090346,-0.0014466818921090347,0.003721121733614427,-0.003731121733614427,-0.004126866857714059,0.00411686685771406
341,HELLS,0.0072807251804690234,-0.007290725180469023,0.004797039621090307,-0.004807039621090307,-0.030985218137839644,0.030975218137839645,0.0036103458854239157,-0.0036203458854239157
342,HELQ,7.946195231658265e-05,-8.946195231658265e-05,-0.020113043014925072,0.020103043014925073,-0.03598905371949894,0.03597905371949894,,
343,HEPHL1,-0.002726030965358249,0.002716030965358249,0.008856804955295533,-0.008866804955295533,0.005180775420708009,-0.005190775420708008,-0.007226650850872596,0.007216650850872596
344,HERC2,0.0035359829276672416,-0.0035459829276672417,0.008533108273811207,-0.008543108273811207,0.006619623999042451,-0.006629623999042451,0.0075347921780822835,-0.007544792178082283
345,HEXB,0.0032086356209017203,-0.0032186356209017203,0.008438800514433936,-0.008448800514433936,0.006492559227627162,-0.006502559227627162,0.0012287656672028135,-0.0012387656672028136
346,HIP1R,0.006196904820508005,-0.0062069048205080045,0.005230062308627451,-0.00524006230862745,0.009073037099223774,-0.009083037099223774,0.007398498868120287,-0.007408498868120287
347,HIVEP1,0.005924791365414961,-0.0059347913654149605,0.0037984718176531374,-0.0038084718176531374,-0.001090692420271322,0.001080692420271322,-0.00048338369469626274,0.0004733836946962627
348,HIVEP3,0.007781648845079828,-0.007791648845079827,0.006074149985339922,-0.006084149985339921,0.0028471342429543522,-0.0028571342429543523,0.01092935132170808,-0.01093935132170808
349,HLCS,0.0022308246125194164,-0.0022408246125194165,0.011620206813817577,-0.011630206813817576,0.0016646447702287764,-0.0016746447702287765,-0.0005818474436619925,0.0005718474436619925
350,HMBOX1,0.004339167112592447,-0.004349167112592447,0.008392583020011724,-0.008402583020011723,0.008055584854518946,-0.008065584854518946,0.011322309397716154,-0.011332309397716154
351,HMGXB3,0.003706289048450981,-0.003716289048450981,0.005719962414091423,-0.0057299624140914225,0.00462765570791468,-0.004637655707914679,0.0026431601953241096,-0.0026531601953241096
352,HNRNPLL,0.009515176617083745,-0.009525176617083745,0.002011056719693774,-0.002021056719693774,0.004823448194524266,-0.004833448194524265,0.003545861493017499,-0.0035558614930174992
353,HOXB3,0.005701593661347253,-0.005711593661347252,0.0017474179536192125,-0.0017574179536192125,-0.019427483870846043,0.019417483870846044,-0.0032946610430672207,0.0032846610430672207
354,HOXB6,0.009379944612045131,-0.00938994461204513,0.00224680440858141,-0.00225680440858141,-0.011883901375997527,0.011873901375997527,-0.0010343373447986165,0.0010243373447986165
355,HOXC13,0.005027875792057768,-0.005037875792057767,0.007276738936792371,-0.00728673893679237,-0.02542703632128126,0.02541703632128126,-1.937526529115219e-05,9.375265291152188e-06
356,HS3ST3B1,0.006582133090922905,-0.006592133090922905,0.014427549570914772,-0.014437549570914771,-0.025237677803439273,0.025227677803439274,-0.01649279344973771,0.01648279344973771
357,HSF1,0.0007681775083180908,-0.0007781775083180909,0.007938824901698643,-0.007948824901698643,-0.03233845451030779,0.03232845451030779,-0.00034175057578490764,0.0003317505757849076
358,HSPBAP1,0.008551135249675476,-0.008561135249675476,0.004762446346428598,-0.004772446346428597,0.0015644954048859155,-0.0015744954048859156,0.002092675032516006,-0.002102675032516006
359,HTRA1,-0.0009921710619872001,0.0009821710619872,0.006716068895453939,-0.006726068895453938,-0.017679082604670424,0.017669082604670424,0.0021363390039084162,-0.0021463390039084163
360,HUNK,0.0037390510866910226,-0.0037490510866910226,0.0075104635044346,-0.0075204635044346,0.009104457014696393,-0.009114457014696393,6.764120261001927e-05,-7.764120261001927e-05
361,ID3,0.00616732325655725,-0.00617732325655725,-0.0029390789931442035,0.0029290789931442035,-0.01060004205038824,0.01059004205038824,-0.013516241623622562,0.013506241623622562
362,IDH3A,0.0018126466718206766,-0.0018226466718206766,0.008378838483619241,-0.008388838483619241,-0.01094836587431966,0.01093836587431966,-0.01035043368988331,0.01034043368988331
363,IFFO2,0.0068818465979212096,-0.006891846597921209,0.0005373842694199604,-0.0005473842694199605,0.0031855520309507918,-0.003195552030950792,0.008180153298564016,-0.008190153298564016
364,IFT172,0.002775710309998597,-0.002785710309998597,-0.00023714251720120816,0.00022714251720120816,-0.018157890126974073,0.018147890126974073,0.003941518508122244,-0.003951518508122243
365,IFT80,0.011412237263086565,-0.011422237263086565,0.0023399002684828113,-0.0023499002684828113,-0.03207265143798477,0.032062651437984764,-0.003801225351994744,0.003791225351994744
366,IFT88,0.0007261330742284952,-0.0007361330742284952,0.007209871813302793,-0.007219871813302792,-0.01113250980003197,0.01112250980003197,-0.0038491196204592515,0.0038391196204592515
367,IGFBP5,0.006511839643889135,-0.0065218396438891345,-0.010070964553965694,0.010060964553965695,-0.024797780032198402,0.024787780032198403,0.007923155826342856,-0.007933155826342856
368,IGSF9,0.012107444064439997,-0.012117444064439997,-0.02406691255301132,0.02405691255301132,-0.02173227423880212,0.02172227423880212,-0.0068605687919078145,0.006850568791907815
369,IMMP2L,0.005225638238006494,-0.005235638238006494,0.011372940966552308,-0.011382940966552308,0.013171078631967745,-0.013181078631967744,0.009475301947079046,-0.009485301947079045
370,INCENP,0.006937999071092049,-0.006947999071092049,-0.004996016214495899,0.0049860162144959,-0.013629158580029714,0.013619158580029714,-0.013618575998871979,0.01360857599887198
371,INPP5F,0.0048736557161446065,-0.004883655716144606,0.0035900311396176304,-0.0036000311396176305,-0.026393895336265842,0.026383895336265843,0.002394970117993264,-0.0024049701179932642
372,INTS2,0.0005611037158368415,-0.0005711037158368415,0.009004974839813107,-0.009014974839813106,-0.001506339033370649,0.0014963390333706489,0.002512213880335956,-0.002522213880335956
373,IPMK,0.006384392048020902,-0.006394392048020902,0.00116872736246397,-0.00117872736246397,-0.01785920681414096,0.01784920681414096,0.006008673219664543,-0.006018673219664542
374,IPO7,0.005932606005007557,-0.0059426060050075565,0.006520629983466558,-0.006530629983466558,0.00566959200675414,-0.00567959200675414,0.003174828193652335,-0.003184828193652335
375,IPO9,0.006532938743991204,-0.006542938743991204,-0.007322961553522217,0.007312961553522217,0.010191843626191036,-0.010201843626191035,0.005268423407272627,-0.005278423407272626
376,IRX2,0.007333601972273875,-0.007343601972273874,0.003601682017306776,-0.003611682017306776,-0.004677071230045973,0.004667071230045974,0.0027321009071639285,-0.0027421009071639285
377,IRX4,0.008911218545986636,-0.008921218545986636,-0.01424280517104274,0.01423280517104274,,,-0.032985734743344375,0.03297573474334437
378,ISM1,0.009707389837762037,-0.009717389837762037,0.0006639615867528315,-0.0006739615867528315,-0.003392055725590176,0.003382055725590176,-0.012216571729135886,0.012206571729135886
379,ISY1,-0.0016126720697749453,0.0016026720697749452,0.0005148881754945406,-0.0005248881754945406,-0.023800336540098263,0.023790336540098263,0.010981387931969955,-0.010991387931969954
380,ITGA3,0.00734327945600232,-0.00735327945600232,0.007987104525921232,-0.007997104525921232,-0.007069555807323241,0.007059555807323242,0.0130336827118029,-0.013043682711802899
381,ITGA6,0.003675761772153771,-0.003685761772153771,0.009675605552483271,-0.00968560555248327,-0.000234028462647487,0.000224028462647487,0.009067028398543314,-0.009077028398543314
382,ITGAV,0.007911494006602869,-0.007921494006602869,0.013133432714139817,-0.013143432714139817,-0.0016192425627787055,0.0016092425627787055,0.008364394099928438,-0.008374394099928437
383,ITGB5,0.004548623605092131,-0.00455862360509213,0.008489555472345978,-0.008499555472345977,0.010528270464755615,-0.010538270464755615,-0.0006726129559637833,0.0006626129559637833
384,ITPR1,0.00482385784728169,-0.00483385784728169,-0.027438428896746678,0.027428428896746678,-0.04450428372924883,0.044494283729248824,-0.014169508299880923,0.014159508299880923
385,ITPR2,0.0068179718033098274,-0.006827971803309827,0.007986992788909977,-0.007996992788909977,0.008534089361305466,-0.008544089361305466,0.011095770573043146,-0.011105770573043145
386,ITSN1,-0.0003306732305892249,0.00032067323058922485,0.002891313706470111,-0.002901313706470111,-0.002950625660186154,0.002940625660186154,-0.0018509552427659337,0.0018409552427659337
387,JAG1,0.0034382507114905647,-0.0034482507114905647,0.004619545598313346,-0.004629545598313346,0.005941589639613873,-0.0059515896396138725,0.005223444865532029,-0.005233444865532028
388,JAG2,0.00850992291125037,-0.00851992291125037,0.006059017293262359,-0.006069017293262358,-0.015226105230539494,0.015216105230539494,0.003192347326443662,-0.003202347326443662
389,JUNB,0.0030954392743730436,-0.0031054392743730436,0.008427364690069022,-0.008437364690069022,0.005882804277982212,-0.005892804277982212,0.000928072642362221,-0.000938072642362221
390,KANSL1L,0.004037666056029565,-0.004047666056029565,-0.005595121169940306,0.005585121169940307,0.005242978060959955,-0.005252978060959954,-0.003647969663548606,0.003637969663548606
391,KAT7,0.00552141888905712,-0.005531418889057119,0.007912563773760997,-0.007922563773760997,-0.012506703073891387,0.012496703073891387,0.01332921296690183,-0.013339212966901829
392,KATNBL1,0.004050275966564071,-0.0040602759665640704,0.008204314927908685,-0.008214314927908684,0.007284250640883755,-0.0072942506408837544,0.004799541607317451,-0.00480954160731745
393,KCTD3,0.007846471639194066,-0.007856471639194066,0.00796896692766244,-0.00797896692766244,0.0059339337109905604,-0.00594393371099056,0.0023011160940319686,-0.0023111160940319686
394,KDM2B,0.0033086143704600807,-0.0033186143704600807,0.003845362869447519,-0.003855362869447519,-0.01758921057470053,0.01757921057470053,0.0007285374150630963,-0.0007385374150630964
395,KDM3A,0.00641032988232626,-0.00642032988232626,0.004766658817534866,-0.004776658817534866,0.008901671540542,-0.008911671540542,0.008552808557080502,-0.008562808557080501
396,KDM5A,0.005155817814520472,-0.0051658178145204715,0.009710242257489218,-0.009720242257489218,0.011999777576811435,-0.012009777576811435,0.013855069290852465,-0.013865069290852464
397,KDM6A,0.004474112059774507,-0.004484112059774507,0.010036432678061327,-0.010046432678061327,0.0009642166348806519,-0.0009742166348806519,0.0038628299779851633,-0.0038728299779851633
398,KDSR,0.0036498104440245427,-0.0036598104440245427,0.002260438138784557,-0.002270438138784557,-0.005864842607529772,0.005854842607529772,-0.010159249264530407,0.010149249264530407
399,KIF11,0.003900373278403549,-0.0039103732784035485,0.0028858180802034394,-0.0028958180802034395,-0.0075353602511158,0.0075253602511158,0.0016405237021889507,-0.0016505237021889507
400,KIF15,0.005616215589233017,-0.005626215589233017,-0.013420588786867277,0.013410588786867277,0.0002945127981022755,-0.0003045127981022755,-0.0046416967514950475,0.004631696751495048
401,KIT,0.002981121456104796,-0.002991121456104796,0.00020654997162984634,-0.00021654997162984634,-0.023523122837523815,0.023513122837523815,-0.020867579610898537,0.020857579610898538
402,KITL,0.008113874338455465,-0.008123874338455465,0.007924906720724961,-0.00793490672072496,-0.026657590829193695,0.026647590829193695,0.007488714950974029,-0.007498714950974029
403,KLC1,-0.000529745014459633,0.000519745014459633,0.0075075813075417275,-0.007517581307541727,-0.0033902980662537247,0.0033802980662537246,0.005031205747355147,-0.0050412057473551465
404,KLF6,0.002051433759788071,-0.002061433759788071,0.010999754806367015,-0.011009754806367015,0.008736019366277728,-0.008746019366277728,0.00048361354958761926,-0.0004936135495876193
405,KLHL24,0.0034348240504551222,-0.0034448240504551223,0.003849548670826139,-0.003859548670826139,-0.054352716309322036,0.05434271630932203,-0.01062592724243168,0.01061592724243168
406,KLHL29,0.005897389641360329,-0.005907389641360328,0.007557876147437165,-0.007567876147437164,-0.004683011513596083,0.0046730115135960835,0.004801977835350094,-0.004811977835350093
407,KLHL7,-0.00021549650988771096,0.00020549650988771096,0.010039864511019111,-0.010049864511019111,-0.006778066886345996,0.006768066886345996,-8.126752737702692e-05,7.126752737702692e-05
408,KREMEN1,0.0025161609087890197,-0.0025261609087890197,0.010227514022907377,-0.010237514022907377,0.008403190741092192,-0.008413190741092192,0.007838748463220413,-0.007848748463220413
409,KRT10,0.0035145883864475397,-0.0035245883864475397,0.011324995346050429,-0.011334995346050428,0.0064170424030100814,-0.006427042403010081,0.004464791586153344,-0.004474791586153343
410,KRT14,0.007887340506778778,-0.007897340506778778,0.009229003253000481,-0.00923900325300048,0.006601876289200642,-0.006611876289200642,0.0023334966256020884,-0.0023434966256020884
411,KRT17,0.003319369865855848,-0.003329369865855848,0.009562825932843452,-0.009572825932843452,0.003350284215117308,-0.003360284215117308,0.011011824435453621,-0.01102182443545362
412,KRT25,0.007106434614551391,-0.00711643461455139,0.007271316944371997,-0.007281316944371997,0.010756294092496899,-0.010766294092496898,0.008783403278599541,-0.008793403278599541
413,KRT27,0.00416199465141906,-0.004171994651419059,-0.036700924714465316,0.03669092471446531,0.012722148546509632,-0.012732148546509631,0.006372235604460749,-0.006382235604460749
414,KRT28,0.005663134099157308,-0.005673134099157307,0.005767013617221442,-0.005777013617221442,0.013676276886579089,-0.013686276886579089,0.009941565879045725,-0.009951565879045724
415,KRT31,0.009007436948188431,-0.00901743694818843,0.005998070021633939,-0.0060080700216339385,-0.018308745068823414,0.018298745068823414,-0.017375427419629025,0.017365427419629025
416,KRT35,0.011531307701006195,-0.011541307701006195,0.004573030762722377,-0.004583030762722377,-0.03243322465862512,0.03242322465862512,-0.016953485703224684,0.016943485703224685
417,KRT71,0.004690385066375216,-0.004700385066375216,0.007496177825139866,-0.0075061778251398655,0.0018066917988469322,-0.0018166917988469322,0.010197654591458882,-0.010207654591458882
418,KRT72,0.0013357347390327151,-0.0013457347390327151,,,-0.03379174135661234,0.033781741356612334,,
419,KRT73,0.013668334595929088,-0.013678334595929088,-0.003783070301827493,0.003773070301827493,0.012940600402185226,-0.012950600402185226,0.009128977631587182,-0.009138977631587181
420,KRT75,0.012507486981455283,-0.012517486981455283,-0.010115795801254858,0.010105795801254858,-0.009958142596482603,0.009948142596482603,0.00614529998440258,-0.00615529998440258
421,L1CAM,0.003411893186277243,-0.003421893186277243,0.004973643860556279,-0.004983643860556278,0.0033462855283093867,-0.0033562855283093868,0.009141334562038347,-0.009151334562038347
422,LAMA3,0.006895881342036392,-0.006905881342036391,0.007149721639495413,-0.007159721639495412,0.010130216707458811,-0.01014021670745881,0.006498088649259368,-0.006508088649259367
423,LAMA5,0.0029131962772165065,-0.0029231962772165066,0.004840061959198866,-0.004850061959198865,-0.019978379667115694,0.019968379667115694,0.010645771461444048,-0.010655771461444048
424,LAMB1,0.005878811339098955,-0.0058888113390989545,0.017348095539561847,-0.017358095539561847,-0.005826007111663742,0.005816007111663742,0.009887010568209717,-0.009897010568209717
425,LAMC2,0.002447485191874474,-0.002457485191874474,0.0028474263882066475,-0.0028574263882066475,0.013000186491234161,-0.013010186491234161,-0.003568528758937012,0.003558528758937012
426,LARS2,0.0009171759601940971,-0.0009271759601940971,0.000506935001603051,-0.0005169350016030511,0.002216300124413484,-0.002226300124413484,0.000752292791638895,-0.000762292791638895
427,LCORL,0.0057394848374447,-0.0057494848374446995,0.007245065666886874,-0.007255065666886874,0.00909982067368198,-0.00910982067368198,0.006985027243210054,-0.006995027243210054
428,LEF1,0.004535093496727954,-0.004545093496727954,0.005703940820326908,-0.005713940820326908,0.004943050671604346,-0.0049530506716043456,0.007849901214154825,-0.007859901214154825
429,LENG8,0.004519332690097959,-0.0045293326900979584,0.007463340044487843,-0.007473340044487842,0.0035025983651263692,-0.0035125983651263693,-0.003962970763283238,0.003952970763283239
430,LEO1,0.005519692045769076,-0.005529692045769075,-0.006916314751665764,0.0069063147516657646,-0.007718408723516368,0.007708408723516368,-0.017969026002755323,0.017959026002755323
431,LGALS3,0.0035042870569943485,-0.0035142870569943485,0.005744612581420339,-0.005754612581420338,-0.007935857679451971,0.007925857679451972,0.007666153194734182,-0.007676153194734182
432,LIG1,0.0035088461671577142,-0.0035188461671577143,0.0013822028974078276,-0.0013922028974078277,-0.038998947699262376,0.03898894769926237,-0.02140053490763448,0.02139053490763448
433,LIMS1,0.006845373020230111,-0.006855373020230111,0.009417618054420956,-0.009427618054420956,0.005531404557562958,-0.005541404557562957,0.005859676597984573,-0.005869676597984572
434,LMO7,0.0032230226609943208,-0.003233022660994321,0.010781183231521302,-0.010791183231521301,0.0073191870886017,-0.0073291870886017,0.010370961970076809,-0.010380961970076808
435,LONRF3,0.008351868135722584,-0.008361868135722584,-0.006565870608833471,0.006555870608833472,,,-0.04391758332937326,0.04390758332937326
436,LPIN2,0.0023512469881600065,-0.0023612469881600065,-0.0006670978753402085,0.0006570978753402085,-0.0037246465412576757,0.0037146465412576757,0.005367088883288851,-0.00537708888328885
437,LRP1,0.003479375069574124,-0.003489375069574124,0.0102447762648252,-0.0102547762648252,0.0024963177111632096,-0.0025063177111632096,0.010848635123852549,-0.010858635123852548
438,LRP4,0.007077827026489132,-0.007087827026489132,0.00591768741211568,-0.005927687412115679,0.0014552881470120543,-0.0014652881470120544,1.7060797081761003e-05,-2.7060797081761002e-05
439,LRP5,0.0030457173542036073,-0.0030557173542036073,0.007268816134050046,-0.007278816134050046,0.006609316130114201,-0.006619316130114201,0.006851808882577998,-0.006861808882577997
440,LRP8,0.00022274738352162649,-0.00023274738352162648,-0.01158034677730689,0.011570346777306891,-0.01040684115647006,0.01039684115647006,-0.011414423481565156,0.011404423481565156
441,LRRC1,0.007886951241086668,-0.007896951241086667,0.00698906449054168,-0.0069990644905416795,-0.001975262336002259,0.001965262336002259,0.0015955282048811525,-0.0016055282048811526
442,LRRFIP1,0.007885663468492371,-0.00789566346849237,0.012263767795034797,-0.012273767795034796,0.007469644275301321,-0.0074796442753013205,-0.006022185544148309,0.0060121855441483095
443,LRRFIP2,0.002487856539534372,-0.002497856539534372,0.016960437979890775,-0.016970437979890774,-0.0014143067957724659,0.0014043067957724658,0.007531505325334462,-0.007541505325334461
444,LTBP1,0.004325729387798419,-0.004335729387798418,0.008532013221265705,-0.008542013221265705,0.0016143045136830583,-0.0016243045136830584,-0.0004948444092266052,0.0004848444092266052
445,LTBP3,0.010286672399099667,-0.010296672399099666,0.007591775515819271,-0.007601775515819271,-0.001177948257401043,0.001167948257401043,0.004457843554568783,-0.004467843554568782
446,LYPD6,0.009992412214462149,-0.010002412214462148,0.010352547942927143,-0.010362547942927142,,,0.006648451199428307,-0.0066584511994283065
447,MACF1,0.003040342794936826,-0.003050342794936826,0.006596890096574104,-0.0066068900965741036,0.00964322506852279,-0.00965322506852279,0.006133246888974833,-0.006143246888974833
448,MACROD2,0.00041471154096257845,-0.0004247115409625785,0.005210833977979251,-0.005220833977979251,-0.0026393995388248603,0.0026293995388248603,0.003953032514581095,-0.003963032514581095
449,MAD1L1,0.0028469232328598854,-0.0028569232328598854,0.006374545477293797,-0.006384545477293797,0.0066075761413123685,-0.006617576141312368,0.009634535577985076,-0.009644535577985076
450,MAF,-0.00013608644480061355,0.00012608644480061355,-0.007216690416495017,0.007206690416495017,0.007013994281586972,-0.007023994281586971,0.006067228528284743,-0.006077228528284743
451,MAGI1,0.005221483369023075,-0.0052314833690230746,0.00837207562943744,-0.008382075629437439,0.010316962256862308,-0.010326962256862308,0.008698200373775306,-0.008708200373775305
452,MAGI3,0.003676624928082288,-0.003686624928082288,0.007876434686217904,-0.007886434686217903,-0.014411461944205436,0.014401461944205437,0.0035193837075897932,-0.0035293837075897933
453,MAK16,0.0002046671340925621,-0.0002146671340925621,0.006365254752749724,-0.006375254752749724,-0.01231442833186655,0.01230442833186655,-0.0033481068258998242,0.003338106825899824
454,MAML3,0.00530395151631359,-0.00531395151631359,0.006487847869320995,-0.006497847869320995,0.005288116919929739,-0.005298116919929739,0.001561694492962326,-0.0015716944929623261
455,MAN1A,0.005156336804451676,-0.005166336804451676,0.006982245263455561,-0.0069922452634555605,-0.009080139856987107,0.009070139856987108,0.00035831610204462017,-0.0003683161020446202
456,MAN1B1,0.0043947265842530225,-0.004404726584253022,-0.000943102815988972,0.000933102815988972,-0.03338849879625059,0.033378498796250586,-0.013328061355572032,0.013318061355572033
457,MAP1B,-8.713794692408183e-05,7.713794692408183e-05,0.004663494848468716,-0.004673494848468716,,,0.013908314797003204,-0.013918314797003204
458,MAP2K5,0.004471403791822044,-0.004481403791822044,0.01196996493447404,-0.011979964934474039,0.00998929765147466,-0.00999929765147466,0.005321147946360266,-0.005331147946360266
459,MAP3K5,0.0024836730244391925,-0.0024936730244391925,0.00720327310757625,-0.007213273107576249,0.008646613525673072,-0.008656613525673072,0.0050948612403159815,-0.005104861240315981
460,MAP3K9,0.009963987027334614,-0.009973987027334614,-0.002002566025235325,0.001992566025235325,-0.0007697098330412822,0.0007597098330412821,-0.003155384605097955,0.003145384605097955
461,MAP7,0.0035927128626207783,-0.0036027128626207783,0.007498750678388913,-0.0075087506783889126,0.006050568131822212,-0.006060568131822212,0.009574990654078186,-0.009584990654078186
462,MAPK8IP3,0.007085981627777578,-0.007095981627777578,0.00907867144263634,-0.00908867144263634,0.009116808438381363,-0.009126808438381363,0.01075742656269478,-0.01076742656269478
463,MARK4,0.0066711870361084585,-0.006681187036108458,0.009432912326077528,-0.009442912326077527,0.007232372999414552,-0.0072423729994145515,0.010963808227824404,-0.010973808227824403
464,MARVELD2,0.004657867146271984,-0.004667867146271983,0.003238801421235657,-0.003248801421235657,-0.021519153842834524,0.021509153842834524,-0.005546707176092527,0.005536707176092528
465,MB21D2,0.010168714302202272,-0.010178714302202272,0.004216281750611811,-0.004226281750611811,0.011757365916093873,-0.011767365916093873,0.0025263384423513946,-0.0025363384423513946
466,MBD2,0.0038368276030112114,-0.0038468276030112114,0.007453042620357453,-0.0074630426203574525,0.008912148765446867,-0.008922148765446867,0.008212188674330004,-0.008222188674330003
467,MBIP,0.00834327343850591,-0.00835327343850591,-0.0021425353119856744,0.0021325353119856743,-0.008684540086285164,0.008674540086285164,-0.0023777378837517432,0.002367737883751743
468,MCM3,0.008540665027473499,-0.008550665027473498,-0.01726482156910822,0.01725482156910822,-0.005742848791284311,0.005732848791284311,0.001403926601239197,-0.0014139266012391971
469,MCM4,0.0063098215924449474,-0.006319821592444947,-0.0009033174638648778,0.0008933174638648777,-0.018645422266079993,0.018635422266079994,-0.016123855926325703,0.016113855926325703
470,MCM9,0.0039387960171168995,-0.003948796017116899,0.0010611850650146665,-0.0010711850650146665,-0.014345256043424959,0.01433525604342496,-0.009577429623317896,0.009567429623317896
471,MDFIC,-0.0009406954970822487,0.0009306954970822487,0.006932715982602269,-0.006942715982602269,-0.013276336694166453,0.013266336694166454,-0.0001331349306529922,0.0001231349306529922
472,MEAF6,0.0015946682370507545,-0.0016046682370507545,-0.004285640339041774,0.0042756403390417745,-0.01668181865764686,0.016671818657646862,-0.0028843187215556176,0.0028743187215556176
473,MECP2,0.010467302491691949,-0.010477302491691948,0.006797314560061246,-0.006807314560061246,-0.006988543879373005,0.006978543879373005,-0.008167507949860514,0.008157507949860515
474,MED12,0.001659704683019951,-0.001669704683019951,0.004092638975590271,-0.0041026389755902705,-0.021185979128706248,0.021175979128706248,0.008412630511654487,-0.008422630511654487
475,MED15,0.0040554598822812316,-0.004065459882281231,0.0060877047607374585,-0.006097704760737458,0.004600207297563816,-0.0046102072975638154,0.0030459697158045224,-0.0030559697158045224
476,MEF2D,0.010237653416661524,-0.010247653416661524,0.0029615194919900556,-0.0029715194919900556,-0.006732051395631669,0.0067220513956316695,0.0016448419936310327,-0.0016548419936310327
477,METTL25,0.009177296189067756,-0.009187296189067756,-0.007804616702077993,0.007794616702077994,-0.003077917746583253,0.003067917746583253,-0.009024223998319827,0.009014223998319828
478,METTL5,-0.001864917641064591,0.001854917641064591,-0.0010466075635723465,0.0010366075635723465,-0.03361890202325309,0.03360890202325309,-0.016270987082854578,0.01626098708285458
479,MFSD2A,0.006738716399280725,-0.006748716399280725,0.0016357984608663806,-0.0016457984608663806,-0.012288166775515905,0.012278166775515905,-0.005295025497708897,0.005285025497708897
480,MGAT5,0.002701432796528541,-0.002711432796528541,0.008290215935727721,-0.00830021593572772,0.0056063536327438795,-0.005616353632743879,0.00801937440209445,-0.00802937440209445
481,MGRN1,0.007486039137208328,-0.0074960391372083275,0.00248937211315281,-0.00249937211315281,-0.0012817059530251529,0.0012717059530251529,0.0029954735228899243,-0.0030054735228899243
482,MIA3,0.00445908346892554,-0.0044690834689255395,0.007650985409408839,-0.007660985409408839,0.002561671624448064,-0.002571671624448064,-0.0007544589313864258,0.0007444589313864258
483,MIB1,0.005852842717841325,-0.005862842717841325,0.007983559186190717,-0.007993559186190716,0.007615244901595222,-0.007625244901595222,0.007897544572635973,-0.007907544572635972
484,MICAL2,0.005576311902587006,-0.005586311902587005,0.007396192124397197,-0.007406192124397196,0.008840995161883011,-0.00885099516188301,0.005957660024145897,-0.005967660024145897
485,MICAL3,0.006087624443528408,-0.006097624443528408,0.00830533513450496,-0.00831533513450496,-0.002872196779506203,0.002862196779506203,0.004880117747432036,-0.004890117747432036
486,MID2,-0.002884479076713041,0.002874479076713041,0.010701588319774413,-0.010711588319774413,0.006442169317581042,-0.006452169317581042,-0.0027227961215072344,0.0027127961215072344
487,MIER3,0.002208896822830611,-0.002218896822830611,0.004483605217316819,-0.0044936052173168185,-0.009048361539938002,0.009038361539938002,0.009036781631185722,-0.009046781631185722
488,MINK1,0.008252557932959495,-0.008262557932959495,0.00689368034470865,-0.006903680344708649,-0.019208919106933356,0.019198919106933356,0.0016565759272270247,-0.0016665759272270248
489,MIOS,0.009864619895162234,-0.009874619895162234,0.012961009686901573,-0.012971009686901572,-0.004550913530231862,0.0045409135302318625,-0.0008158553988123068,0.0008058553988123068
490,MKI67,0.003451648522934142,-0.003461648522934142,0.009318488897624502,-0.009328488897624502,0.010475570635748624,-0.010485570635748623,0.002026156948387134,-0.002036156948387134
491,MKNK2,0.00774888330793249,-0.00775888330793249,-0.0007394900426004603,0.0007294900426004602,-0.015380310883507914,0.015370310883507914,-0.006099455570908907,0.0060894555709089075
492,MLEC,0.0046811059495458565,-0.004691105949545856,-0.00022602404296521994,0.00021602404296521994,-0.008745109756111119,0.00873510975611112,-0.005251691690854987,0.0052416916908549875
493,MMS22L,0.0040978915327558735,-0.004107891532755873,0.007689541948460998,-0.007699541948460998,-0.009549184283803108,0.009539184283803109,-9.5401735308559e-05,8.5401735308559e-05
494,MPDZ,0.008338558461830611,-0.008348558461830611,-0.015075936859062208,0.015065936859062209,-0.011729749380549909,0.011719749380549909,0.004501437652258938,-0.004511437652258938
495,MPHOSPH8,0.004179451106871235,-0.004189451106871234,-0.004069327780414661,0.0040593277804146614,-0.011506398557934672,0.011496398557934672,0.0018431254908309047,-0.0018531254908309047
496,MPRIP,0.004160513869927052,-0.004170513869927051,0.009674130645755147,-0.009684130645755146,0.00856137807480438,-0.008571378074804379,0.005886331006933629,-0.0058963310069336285
497,MRPL1,0.009478391145267412,-0.009488391145267411,0.0004283167861359183,-0.0004383167861359183,-0.004288449180124193,0.0042784491801241935,-0.0009192010767541392,0.0009092010767541392
498,MRPS27,0.005928905779446908,-0.005938905779446908,0.007859946541060328,-0.007869946541060328,-0.008126618894389412,0.008116618894389412,0.0017992364268885619,-0.001809236426888562
499,MSL1,0.010453655998174313,-0.010463655998174313,0.0048246363260873865,-0.004834636326087386,-0.010632344827382803,0.010622344827382803,-0.007992203697169437,0.007982203697169437
500,MT1,0.005874235844330888,-0.005884235844330888,0.010138678000823104,-0.010148678000823103,-0.006944822076934587,0.006934822076934587,-0.002553951283215672,0.002543951283215672
501,MT2,0.00542440820816556,-0.005434408208165559,0.006246991439603347,-0.006256991439603347,-0.016627796802684225,0.016617796802684225,-0.015409661955899295,0.015399661955899296
502,MTBP,0.0064539168606991895,-0.006463916860699189,0.006575581603610076,-0.006585581603610075,-0.0004715658096150904,0.0004615658096150904,-0.0018020452933975722,0.0017920452933975722
503,MTF2,0.006684292593890612,-0.006694292593890611,0.011273881658210708,-0.011283881658210707,0.003363581705574492,-0.003373581705574492,0.010406384808582345,-0.010416384808582344
504,MTM1,0.003352242281630627,-0.003362242281630627,0.0005508252248650758,-0.0005608252248650758,-0.00046510038565827916,0.00045510038565827913,0.010110992876329994,-0.010120992876329993
505,MTMR2,0.006820239901629999,-0.006830239901629998,0.008778056325353403,-0.008788056325353403,-0.004546881655739951,0.0045368816557399515,0.00665366733900892,-0.00666366733900892
506,MTSS1,0.008799755209512553,-0.008809755209512552,0.006531537013999167,-0.0065415370139991665,0.006116311654230169,-0.006126311654230169,0.0023642764280713546,-0.0023742764280713547
507,MYB,0.006115254341708093,-0.0061252543417080925,-0.0016676583878076356,0.0016576583878076356,-0.02420286849687992,0.024192868496879922,0.004736250592623725,-0.004746250592623725
508,MYH10,0.003560255650685566,-0.0035702556506855662,0.006991699481779801,-0.0070016994817798,-0.009709860144306415,0.009699860144306415,-0.001445594409884246,0.001435594409884246
509,MYH14,0.01069225669554038,-0.010702256695540379,0.004987890191619229,-0.004997890191619229,0.0031945672874813674,-0.0032045672874813674,0.0034236199973795706,-0.0034336199973795706
510,MYO10,0.007106385850048816,-0.0071163858500488154,0.007114835536406489,-0.007124835536406488,0.007014756337686959,-0.007024756337686958,0.0007406315436800787,-0.0007506315436800787
511,MYO18A,0.007131434558909473,-0.007141434558909473,0.01016431778140836,-0.01017431778140836,0.004875255126395486,-0.004885255126395486,0.015896185122236672,-0.015906185122236672
512,MYO9A,0.0051751640766158485,-0.005185164076615848,0.009208133835026444,-0.009218133835026444,0.012058972234275725,-0.012068972234275725,0.0016510659910556474,-0.0016610659910556475
513,NAA25,0.003386862407235375,-0.003396862407235375,0.008575074515364711,-0.00858507451536471,0.008866759521416995,-0.008876759521416994,-0.005319001849181146,0.005309001849181146
514,NAPG,0.011392578161893409,-0.011402578161893408,0.014820779351869262,-0.014830779351869262,-0.009564490363528313,0.009554490363528314,-0.004444511030979023,0.0044345110309790235
515,NARS2,0.00045693698108466296,-0.000466936981084663,0.007272614986522152,-0.007282614986522152,-0.0008967931901458781,0.0008867931901458781,-0.002884105458951111,0.002874105458951111
516,NAV2,0.006367724709032255,-0.006377724709032254,0.007657672127709597,-0.007667672127709597,0.005940799826919904,-0.005950799826919904,-0.0006150188467155676,0.0006050188467155676
517,NBEA,0.0024315013806176927,-0.0024415013806176927,0.0035664431506970407,-0.0035764431506970407,-0.0038972659345384575,0.0038872659345384575,-0.0008912571673590775,0.0008812571673590774
518,NCAPH2,0.0019356999458892063,-0.0019456999458892063,0.001171709172218191,-0.001181709172218191,-0.007168054002376259,0.007158054002376259,0.0022824972576647867,-0.0022924972576647868
519,NCBP1,0.0027508993999217357,-0.0027608993999217357,-0.00011242923074693267,0.00010242923074693267,-0.021804186381993954,0.021794186381993954,0.01572008724963836,-0.01573008724963836
520,NCK2,0.004975828351515388,-0.004985828351515387,0.0024998981844675805,-0.0025098981844675805,-0.005241611886824232,0.005231611886824233,0.006297483003779428,-0.006307483003779427
521,NDFIP2,0.003983606257528333,-0.003993606257528332,0.009096110943122307,-0.009106110943122307,-0.0029330011756454055,0.0029230011756454055,0.0027534852660954373,-0.0027634852660954373
522,NDUFS4,0.004427128326255553,-0.004437128326255552,0.007629456029262474,-0.007639456029262474,0.008584109784802882,-0.008594109784802881,0.002816671334286952,-0.002826671334286952
523,NEDD9,0.00713993705049857,-0.007149937050498569,-0.005386881891210213,0.005376881891210213,-0.024531895886876147,0.024521895886876147,0.010699204322829156,-0.010709204322829156
524,NEMF,0.005297492841796675,-0.0053074928417966745,0.008928973061672493,-0.008938973061672493,0.008804304611028504,-0.008814304611028504,0.007531713246451688,-0.007541713246451687
525,NFE2L3,-0.0002081750695651849,0.0001981750695651849,0.005585392389759802,-0.005595392389759802,-0.02680157286857133,0.02679157286857133,-0.010702605116041285,0.010692605116041285
526,NFIL3,0.007828245990931744,-0.007838245990931744,0.008620386634414445,-0.008630386634414445,-0.011129452352321989,0.01111945235232199,-0.007429002992847572,0.0074190029928475724
527,NFKBIA,0.005544393151744667,-0.005554393151744667,0.010189486250567217,-0.010199486250567217,0.0071820868755956835,-0.007192086875595683,-0.006419010148226989,0.006409010148226989
528,NFKBIZ,0.004848807189767962,-0.0048588071897679615,0.002108732681099998,-0.002118732681099998,0.003564551045998607,-0.003574551045998607,0.006645588039279518,-0.006655588039279518
529,NFX1,0.00565855821286107,-0.00566855821286107,0.010280854370280756,-0.010290854370280756,0.011702703626124161,-0.01171270362612416,0.011343704671445687,-0.011353704671445686
530,NHSL1,0.0027805330454998833,-0.0027905330454998834,0.00864296924985257,-0.008652969249852569,0.013149762729790224,-0.013159762729790223,0.008143033548570613,-0.008153033548570613
531,NIPAL2,-0.0003483880374720097,0.00033838803747200967,0.01055923879497199,-0.01056923879497199,0.00503291260600143,-0.00504291260600143,0.008383105067112387,-0.008393105067112386
532,NISCH,0.004447447191923096,-0.004457447191923095,0.01043894136698438,-0.01044894136698438,0.005620411033526548,-0.005630411033526548,0.010427039447963762,-0.010437039447963762
533,NMT2,0.0030733590888218296,-0.0030833590888218296,0.0053884096887689276,-0.005398409688768927,-0.011392913646535274,0.011382913646535275,0.002281211392888491,-0.002291211392888491
534,NOC2L,0.007654484648566273,-0.007664484648566273,0.0050466021972930125,-0.005056602197293012,0.004969972309443377,-0.004979972309443376,-0.0015647692781765449,0.0015547692781765448
535,NOL10,0.0038436054660794944,-0.0038536054660794944,0.007262184692572185,-0.007272184692572185,0.0043636682077256295,-0.004373668207725629,0.01475790749993415,-0.01476790749993415
536,NOL8,-0.0005712427736809592,0.0005612427736809591,0.012178063737918021,-0.01218806373791802,-0.006076259765743927,0.0060662597657439275,-0.004678559394652365,0.0046685593946523656
537,NOP56,0.005580630889761892,-0.005590630889761892,0.008318386129336497,-0.008328386129336496,0.002963507634245535,-0.0029735076342455352,0.004948171537947008,-0.004958171537947007
538,NOP58,0.0009633806185903454,-0.0009733806185903454,0.009705067315585347,-0.009715067315585347,0.007325921916007477,-0.007335921916007477,0.005446237604160187,-0.005456237604160186
539,NOTCH1,0.0060038188440990625,-0.006013818844099062,0.005616604151598301,-0.0056266041515983,0.005582958598136206,-0.005592958598136206,0.010716510689060571,-0.01072651068906057
540,NOTCH3,0.01132338094163779,-0.011333380941637789,0.007870370408063779,-0.007880370408063778,-0.0028376168251298545,0.0028276168251298544,0.008698359947537912,-0.008708359947537912
541,NR2C2,0.005078791323191376,-0.005088791323191375,0.009426794943354633,-0.009436794943354632,0.0067607418619800574,-0.006770741861980057,0.008590158974480844,-0.008600158974480843
542,NR4A1,0.005995887685373097,-0.0060058876853730965,0.004867603016546637,-0.004877603016546637,0.0011555776429598014,-0.0011655776429598014,0.0026641209260738763,-0.0026741209260738763
543,NRP2,0.004454352144971072,-0.004464352144971071,0.007201021719329917,-0.0072110217193299166,0.01318691283758755,-0.01319691283758755,0.006377501951634695,-0.006387501951634695
544,NSMAF,0.008383589588891668,-0.008393589588891668,0.012287804003612748,-0.012297804003612748,0.009908159375000933,-0.009918159375000932,0.0007555674363185078,-0.0007655674363185078
545,NSMCE2,0.003775713581378848,-0.003785713581378848,0.011481503154336783,-0.011491503154336783,0.00993434852856978,-0.00994434852856978,0.007066708258076912,-0.0070767082580769115
546,NTN1,0.010455790809272947,-0.010465790809272946,,,-0.03673327295962371,0.03672327295962371,-0.003461308986358075,0.003451308986358075
547,NUAK1,0.011018572426048881,-0.01102857242604888,-0.008440126462712666,0.008430126462712666,-0.01872063352397698,0.01871063352397698,-0.0073622647409082725,0.007352264740908273
548,NUDC,0.01244113562824288,-0.01245113562824288,-0.0025825213719809503,0.0025725213719809503,-0.035127501130062945,0.03511750113006294,-0.020468805389886963,0.020458805389886963
549,NUP153,0.004948970883245474,-0.004958970883245473,0.008055812048651842,-0.008065812048651842,-0.0003233895413763399,0.0003133895413763399,0.005314926749055676,-0.005324926749055676
550,NUP205,0.005778011332984251,-0.0057880113329842504,0.008236571762776715,-0.008246571762776714,0.004847879632225896,-0.004857879632225896,0.00440751126198502,-0.0044175112619850194
551,NUP50,0.009992000630045232,-0.010002000630045232,-0.004956183012204143,0.004946183012204144,0.0018009710622856057,-0.0018109710622856057,-0.0015220636566310453,0.0015120636566310452
552,NUP54,0.00408339447242697,-0.004093394472426969,0.0033750165400569937,-0.0033850165400569937,-0.003964143181392515,0.003954143181392516,-0.00878644379790234,0.00877644379790234
553,NUS1,0.011899997132840262,-0.011909997132840262,0.0066359677719065036,-0.006645967771906503,-0.021498888428014465,0.021488888428014465,0.009863130744459978,-0.009873130744459977
554,OCIAD1,0.005054013774966837,-0.005064013774966836,0.009156145881812988,-0.009166145881812988,-0.00029037202114728933,0.0002803720211472893,0.005032220156741513,-0.005042220156741512
555,OPTN,0.0027345018666801307,-0.0027445018666801308,0.013463642971760323,-0.013473642971760322,,,-0.006681449628486505,0.006671449628486505
556,ORC1,-0.0016441899736774207,0.0016341899736774207,-0.030750066809603613,0.030740066809603613,-0.04242668693667118,0.04241668693667118,,
557,OSBPL1A,0.0064355861855150895,-0.006445586185515089,0.007025875510002111,-0.0070358755100021105,-0.002666982658906039,0.002656982658906039,0.0020653105225848373,-0.0020753105225848373
558,OTUD4,0.002689900552953803,-0.002699900552953803,0.006201560219319738,-0.006211560219319737,-0.003729238377258165,0.003719238377258165,0.0010306262789973458,-0.0010406262789973459
559,OTUD7B,0.003037320183887221,-0.003047320183887221,0.00406503564856206,-0.004075035648562059,0.004542925203402867,-0.004552925203402867,0.011195811453232327,-0.011205811453232326
560,OVOL1,0.007587500154600205,-0.007597500154600204,0.00944147584292987,-0.009451475842929869,-0.010230037658555957,0.010220037658555958,-0.003422424277467792,0.003412424277467792
561,PACS1,0.008840366770192981,-0.00885036677019298,0.007138530657729111,-0.007148530657729111,0.009304632396947288,-0.009314632396947287,0.0009168903696057107,-0.0009268903696057107
562,PADI1,,,,,,,4.493510193856465e-05,-5.493510193856465e-05
563,PADI3,0.002239402300730109,-0.002249402300730109,0.007855654382520158,-0.007865654382520158,-0.00274560057223934,0.00273560057223934,0.005052980692820827,-0.005062980692820827
564,PADI4,0.007822021984202517,-0.007832021984202516,0.009064465976031666,-0.009074465976031666,-0.013225126335609141,0.013215126335609142,0.010385109833472295,-0.010395109833472294
565,PAIP1,0.008985681520561159,-0.008995681520561159,0.0032393960998621657,-0.0032493960998621657,-0.0006667768878213243,0.0006567768878213242,0.012524551998285352,-0.012534551998285352
566,PAIP2,0.000727725653488373,-0.0007377256534883731,0.0008303788252338323,-0.0008403788252338324,-0.001294490783558283,0.001284490783558283,0.0032855339070462786,-0.0032955339070462786
567,PAN3,0.006152844030149762,-0.006162844030149762,0.00882427810132927,-0.008834278101329269,0.007130262970016454,-0.007140262970016454,0.005903400498830008,-0.005913400498830008
568,PARP4,0.003968336864612475,-0.003978336864612474,0.002914587096858323,-0.002924587096858323,-0.0023864396280246086,0.0023764396280246086,0.007917658375254905,-0.007927658375254904
569,PCCA,0.0017099310071652801,-0.0017199310071652802,0.0055755765130080515,-0.005585576513008051,0.005631415477023546,-0.005641415477023546,0.0074606399208036744,-0.007470639920803674
570,PCDH7,0.003780545164919713,-0.003790545164919713,0.008901652913788721,-0.00891165291378872,0.006325936465442689,-0.006335936465442688,0.00655470407392196,-0.00656470407392196
571,PCLO,0.0034273651562865895,-0.0034373651562865895,0.004241454294484581,-0.004251454294484581,,,-0.009599990027481645,0.009589990027481645
572,PCNT,0.004560936911312076,-0.0045709369113120756,0.0026351238160362556,-0.0026451238160362556,-0.005545749824282936,0.005535749824282937,0.0033098034669196835,-0.0033198034669196835
573,PDCD4,0.004666925695555393,-0.004676925695555393,0.01314961277745326,-0.013159612777453259,0.009892652272854949,-0.009902652272854948,0.007489983711559747,-0.007499983711559747
574,PDLIM5,0.005000671005754409,-0.005010671005754409,0.006249306978986707,-0.006259306978986707,0.0003016617588438575,-0.0003116617588438575,0.0035659559002555186,-0.0035759559002555186
575,PDPR,0.005567923352301496,-0.0055779233523014955,0.008593438161029296,-0.008603438161029296,-0.008430162813549733,0.008420162813549733,-0.005522633985231631,0.005512633985231632
576,PDSS2,0.0016037069090745829,-0.0016137069090745829,0.009650998305140684,-0.009660998305140684,0.004002272450646757,-0.004012272450646757,0.005340667511865252,-0.0053506675118652515
577,PDZD8,0.0007574189475030996,-0.0007674189475030996,0.009104608568866732,-0.009114608568866731,-0.0009199115227242621,0.0009099115227242621,0.006929973817863047,-0.006939973817863047
578,PELP1,0.006805373250927477,-0.006815373250927476,-0.007146331054682348,0.007136331054682348,,,-0.00831509988795981,0.00830509988795981
579,PER1,0.0011647713673440183,-0.0011747713673440183,0.00852410686625664,-0.008534106866256639,0.0010952937118531708,-0.0011052937118531708,0.000726566438689541,-0.000736566438689541
580,PEX5,0.009273930958773324,-0.009283930958773324,-0.015401884573531033,0.015391884573531033,-0.013647761962291158,0.013637761962291158,0.005806009336776427,-0.005816009336776427
581,PEX7,0.010446417251802974,-0.010456417251802973,0.003484906042334826,-0.003494906042334826,0.004271420445644797,-0.004281420445644796,-0.002757790550108538,0.002747790550108538
582,PFDN2,0.003336535431185124,-0.003346535431185124,-0.003376252750553657,0.003366252750553657,-0.006027703673967197,0.006017703673967197,-0.006722759597451236,0.0067127595974512365
583,PGRMC2,0.0033854454246671217,-0.0033954454246671218,0.00037913454532613466,-0.0003891345453261347,-0.006147072367011355,0.006137072367011356,-0.01503554340989928,0.01502554340989928
584,PGS1,-0.0007681057743569517,0.0007581057743569516,0.0023809990172108525,-0.0023909990172108525,-0.010851637308339115,0.010841637308339116,0.00657174134022924,-0.006581741340229239
585,PHACTR4,0.005887737711474973,-0.005897737711474973,0.0070252808724302895,-0.007035280872430289,0.006095700030220558,-0.006105700030220557,0.0063588595584301855,-0.006368859558430185
586,PHC3,0.004556041122489307,-0.004566041122489307,0.0055123276884203876,-0.005522327688420387,0.00032759360362698275,-0.0003375936036269828,0.005968155990317081,-0.005978155990317081
587,PHF20L1,0.0028928548194065568,-0.0029028548194065568,0.01001762133660404,-0.01002762133660404,0.009543709605647752,-0.009553709605647751,0.003898761775133597,-0.003908761775133596
588,PHLDB2,0.005336721551147144,-0.005346721551147144,,,-0.0009673774639709087,0.0009573774639709087,0.0006585754909703284,-0.0006685754909703284
589,PHLDB3,0.01061292166160347,-0.01062292166160347,-0.0013615938195541133,0.0013515938195541133,-0.02096636818325412,0.02095636818325412,-0.014814804269257915,0.014804804269257916
590,PHRF1,0.005536372188985311,-0.005546372188985311,0.014460841881381956,-0.014470841881381955,-0.0007802678269353547,0.0007702678269353547,0.007642104697563434,-0.007652104697563434
591,PI4K2A,-0.0003320823214797222,0.0003220823214797222,0.0025305578255327144,-0.0025405578255327144,-0.005434476267212343,0.0054244762672123435,-0.0025636470696674407,0.0025536470696674407
592,PIGN,0.010485829716271981,-0.010495829716271981,0.0071894767867602405,-0.00719947678676024,-0.004192136224004064,0.004182136224004065,0.007844273380997968,-0.007854273380997968
593,PIKFYVE,0.00535835005770989,-0.00536835005770989,0.008246555882941098,-0.008256555882941097,-0.0019106977225948202,0.0019006977225948202,0.010203900543256733,-0.010213900543256733
594,PINX1,0.002220978745377869,-0.002230978745377869,0.009852298967627626,-0.009862298967627626,0.004314772850366785,-0.004324772850366785,0.004602655182073492,-0.004612655182073492
595,PIP5K1A,-7.03411655943384e-05,6.0341165594338396e-05,0.005063510040149891,-0.00507351004014989,0.007711436503774413,-0.007721436503774413,-0.006067195145301116,0.006057195145301116
596,PITPNB,0.00726602118282841,-0.007276021182828409,0.009506899567506666,-0.009516899567506665,0.00738638491920067,-0.007396384919200669,0.008674586678964966,-0.008684586678964965
597,PITPNC1,0.007548139986450542,-0.007558139986450541,0.004779015102147163,-0.004789015102147163,0.006969901022689448,-0.006979901022689448,0.01333986409645986,-0.01334986409645986
598,PITPNM2,0.002483664305412872,-0.002493664305412872,-0.008409571973561847,0.008399571973561847,-0.007398862857437738,0.007388862857437738,-0.0008893722531282955,0.0008793722531282955
599,PITRM1,0.008940979442894306,-0.008950979442894306,0.009334464454961125,-0.009344464454961125,-0.017035166272534832,0.017025166272534833,-0.011922531003185577,0.011912531003185577
600,PKN2,0.003969979320933986,-0.003979979320933986,0.005469980065420224,-0.005479980065420224,-0.0029241591004526,0.0029141591004526,0.001801842599410755,-0.0018118425994107551
601,PLA2G4F,0.0029135514215583094,-0.0029235514215583095,0.00988507649480963,-0.00989507649480963,-0.01734300295518084,0.01733300295518084,-0.002412432216291338,0.002402432216291338
602,PLBD1,0.000550123888781992,-0.0005601238887819921,0.0073327014875362445,-0.007342701487536244,0.007210038865840623,-0.007220038865840623,0.01355105889407665,-0.01356105889407665
603,PLCB1,0.007958315306881486,-0.007968315306881486,0.004651876981679598,-0.0046618769816795975,0.0035393275298219035,-0.0035493275298219035,0.0011733543495515697,-0.0011833543495515697
604,PLCE1,-0.004502470375693832,0.004492470375693832,0.004219499914967728,-0.004229499914967728,,,0.0002200694392860414,-0.0002300694392860414
605,PLCG1,0.00440024689514476,-0.00441024689514476,0.002385895945278327,-0.002395895945278327,0.0064347727912933556,-0.006444772791293355,0.006223193622317519,-0.006233193622317518
606,PLEKHA5,0.004523954300902661,-0.00453395430090266,0.007602693046165482,-0.007612693046165481,0.006354609208733028,-0.006364609208733028,0.0061782195802911055,-0.006188219580291105
607,PLEKHG1,0.005605041377028372,-0.0056150413770283715,0.011445867728343037,-0.011455867728343037,0.013090451207230375,-0.013100451207230374,0.005712717589771224,-0.005722717589771224
608,PLEKHH2,0.005588486274982707,-0.0055984862749827065,-0.0035242327996271167,0.0035142327996271166,0.0031356065486186635,-0.0031456065486186635,-0.008901469146019303,0.008891469146019303
609,PLET1,0.00607459877461803,-0.0060845987746180295,0.015018394716852498,-0.015028394716852498,-0.023431739008987422,0.023421739008987422,0.009801870704008661,-0.00981187070400866
610,PLK2,0.0032579842562710445,-0.0032679842562710446,0.007575698806825626,-0.0075856988068256255,0.0019736779217659484,-0.0019836779217659484,0.0026703311490200027,-0.0026803311490200027
611,PLXNA1,0.004982626556088374,-0.004992626556088373,0.007734452726598048,-0.007744452726598048,0.006023617064244036,-0.006033617064244035,0.006300040919498359,-0.006310040919498359
612,PLXNA2,0.0013883760513739435,-0.0013983760513739435,0.012811753934178813,-0.012821753934178812,0.00867626291700721,-0.00868626291700721,0.009760550041435792,-0.009770550041435792
613,PNISR,0.004427428894741736,-0.004437428894741736,0.009190177157356927,-0.009200177157356926,0.012220696936627612,-0.012230696936627612,0.010727256270884084,-0.010737256270884083
614,PNPT1,0.009262899379471827,-0.009272899379471827,0.0166399158311077,-0.0166499158311077,-0.0034100741591074485,0.0034000741591074485,0.005653958871838366,-0.005663958871838366
615,POC5,0.008542281194815912,-0.008552281194815912,-0.0051447733980083815,0.005134773398008382,-0.006490378331360527,0.006480378331360528,-0.003126666649697074,0.003116666649697074
616,POLA1,0.004387606266232302,-0.004397606266232302,0.008213264308361043,-0.008223264308361043,-0.0006807595116701537,0.0006707595116701537,0.007116443309376566,-0.007126443309376566
617,POLD3,0.010654987056328412,-0.010664987056328411,-0.01602894045865698,0.01601894045865698,-0.015269848516935108,0.015259848516935109,-0.012735512704161456,0.012725512704161456
618,POLDIP3,0.0019484539655397343,-0.0019584539655397343,0.004719611571605609,-0.004729611571605608,-0.004580915794367105,0.004570915794367105,0.005724926742010764,-0.005734926742010763
619,POLE,0.007746767299955153,-0.007756767299955152,-0.0076976664111744475,0.007687666411174448,-0.021463144596407552,0.021453144596407552,0.003506366415280862,-0.003516366415280862
620,POLQ,0.00825658742571038,-0.008266587425710379,-0.002119345960409802,0.002109345960409802,-0.008097352254168105,0.008087352254168106,-0.014681258337691967,0.014671258337691968
621,POLR2A,0.009039941397784496,-0.009049941397784495,0.009156712336783612,-0.009166712336783612,0.0021149906051239897,-0.0021249906051239898,-0.0007891007276220885,0.0007791007276220885
622,POM121,0.0003855333742816755,-0.0003955333742816755,0.006642594898892129,-0.006652594898892129,-0.045390968105696705,0.0453809681056967,0.012492336014261238,-0.012502336014261237
623,PPARGC1B,0.01033470477472815,-0.01034470477472815,4.8584193051773306e-05,-5.8584193051773305e-05,-0.01198192468809936,0.01197192468809936,-0.0005911523093735105,0.0005811523093735105
624,PPAT,0.007920449153179826,-0.007930449153179826,0.0012810285194645582,-0.0012910285194645582,-0.016684149952739043,0.016674149952739043,-0.01683987978255745,0.016829879782557452
625,PPFIA1,0.007526207556454348,-0.0075362075564543475,0.0056309405073528,-0.005640940507352799,0.007253778872920377,-0.007263778872920377,0.0028489303476069427,-0.0028589303476069428
626,PPFIBP1,0.006165112949561742,-0.006175112949561742,0.00820540595648038,-0.00821540595648038,0.004893757374712968,-0.004903757374712967,0.013329260803602722,-0.013339260803602721
627,PPFIBP2,0.0031962605378364414,-0.0032062605378364415,0.012717184771907919,-0.012727184771907919,-0.004721580175750487,0.004711580175750487,0.012276345823521717,-0.012286345823521717
628,PPIG,0.006681735602434624,-0.006691735602434624,0.006574283144813356,-0.0065842831448133556,-0.0006300099197309728,0.0006200099197309727,0.006647506449570129,-0.006657506449570128
629,PPL,0.0076835506550033544,-0.007693550655003354,0.008354701300744852,-0.008364701300744851,0.0072060627323515675,-0.007216062732351567,0.0014542710575906614,-0.0014642710575906615
630,PPM1A,0.0034252576970721857,-0.0034352576970721857,0.004264425946041317,-0.0042744259460413166,-0.0064501929335022135,0.006440192933502214,0.00870729491287879,-0.00871729491287879
631,PPP1R12A,0.002726459581056939,-0.0027364595810569392,0.00862926074446993,-0.00863926074446993,0.01062752332324135,-0.01063752332324135,0.006100922035909298,-0.006110922035909298
632,PPP1R12B,0.006177748140534463,-0.006187748140534462,0.0074036984010004,-0.007413698401000399,-0.0038794619791700374,0.0038694619791700374,0.0034806718165371203,-0.0034906718165371203
633,PPP1R14C,0.003075935358285757,-0.003085935358285757,0.007814616283209369,-0.007824616283209369,-0.004286606749128813,0.004276606749128813,-0.0013425942710260513,0.0013325942710260513
634,PPP1R21,0.001623084165672535,-0.001633084165672535,0.0025349785333261404,-0.0025449785333261405,-0.0054019744959313415,0.005391974495931342,0.0004584197337710316,-0.00046841973377103165
635,PPP2R1A,0.002734427510173644,-0.002744427510173644,0.007081899205692493,-0.007091899205692493,-0.008049303395920263,0.008039303395920263,-0.006593691086769327,0.006583691086769327
636,PPP2R3C,0.009219277274640253,-0.009229277274640253,-0.013070444420458328,0.013060444420458329,-0.018222321578209792,0.018212321578209793,-0.013865157960849264,0.013855157960849265
637,PPP6R2,0.006882135917574542,-0.006892135917574541,0.008042654502999194,-0.008052654502999194,-0.003058750358822776,0.003048750358822776,-0.002169500136208896,0.002159500136208896
638,PRDM1,0.011761078898094357,-0.011771078898094357,-0.003315932352888712,0.003305932352888712,-0.0251457554259943,0.0251357554259943,0.008447668831598143,-0.008457668831598143
639,PRDM10,0.006628554071997049,-0.006638554071997049,0.004649434458905852,-0.004659434458905851,0.009809242300160753,-0.009819242300160753,0.008271366251199966,-0.008281366251199965
640,PRDM2,0.005469588287639042,-0.005479588287639042,0.00875327047845166,-0.00876327047845166,0.0038531225012325837,-0.0038631225012325837,0.003510843574220171,-0.003520843574220171
641,PRIM2,0.007956068270150912,-0.007966068270150912,0.006152362091325997,-0.0061623620913259965,-0.0003495452884423461,0.0003395452884423461,0.0037621122185904354,-0.0037721122185904355
642,PRKCD,0.004276412111670555,-0.004286412111670555,0.008974977996974026,-0.008984977996974026,0.002261907230915003,-0.002271907230915003,-0.0017912408039914146,0.0017812408039914146
643,PRKCSH,0.00862109703645702,-0.008631097036457019,-0.002625504303103446,0.002615504303103446,-0.020809637194657088,0.02079963719465709,0.0024941094231036576,-0.0025041094231036576
644,PRKDC,0.0016159374397558823,-0.0016259374397558824,0.008235502960008287,-0.008245502960008286,0.0023432352878878238,-0.002353235287887824,0.007029711126682742,-0.007039711126682741
645,PRPF18,0.004001249577316651,-0.004011249577316651,0.005965331946770042,-0.005975331946770041,-0.0045210289802710135,0.004511028980271014,0.00797485714632161,-0.007984857146321609
646,PRPF3,0.0010065428442065025,-0.0010165428442065025,0.0016421084167765748,-0.0016521084167765748,-0.011244500397005114,0.011234500397005114,0.003296393179532356,-0.003306393179532356
647,PRPF39,0.004806834972810994,-0.004816834972810994,0.008924021409414326,-0.008934021409414326,0.009269244186812103,-0.009279244186812103,0.007913770830027617,-0.007923770830027616
648,PRR14L,0.006081770136555975,-0.006091770136555975,0.008530098335656211,-0.00854009833565621,0.0050957048487959705,-0.00510570484879597,0.001324677211220024,-0.001334677211220024
649,PRRC2B,0.005683439150880459,-0.005693439150880459,0.005964054115584538,-0.005974054115584538,0.012285107635383513,-0.012295107635383513,0.0066447080023033095,-0.006654708002303309
650,PSD3,0.0031292433618392845,-0.0031392433618392846,0.006608329957236286,-0.006618329957236286,0.012024798512841231,-0.01203479851284123,0.007751894473389323,-0.007761894473389323
651,PSMD3,-0.0015261531004291326,0.0015161531004291326,0.0011332926983999153,-0.0011432926983999153,-0.002586113238721127,0.002576113238721127,0.00036206556658233136,-0.0003720655665823314
652,PSRC1,0.01282277360439299,-0.01283277360439299,-0.005318084654838726,0.005308084654838726,-0.022403911645757453,0.022393911645757453,-0.019756911282537315,0.019746911282537315
653,PTCD3,0.0049687960749378104,-0.00497879607493781,0.007355265730053337,-0.0073652657300533365,-0.0013433281852486684,0.0013333281852486683,0.006237357598155968,-0.006247357598155968
654,PTCH1,0.005649089798440879,-0.0056590897984408785,0.012307872677543047,-0.012317872677543047,0.002310109074407471,-0.002320109074407471,0.0022870438749491157,-0.0022970438749491157
655,PTCH2,0.004519475666345155,-0.004529475666345154,0.011241817612941657,-0.011251817612941657,-0.005787646854414352,0.005777646854414353,0.013524611357945637,-0.013534611357945637
656,PTN,0.003465154935170897,-0.003475154935170897,0.009572760335519306,-0.009582760335519306,0.006802763557998484,-0.006812763557998484,0.011034949194982338,-0.011044949194982338
657,PTPN13,0.00358947441307067,-0.00359947441307067,0.007072851257860321,-0.007082851257860321,0.008130058359747283,-0.008140058359747283,0.007113874693978506,-0.007123874693978505
658,PTPN4,0.0037578240225104587,-0.0037678240225104587,0.01031022477935184,-0.01032022477935184,0.008223201734998353,-0.008233201734998353,0.0040222100265333155,-0.004032210026533315
659,PTPRA,0.006463971970660905,-0.006473971970660904,0.008446116773385817,-0.008456116773385817,0.0028388925504881923,-0.0028488925504881924,0.007570742176890466,-0.0075807421768904655
660,PTPRE,0.0023488068308240434,-0.0023588068308240434,0.01022132878913952,-0.010231328789139519,0.005278721982474088,-0.005288721982474088,0.009627380363995477,-0.009637380363995477
661,PTPRU,0.011417951645360996,-0.011427951645360996,-0.008058369150077807,0.008048369150077807,-0.030714504156709815,0.030704504156709816,-0.005428306041839026,0.0054183060418390265
662,PXN,0.009423995112395028,-0.009433995112395028,-0.009627761571246396,0.009617761571246396,-0.010289745140620213,0.010279745140620213,-0.004822657859277532,0.0048126578592775325
663,QK,0.003648118323793262,-0.003658118323793262,0.010365268979542847,-0.010375268979542846,0.013744499872160185,-0.013754499872160184,0.007870395242068354,-0.007880395242068353
664,R3HCC1L,0.007347045736949241,-0.007357045736949241,0.014282355702404756,-0.014292355702404756,-0.006568372818120435,0.006558372818120436,0.0036238575666423106,-0.0036338575666423106
665,R3HDM2,0.0012127476026170675,-0.0012227476026170675,0.012757306520910283,-0.012767306520910283,0.009073663281129574,-0.009083663281129573,0.009175610879671253,-0.009185610879671253
666,RAB28,-0.0002656868398816098,0.00025568683988160977,0.0024601718470710215,-0.0024701718470710216,0.0013207266993223582,-0.0013307266993223582,-0.001742867413028218,0.0017328674130282179
667,RABGEF1,0.0038503214416503798,-0.00386032144165038,0.007086977709683334,-0.007096977709683334,-0.008270040563623557,0.008260040563623557,0.004768042294294034,-0.004778042294294033
668,RABGGTB,0.006484338537914594,-0.006494338537914594,0.008771985009130553,-0.008781985009130553,-0.012623211417531102,0.012613211417531103,0.004995601221413626,-0.005005601221413625
669,RABL6,0.0047772615402873475,-0.004787261540287347,0.009785001686567887,-0.009795001686567887,0.006996219256013861,-0.0070062192560138604,0.007683467689441489,-0.007693467689441489
670,RAD54B,0.010845510329479793,-0.010855510329479793,0.006677929079106276,-0.006687929079106276,-0.024773829629907256,0.024763829629907256,-0.019884297805218477,0.019874297805218478
671,RAI14,0.005038309043742098,-0.005048309043742098,0.006837875941182112,-0.006847875941182111,0.003597394042816171,-0.003607394042816171,0.004985021795601188,-0.004995021795601188
672,RANBP1,0.004668445119236982,-0.004678445119236981,0.0040595594156912496,-0.004069559415691249,-0.006460706162775609,0.0064507061627756095,4.435534945741726e-05,-5.435534945741726e-05
673,RANBP9,0.005537667799264061,-0.00554766779926406,0.011085258766265801,-0.011095258766265801,0.008007700233036444,-0.008017700233036443,-0.0018075979467321451,0.001797597946732145
674,RASA2,0.0019904679294124594,-0.0020004679294124595,0.003467432884339608,-0.003477432884339608,0.00490909382164946,-0.00491909382164946,0.0003196981019774614,-0.00032969810197746143
675,RASSF1,0.00442778709938197,-0.00443778709938197,-0.003634129584632398,0.003624129584632398,-0.022679006675991258,0.022669006675991258,0.004363140575489782,-0.004373140575489782
676,RBBP5,0.001471433955723786,-0.001481433955723786,0.007564136261952223,-0.0075741362619522225,-0.010910583823400238,0.010900583823400239,0.0077307706922382785,-0.007740770692238278
677,RBBP8,0.0024474146488429327,-0.0024574146488429327,0.007511002096626432,-0.007521002096626431,-0.007276236067873684,0.007266236067873685,0.010156980311057814,-0.010166980311057814
678,RBL1,0.0050585327766457105,-0.00506853277664571,0.0060575844389169076,-0.006067584438916907,,,0.0020742699996227215,-0.0020842699996227215
679,RBM28,0.0026558798478774556,-0.0026658798478774557,0.006424615160550942,-0.006434615160550942,0.0037202371233815007,-0.0037302371233815007,0.007303284281685002,-0.0073132842816850015
680,RBMS3,0.003435713653967512,-0.003445713653967512,0.0037915300434503,-0.0038015300434503002,0.0068296930874780365,-0.006839693087478036,0.009241660350707503,-0.009251660350707503
681,RCL1,0.0075823561636919196,-0.007592356163691919,0.003332369206609162,-0.003342369206609162,0.00840538369358805,-0.00841538369358805,-0.011956177602367377,0.011946177602367377
682,RCN1,0.005919135364448706,-0.005929135364448706,0.0047328014585003575,-0.004742801458500357,-0.004465861426694515,0.004455861426694515,0.0046848206698797135,-0.004694820669879713
683,REEP5,0.011476778537897324,-0.011486778537897323,0.0026738281080656012,-0.0026838281080656013,-0.04234168093851464,0.04233168093851464,-0.00897245653247844,0.00896245653247844
684,RFC1,0.0026935757918223058,-0.002703575791822306,0.006880966875659894,-0.006890966875659894,0.014821616605901908,-0.014831616605901907,0.006148239463685035,-0.006158239463685034
685,RGMB,0.01065583497477364,-0.01066583497477364,-0.009202985299394742,0.009192985299394742,-0.014632980258501585,0.014622980258501585,-0.00022452949503803943,0.00021452949503803943
686,RIOK1,0.009316968813142049,-0.009326968813142048,0.004438711095857098,-0.004448711095857098,0.008792186777521915,-0.008802186777521915,-0.00012756038650652002,0.00011756038650652002
687,RIPK1,0.006639816908913215,-0.006649816908913215,0.0002617701189821797,-0.00027177011898217975,-0.005791579643244241,0.005781579643244241,0.0016751723495285475,-0.0016851723495285476
688,RND3,0.005144083888844561,-0.005154083888844561,0.01041145740222671,-0.010421457402226709,0.008779095650188529,-0.008789095650188528,0.004616154343718357,-0.004626154343718356
689,RNF10,0.009993118607110718,-0.010003118607110718,0.00806074828595027,-0.00807074828595027,0.009273068663376807,-0.009283068663376807,0.001395655066090698,-0.001405655066090698
690,RNF111,0.003414455563746907,-0.003424455563746907,0.009447804559097606,-0.009457804559097605,0.008463482828510366,-0.008473482828510365,0.0074943673409527956,-0.007504367340952795
691,RNF115,0.00493512330233585,-0.00494512330233585,0.004987013094610429,-0.004997013094610429,0.006395871143556331,-0.0064058711435563305,-0.0006098093373024943,0.0005998093373024943
692,RNF13,0.009510276858504897,-0.009520276858504897,0.004796456154469192,-0.0048064561544691915,-0.0016616079823055935,0.0016516079823055935,0.0007359211213890104,-0.0007459211213890105
693,RNF138,0.01017428767402459,-0.01018428767402459,0.005347329727083072,-0.005357329727083072,0.00026689586067633886,-0.0002768958606763389,-0.015412758195317795,0.015402758195317796
694,RNF145,0.0046449049342896925,-0.004654904934289692,0.010091212318510581,-0.01010121231851058,-0.005204831719782477,0.005194831719782477,0.007539868341218323,-0.007549868341218322
695,RNF180,0.0060016338811597555,-0.006011633881159755,0.012040295618930497,-0.012050295618930496,0.006318577238567713,-0.006328577238567713,0.003056855471113895,-0.003066855471113895
696,RNF20,0.00399122226784894,-0.00400122226784894,0.008341982256181754,-0.008351982256181754,0.006093254431638995,-0.006103254431638994,0.0021837506069158907,-0.0021937506069158908
697,RNF34,0.0021716644442686533,-0.0021816644442686534,0.0011540104091334324,-0.0011640104091334325,-0.007164030422669526,0.007154030422669527,-0.014044327962696071,0.014034327962696071
698,RNF43,0.0008852053266022661,-0.0008952053266022661,0.008519222274023602,-0.008529222274023602,0.0031024554545302507,-0.0031124554545302508,0.0047787551214618085,-0.004788755121461808
699,RORA,0.004628324527017572,-0.004638324527017571,0.004862369300656866,-0.004872369300656865,0.006931804875809328,-0.006941804875809327,0.01492276086115403,-0.01493276086115403
700,RPE,0.008146594713239592,-0.008156594713239592,0.005692137090633084,-0.005702137090633084,-0.03408247674950931,0.034072476749509306,-0.00605033105950481,0.00604033105950481
701,RPGRIP1L,0.008398671622713405,-0.008408671622713405,-0.005265049070347874,0.005255049070347875,-0.019948101343800602,0.019938101343800602,-0.00141761856023373,0.0014076185602337299
702,RPL26,0.0063418695128013985,-0.006351869512801398,0.010248229224456298,-0.010258229224456298,-0.007544680020912672,0.007534680020912673,0.0037515149741395165,-0.0037615149741395165
703,RPTOR,0.006599715014126151,-0.00660971501412615,0.010044686227855495,-0.010054686227855495,0.009640746314436358,-0.009650746314436357,0.006876806568492974,-0.006886806568492974
704,RRP1,0.004783230127965082,-0.004793230127965082,0.008169739300835838,-0.008179739300835837,-0.004703818940024307,0.004693818940024307,-0.00518700932929915,0.00517700932929915
705,RRP1B,-0.0020235618144526513,0.0020135618144526512,0.00783495846650395,-0.00784495846650395,0.005390173484143959,-0.005400173484143959,0.0034814856584880344,-0.0034914856584880344
706,RSRC1,0.0013776797079874115,-0.0013876797079874115,0.011089829414062863,-0.011099829414062862,0.008178405091482252,-0.008188405091482252,0.008075247317311726,-0.008085247317311726
707,RTTN,0.006691591876996986,-0.006701591876996985,-0.004139838010935232,0.004129838010935232,0.005751228682818757,-0.005761228682818757,-0.009924506877768559,0.00991450687776856
708,RUNX1,0.00438426978154343,-0.00439426978154343,0.009082713963482189,-0.009092713963482189,-0.04583810955812799,0.04582810955812799,0.008580426605152014,-0.008590426605152014
709,RXRA,3.092445906587721e-05,-4.092445906587721e-05,0.012523429381258652,-0.012533429381258652,0.0075737061468895694,-0.007583706146889569,0.006675640226470159,-0.006685640226470158
710,RYBP,0.008475122722501838,-0.008485122722501837,0.0017580117568436332,-0.0017680117568436332,-0.020048149712118102,0.020038149712118102,-8.661413225365122e-05,7.661413225365122e-05
711,S100PBP,0.0003705305126633779,-0.0003805305126633779,0.0012003216500259678,-0.0012103216500259678,-0.018665117001457822,0.018655117001457822,0.0021046853344920263,-0.0021146853344920264
712,SAFB,0.005018249132901539,-0.005028249132901539,0.010718012189923923,-0.010728012189923922,0.009809860728370923,-0.009819860728370922,0.00810941156876882,-0.00811941156876882
713,SAFB2,0.0025940114403140008,-0.002604011440314001,0.011700507867084917,-0.011710507867084916,-0.0035376738729556295,0.0035276738729556295,0.006750786348765747,-0.006760786348765747
714,SART3,0.000209941827304147,-0.000219941827304147,0.005383636537591621,-0.005393636537591621,-0.008974162242934097,0.008964162242934098,0.010160237258499141,-0.010170237258499141
715,SAT1,0.004482382246482217,-0.004492382246482216,0.007563482447740813,-0.007573482447740813,-0.006945002991753477,0.006935002991753477,0.004988162854584352,-0.004998162854584352
716,SBF1,0.007512740483766905,-0.007522740483766905,0.014641629600445585,-0.014651629600445585,0.003963701129312103,-0.003973701129312102,0.0006412198062646229,-0.000651219806264623
717,SCAF8,0.0036279489154990296,-0.0036379489154990297,0.007743703970901475,-0.0077537039709014745,0.010363962167000612,-0.010373962167000612,0.008359155937363888,-0.008369155937363888
718,SCEL,0.004396346237016083,-0.004406346237016082,0.010598190704762311,-0.010608190704762311,0.007948965307461073,-0.007958965307461072,0.007720351849628493,-0.0077303518496284924
719,SCFD1,0.0027871836903844496,-0.0027971836903844497,0.00901892651254331,-0.00902892651254331,0.007593771509321931,-0.007603771509321931,0.00595322085759839,-0.00596322085759839
720,SCHIP1,0.002802074251976705,-0.002812074251976705,0.017348268464529526,-0.017358268464529526,,,0.00378289492613601,-0.00379289492613601
721,SCUBE1,0.004026780022262692,-0.004036780022262692,,,-0.039651516148681246,0.03964151614868124,-0.0003636933263753972,0.00035369332637539717
722,SCUBE2,0.005141195515814614,-0.005151195515814614,0.0062532206365161075,-0.006263220636516107,-0.010277020061129627,0.010267020061129627,0.0027740128702698763,-0.0027840128702698763
723,SDAD1,0.007263346981600902,-0.007273346981600901,0.006495906255570533,-0.006505906255570532,0.000149715237343237,-0.000159715237343237,0.00350764728966782,-0.00351764728966782
724,SDCCAG8,0.004740525911084828,-0.004750525911084828,0.004513460665853425,-0.0045234606658534245,-0.0013218282242888624,0.0013118282242888623,-0.0019358245466844226,0.0019258245466844226
725,SDF4,0.005194519388608397,-0.005204519388608397,-0.0014912265596431495,0.0014812265596431495,-0.0036732585919250355,0.0036632585919250354,-0.010819879925868747,0.010809879925868748
726,SECISBP2,0.0026261211447191,-0.0026361211447191,0.0014677596263184545,-0.0014777596263184545,-0.008423205965614564,0.008413205965614564,0.0023488977877164086,-0.0023588977877164086
727,SEMA4B,0.004935244819191255,-0.0049452448191912544,0.010006040510083525,-0.010016040510083524,-0.008060472289433032,0.008050472289433033,-0.010442673305440589,0.01043267330544059
728,SEMA6A,0.008833291593367293,-0.008843291593367292,0.00821258984170116,-0.008222589841701159,0.009568296211241556,-0.009578296211241556,0.0021851955620719177,-0.0021951955620719177
729,SENP6,0.004808486315766525,-0.004818486315766524,0.006677327459454138,-0.006687327459454138,0.006591516854350929,-0.0066015168543509285,0.009499999724526337,-0.009509999724526336
730,SEPT11,0.0020623300696181596,-0.0020723300696181596,0.01255779781017119,-0.01256779781017119,0.01424950783711193,-0.01425950783711193,0.004107453874789155,-0.004117453874789154
731,SERGEF,0.0042417244949499305,-0.00425172449494993,0.013053206768714423,-0.013063206768714423,-0.008674226028479531,0.008664226028479532,0.006701645516652768,-0.006711645516652768
732,SETBP1,0.0032052111028662844,-0.0032152111028662844,0.01061584752146831,-0.01062584752146831,0.010992827217853884,-0.011002827217853884,0.006681397528759736,-0.006691397528759736
733,SETD1A,0.0033078442055380283,-0.0033178442055380284,0.005911004816162524,-0.0059210048161625235,-0.006349252188229279,0.0063392521882292795,0.007250605218848946,-0.007260605218848946
734,SETD7,0.006468646508879197,-0.006478646508879197,0.002887862349979259,-0.002897862349979259,0.0028942775702458234,-0.0029042775702458235,0.005091450401386699,-0.005101450401386699
735,SETDB1,0.001413135168934876,-0.001423135168934876,0.010039709590144219,-0.010049709590144219,0.0001150956830422295,-0.0001250956830422295,0.0011268557612060942,-0.0011368557612060942
736,SF1,0.005644351799583412,-0.005654351799583412,0.00996990848718042,-0.00997990848718042,-0.0008038510520796543,0.0007938510520796543,0.009744499260937414,-0.009754499260937414
737,SFXN1,0.004535282954616512,-0.004545282954616512,0.0056314638686342094,-0.005641463868634209,0.0017482129747631164,-0.0017582129747631165,-0.03226794602400831,0.032257946024008305
738,SGK1,0.009166717250801606,-0.009176717250801606,0.008540110717822763,-0.008550110717822763,-0.00509147948041952,0.00508147948041952,-0.004357363990408647,0.004347363990408647
739,SH3BP4,0.005742743162084202,-0.005752743162084201,-0.016252296596984073,0.016242296596984073,-0.02098620114943328,0.02097620114943328,-0.008933443144673384,0.008923443144673384
740,SHH,0.0030884533844419693,-0.0030984533844419693,0.0011149099196734874,-0.0011249099196734874,0.0010589902792952771,-0.0010689902792952771,,
741,SHOC2,0.0031935721015014934,-0.0032035721015014934,0.005108933270307356,-0.0051189332703073555,0.00457744575342281,-0.004587445753422809,0.003567422629111347,-0.003577422629111347
742,SHQ1,0.0043815352547352596,-0.004391535254735259,0.015477376239560803,-0.015487376239560802,-0.04806866123337072,0.048058661233370714,-0.0028019434104003677,0.0027919434104003676
743,SHROOM2,0.00808927943175166,-0.00809927943175166,0.008086912405007543,-0.008096912405007543,-0.016470930319956126,0.016460930319956126,-0.0023347658071616872,0.0023247658071616872
744,SHROOM3,0.006241107653163949,-0.006251107653163949,0.008195113732207354,-0.008205113732207354,0.009218675951084984,-0.009228675951084984,0.013416980997053476,-0.013426980997053476
745,SIK1,0.006707526018220056,-0.006717526018220055,0.0062469461978242324,-0.006256946197824232,0.005565364794876543,-0.005575364794876542,0.012655503958553901,-0.012665503958553901
746,SIK2,0.005170507432050095,-0.0051805074320500945,0.007323049644462551,-0.0073330496444625505,-0.005822591174262273,0.005812591174262274,0.007229551484066746,-0.007239551484066745
747,SIK3,0.005099327833808426,-0.005109327833808425,0.00885843077158538,-0.008868430771585379,0.012943807134561433,-0.012953807134561433,0.005724119683568729,-0.005734119683568729
748,SIPA1L2,0.0013659062967297034,-0.0013759062967297034,0.006940724104441701,-0.0069507241044417,-0.0038154938867515087,0.0038054938867515087,0.003935435207716859,-0.003945435207716858
749,SKAP2,0.003485432583589146,-0.003495432583589146,0.004904222598473035,-0.004914222598473034,0.005250820710428539,-0.005260820710428538,0.0025758447538016677,-0.0025858447538016677
750,SKIL,0.0023885568291951986,-0.0023985568291951987,0.007529739144380834,-0.007539739144380834,-0.011468664571460854,0.011458664571460855,0.007312771615281974,-0.007322771615281973
751,SKP2,0.0013702429448898754,-0.0013802429448898754,-0.028832911670813956,0.028822911670813956,-0.03530505458688461,0.03529505458688461,-0.026599960865616612,0.026589960865616612
752,SLBP,0.003934795959961428,-0.003944795959961427,-0.00055976495832262,0.0005497649583226199,-0.02413986513260013,0.02412986513260013,0.0014136254257210712,-0.0014236254257210712
753,SLC16A10,0.003644455604839454,-0.003654455604839454,0.0037301447657142883,-0.0037401447657142884,-0.021300396608000476,0.021290396608000476,0.006051750082935126,-0.006061750082935125
754,SLC16A7,0.006614004306444848,-0.006624004306444848,0.008841756753798669,-0.008851756753798668,0.009732974947862905,-0.009742974947862904,0.0010086378628232084,-0.0010186378628232085
755,SLC16A9,0.004839724723712316,-0.0048497247237123155,-0.020999117410470225,0.020989117410470225,0.0025088107393769626,-0.0025188107393769627,-0.03022765868050354,0.03021765868050354
756,SLC23A2,0.008799554489810707,-0.008809554489810707,0.0065229396832066355,-0.006532939683206635,-0.00936159852052014,0.00935159852052014,0.00848137010278402,-0.008491370102784019
757,SLC24A3,0.003337089880514045,-0.003347089880514045,0.0021608893984336047,-0.0021708893984336048,0.0022771243683666204,-0.0022871243683666204,0.007698427785211764,-0.007708427785211764
758,SLC25A25,0.01034091887730161,-0.01035091887730161,-0.0023957755803792197,0.0023857755803792196,-0.019263374433747205,0.019253374433747205,-0.0035448678450417243,0.0035348678450417242
759,SLC27A6,0.004457805426301441,-0.00446780542630144,0.009876515245707929,-0.009886515245707928,,,,
760,SLC30A1,0.0021266367472878717,-0.0021366367472878717,0.004600974033160579,-0.004610974033160579,0.008559442237241852,-0.008569442237241851,0.011382380511150217,-0.011392380511150216
761,SLC37A3,0.0004815926944325352,-0.0004915926944325352,0.007942345126212919,-0.007952345126212918,-0.029976685479673408,0.02996668547967341,-0.001215829962240178,0.001205829962240178
762,SLC38A9,-0.0021984592151100407,0.0021884592151100407,0.012097581120202969,-0.012107581120202968,0.009383167740965426,-0.009393167740965425,0.002396521288330525,-0.002406521288330525
763,SLC39A10,0.004338717817026064,-0.004348717817026063,0.005800239480986208,-0.0058102394809862075,0.010931894000105774,-0.010941894000105774,0.004836360910891846,-0.0048463609108918455
764,SLC39A14,0.009991918729673976,-0.010001918729673976,0.0063407819355703054,-0.006350781935570305,-0.026976075524815617,0.026966075524815617,0.0005740532571116286,-0.0005840532571116286
765,SLC39A6,0.007118541904949954,-0.007128541904949954,0.002493564458307465,-0.002503564458307465,0.004848751281450639,-0.0048587512814506385,-0.007622311883104915,0.007612311883104916
766,SLC44A2,0.003436116102363919,-0.003446116102363919,0.009409144620898008,-0.009419144620898007,0.010392259800602696,-0.010402259800602696,-0.0013091023935981883,0.0012991023935981882
767,SLC4A7,0.007322094803555765,-0.007332094803555764,0.00763612671951297,-0.00764612671951297,-0.0009088990515798839,0.0008988990515798839,0.01210447875943936,-0.01211447875943936
768,SLC7A6,0.003419744359926251,-0.003429744359926251,-0.0037436728693857196,0.0037336728693857196,,,-0.005247511981418138,0.005237511981418138
769,SLC7A8,0.010028007640436543,-0.010038007640436542,0.0128311565549417,-0.0128411565549417,,,0.011041913383700086,-0.011051913383700086
770,SLX4IP,0.002556089965340673,-0.002566089965340673,0.00733718117859522,-0.00734718117859522,0.003924500778975562,-0.003934500778975562,0.010741601920992688,-0.010751601920992688
771,SMC2,0.00858548895395693,-0.00859548895395693,0.0034825311402843367,-0.0034925311402843368,-0.008106849821767806,0.008096849821767806,0.0007154735430861536,-0.0007254735430861537
772,SMC5,0.005973597923607174,-0.005983597923607174,0.009264231619556168,-0.009274231619556168,0.0071922354677693145,-0.007202235467769314,0.0021975741895940842,-0.0022075741895940843
773,SMG6,0.005541618460674108,-0.005551618460674108,0.009515082060960592,-0.009525082060960591,0.005849160153628255,-0.005859160153628255,0.0060296865317416015,-0.006039686531741601
774,SMPD3,0.0032132262095796657,-0.0032232262095796657,-0.0030168276242178993,0.0030068276242178993,,,,
775,SMURF2,0.002864724641532021,-0.002874724641532021,0.010267629629968869,-0.010277629629968869,0.009402120395468241,-0.009412120395468241,0.004991473382405881,-0.005001473382405881
776,SNX14,0.006730478338281186,-0.0067404783382811854,0.005474046050306852,-0.005484046050306852,0.00566430200851567,-0.00567430200851567,-0.0014382809518459355,0.0014282809518459355
777,SNX29,0.004155180053961774,-0.0041651800539617735,0.013189949450442856,-0.013199949450442856,0.009016501284971765,-0.009026501284971764,0.007717542440391301,-0.0077275424403913
778,SNX30,0.007788432113229007,-0.007798432113229007,-0.020697266943479765,0.020687266943479766,0.0010803365639943524,-0.0010903365639943524,0.012399609878455481,-0.01240960987845548
779,SNX4,0.0072986063967296205,-0.00730860639672962,0.008618622613516133,-0.008628622613516133,-0.017265243365485558,0.01725524336548556,0.000946892353823281,-0.000956892353823281
780,SOAT1,-0.000652327557153512,0.000642327557153512,-0.019781085809439672,0.019771085809439672,-0.037679463913649694,0.03766946391364969,0.007982053398593758,-0.007992053398593758
781,SPATA5,0.0034708842607497764,-0.0034808842607497764,0.007669408315941775,-0.007679408315941775,0.011398040401650517,-0.011408040401650516,0.0036501091121519252,-0.0036601091121519253
782,SPEN,0.0037081505650035373,-0.0037181505650035374,0.003914676196735342,-0.003924676196735342,-0.004320915946090256,0.004310915946090257,0.0010477916992090996,-0.0010577916992090997
783,SPG11,0.0038382722647793133,-0.0038482722647793133,0.0017269285247887844,-0.0017369285247887845,0.004435357058376388,-0.0044453570583763875,-3.028689446959998e-06,-6.971310553040003e-06
784,SPINT1,0.000467146668039882,-0.000477146668039882,0.007422074580199459,-0.007432074580199458,-0.008228326069171649,0.008218326069171649,-0.01589998539067785,0.01588998539067785
785,SREBF2,0.0052294915015981824,-0.005239491501598182,0.00575303574958036,-0.005763035749580359,-0.003003043069642705,0.002993043069642705,0.00939294403571439,-0.00940294403571439
