,gene,decouple_UL,couple_UL,decouple_RAO,couple_RAO,decouple_DL,couple_DL,decouple_Subplate,couple_Subplate,decouple_VSVZ,couple_VSVZ,decouple_IPC,couple_IPC,decouple_DC,couple_DC
0,RP1,,,0.01541278272272692,-0.01541278272272692,,,,,,,,,,
1,LYPLA1,0.010257326518162184,-0.010257326518162184,0.007140204186606672,-0.007140204186606672,-0.005965759415173251,0.005965759415173251,0.0005370484913903989,-0.0005370484913903989,,,,,0.002407506366568366,-0.002407506366568366
2,RGS20,-0.004014408804771184,0.004014408804771184,-0.0008781174893964447,0.0008781174893964447,-0.003422063600855507,0.003422063600855507,-0.0008265029730931614,0.0008265029730931614,,,,,,
3,ST18,-0.020117863198541412,0.020117863198541412,0.003690152295314157,-0.003690152295314157,-0.0011795649800106778,0.0011795649800106778,,,,,,,0.007616799721821957,-0.007616799721821957
4,SNTG1,-0.003941115326628157,0.003941115326628157,-0.008925386871570205,0.008925386871570205,-0.001890130373777589,0.001890130373777589,-0.0017938808887303093,0.0017938808887303093,0.040466904435380695,-0.040466904435380695,,,,
5,ADHFE1,0.007941185452047077,-0.007941185452047077,-0.005012630830875081,0.005012630830875081,-0.005586191827487645,0.005586191827487645,-0.0015869220660541042,0.0015869220660541042,,,,,-0.0003243180808243998,0.0003243180808243998
6,MYBL1,0.0014873379024016309,-0.0014873379024016309,0.006931446698341642,-0.006931446698341642,0.004824422336776622,-0.004824422336776622,,,,,,,0.03272308692441071,-0.03272308692441071
7,1700034P13RIK,-0.007920403153094065,0.007920403153094065,0.017552155737044522,-0.017552155737044522,0.024659182526251516,-0.024659182526251516,0.00817150556656919,-0.00817150556656919,,,,,0.0012751995370171368,-0.0012751995370171368
8,CPA6,,,,,,,-0.0,0.0,,,,,,
9,PREX2,0.0021744630119008637,-0.0021744630119008637,0.002053479602219875,-0.002053479602219875,0.00035012046283130344,-0.00035012046283130344,0.0016172269566496408,-0.0016172269566496408,,,,,-0.0001742436442739928,0.0001742436442739928
10,A830018L16RIK,-0.006711013083015603,0.006711013083015603,0.02557380677968419,-0.02557380677968419,-0.001333009733809086,0.001333009733809086,-0.00356948780429852,0.00356948780429852,0.00028825237142546256,-0.00028825237142546256,,,0.003770549806437644,-0.003770549806437644
11,SULF1,-0.002845584947152681,0.002845584947152681,0.019246393504467475,-0.019246393504467475,-0.006369410277864827,0.006369410277864827,-0.002124016620679549,0.002124016620679549,,,,,,
12,EYA1,0.010641995555528,-0.010641995555528,-0.005351960110757913,0.005351960110757913,-0.002976151647713171,0.002976151647713171,0.0046244921327066035,-0.0046244921327066035,0.01836291982064342,-0.01836291982064342,,,0.0022512408143622736,-0.0022512408143622736
13,JPH1,0.004017510500580156,-0.004017510500580156,-0.0048404005500635935,0.0048404005500635935,-0.0012732712278353403,0.0012732712278353403,0.0012851498322068514,-0.0012851498322068514,,,,,0.03350557289705592,-0.03350557289705592
14,CRISPLD1,,,0.021516428438364682,-0.021516428438364682,,,,,,,,,,
15,GM28756,-0.006204937959626608,0.006204937959626608,0.004023171179944232,-0.004023171179944232,-0.003335488937324174,0.003335488937324174,-4.3255024263527675e-05,4.3255024263527675e-05,-0.0002463186874183815,0.0002463186874183815,,,0.0055349590668923,-0.0055349590668923
16,TFAP2D,0.0040754391286594305,-0.0040754391286594305,0.002724617273121746,-0.002724617273121746,0.0017827540607883025,-0.0017827540607883025,0.01882506009767787,-0.01882506009767787,,,,,,
17,MCM3,0.012209486691836045,-0.012209486691836045,0.002832196536267921,-0.002832196536267921,-0.00888810483214214,0.00888810483214214,0.005439630459517147,-0.005439630459517147,,,,,0.005325266335989787,-0.005325266335989787
18,PAQR8,-0.00946731427086351,0.00946731427086351,-0.0035611754949187377,0.0035611754949187377,0.006193640518361708,-0.006193640518361708,,,,,,,0.0034216179090235457,-0.0034216179090235457
19,TRAM2,0.007644710151592647,-0.007644710151592647,0.006306367914799119,-0.006306367914799119,-0.009819299081306312,0.009819299081306312,,,,,,,0.004189245641594348,-0.004189245641594348
20,KCNQ5,-0.001634263113397344,0.001634263113397344,-0.0020207111322308666,0.0020207111322308666,0.0011877961052829261,-0.0011877961052829261,0.00011410967072928574,-0.00011410967072928574,,,,,0.040043015317267,-0.040043015317267
21,GM28822,0.029014433271261887,-0.029014433271261887,-0.012785074620307688,0.012785074620307688,,,,,,,,,,
22,COL19A1,0.000548664973492749,-0.000548664973492749,0.016426187201695815,-0.016426187201695815,-0.004146130347205915,0.004146130347205915,,,,,,,-0.0004974138566724365,0.0004974138566724365
23,ADGRB3,-0.0009444912857548143,0.0009444912857548143,0.0003521605745859871,-0.0003521605745859871,-0.00014541578997278454,0.00014541578997278454,-0.0004340567537240228,0.0004340567537240228,,,,,0.0015504454421125767,-0.0015504454421125767
24,KHDRBS2,-0.0021754004458932885,0.0021754004458932885,0.0006991534041123626,-0.0006991534041123626,0.0003678533732261735,-0.0003678533732261735,-0.0007139440856050519,0.0007139440856050519,,,,,0.006883274585362191,-0.006883274585362191
25,PRIM2,-0.006621035386593713,0.006621035386593713,-0.010616300403294171,0.010616300403294171,-0.007233587089274816,0.007233587089274816,0.0005279924676586736,-0.0005279924676586736,,,,,-0.00036944022447608915,0.00036944022447608915
26,BEND6,-0.005710543494212954,0.005710543494212954,-0.014221734154499628,0.014221734154499628,-0.0014940327536193398,0.0014940327536193398,-0.005295605046390352,0.005295605046390352,,,,,0.002523455716469336,-0.002523455716469336
27,ARHGEF4,-0.0019642095914440827,0.0019642095914440827,-0.0018512155491024473,0.0018512155491024473,-0.005578990041860785,0.005578990041860785,-0.007012053988541808,0.007012053988541808,0.0001427633535263234,-0.0001427633535263234,,,0.0007981582546932875,-0.0007981582546932875
28,NPAS2,-0.010017130977609472,0.010017130977609472,0.0011894699220034652,-0.0011894699220034652,-0.002759537830215146,0.002759537830215146,0.015923812575621005,-0.015923812575621005,,,,,,
29,GM29260,-0.0015413843139955793,0.0015413843139955793,0.011237830865961043,-0.011237830865961043,-0.006728426987604376,0.006728426987604376,0.005135062068957169,-0.005135062068957169,,,,,0.0026315037000453345,-0.0026315037000453345
30,GM28175,0.0046527506885921804,-0.0046527506885921804,0.01097411731356223,-0.01097411731356223,-7.973721399082839e-05,7.973721399082839e-05,0.012349009396117001,-0.012349009396117001,0.014490031240466689,-0.014490031240466689,,,0.0006464555381348949,-0.0006464555381348949
31,ECRG4,0.010406896998614745,-0.010406896998614745,-0.000549543930074961,0.000549543930074961,-0.011751019514424234,0.011751019514424234,0.002413396086461024,-0.002413396086461024,,,,,,
32,GULP1,,,-0.0061952207268442736,0.0061952207268442736,-0.0167820023165176,0.0167820023165176,,,,,,,,
33,COL5A2,-0.013485371107761393,0.013485371107761393,-0.012717859519972688,0.012717859519972688,0.01623822147131701,-0.01623822147131701,-0.0010461352356326073,0.0010461352356326073,,,,,0.0025687731250011725,-0.0025687731250011725
34,DNAH7B,-0.01257591625515269,0.01257591625515269,-0.008022877117686525,0.008022877117686525,-0.00018291062752657378,0.00018291062752657378,0.0042560740371368685,-0.0042560740371368685,,,,,0.00556389271875718,-0.00556389271875718
35,TMEFF2,0.029117866209179104,-0.029117866209179104,-0.0024250003918293364,0.0024250003918293364,-0.0019147952577187738,0.0019147952577187738,-0.004850841052362255,0.004850841052362255,,,,,0.0054073565274603205,-0.0054073565274603205
36,MYO1B,-0.003072798011493294,0.003072798011493294,-0.0015746991935000135,0.0015746991935000135,0.006801534078844561,-0.006801534078844561,-0.0009109828127330105,0.0009109828127330105,,,,,-8.022721136632244e-05,8.022721136632244e-05
37,STAT1,-0.002078826964330871,0.002078826964330871,0.013441822624124182,-0.013441822624124182,0.0041544937437184015,-0.0041544937437184015,0.006524634844842246,-0.006524634844842246,,,,,0.004161068857018023,-0.004161068857018023
38,STK17B,,,0.005023995236246297,-0.005023995236246297,,,,,,,,,0.025197097289194434,-0.025197097289194434
39,HECW2,-0.002584024168197245,0.002584024168197245,0.007111322385594122,-0.007111322385594122,-0.00010661597490577851,0.00010661597490577851,-0.0015389675134145353,0.0015389675134145353,,,,,0.005127169030299347,-0.005127169030299347
40,RFTN2,-0.002934216954236353,0.002934216954236353,0.007898466061474888,-0.007898466061474888,-0.006552460746669465,0.006552460746669465,,,,,,,-1.695475722345019e-05,1.695475722345019e-05
41,PLCL1,-0.002245621520373997,0.002245621520373997,0.0026892774076666265,-0.0026892774076666265,-0.004195717819898005,0.004195717819898005,0.0003727172733519607,-0.0003727172733519607,,,,,0.007078821443498251,-0.007078821443498251
42,SATB2,0.00394816977760009,-0.00394816977760009,0.005008315652876613,-0.005008315652876613,0.007957064758020868,-0.007957064758020868,0.0012843188417544227,-0.0012843188417544227,,,,,0.0018572518415329899,-0.0018572518415329899
43,9130024F11RIK,-0.003229027931498145,0.003229027931498145,-0.004885496651949636,0.004885496651949636,0.006845282414344178,-0.006845282414344178,-0.0018320070652277157,0.0018320070652277157,,,,,0.004125111609610085,-0.004125111609610085
44,SPATS2L,-0.0003271446035086542,0.0003271446035086542,-0.007547278918294854,0.007547278918294854,-0.001612695977113228,0.001612695977113228,0.002885015406427216,-0.002885015406427216,,,,,6.736810246599223e-07,-6.736810246599223e-07
45,SGO2A,-0.0007653999298243286,0.0007653999298243286,-0.003802702631977385,0.003802702631977385,-0.0040129544836270195,0.0040129544836270195,0.0065669906239646456,-0.0065669906239646456,,,,,0.007128944869812998,-0.007128944869812998
46,CASP8,,,0.0045200680979055885,-0.0045200680979055885,,,,,,,-0.0,0.0,,
47,GM973,-0.01936561007845643,0.01936561007845643,-0.0012917416733300296,0.0012917416733300296,-0.011280551079065011,0.011280551079065011,-0.0031435122834024,0.0031435122834024,,,,,,
48,PARD3B,0.020448311634754385,-0.020448311634754385,-0.00043147246720167537,0.00043147246720167537,0.009651789404691115,-0.009651789404691115,-0.00047416568020980376,0.00047416568020980376,,,,,0.0006235004298111267,-0.0006235004298111267
49,PARD3BOS1,,,0.004332446508457766,-0.004332446508457766,0.0047153805254865,-0.0047153805254865,0.00026115831141427376,-0.00026115831141427376,,,,,,
50,NRP2,0.005812496936200166,-0.005812496936200166,-0.006793385438902302,0.006793385438902302,0.0020782192665829077,-0.0020782192665829077,0.0007550890185872711,-0.0007550890185872711,,,,,-0.00092465688786246,0.00092465688786246
51,ADAM23,-0.00350640742635544,0.00350640742635544,-0.004216381351939032,0.004216381351939032,-0.002385832290389689,0.002385832290389689,-0.0018095237243474574,0.0018095237243474574,,,,,-0.00047647253362870234,0.00047647253362870234
52,UNC80,7.444472542950109e-05,-7.444472542950109e-05,-0.005477526828903963,0.005477526828903963,-0.0036894492401232035,0.0036894492401232035,0.02650483652274533,-0.02650483652274533,,,,,0.00032118221037197997,-0.00032118221037197997
53,ACADL,0.012118068639737078,-0.012118068639737078,0.0012399014392090735,-0.0012399014392090735,-0.006621089478187278,0.006621089478187278,,,,,,,0.0010442843513089675,-0.0010442843513089675
54,ERBB4,0.003570067864502695,-0.003570067864502695,0.005273090611024017,-0.005273090611024017,-0.004074115987784191,0.004074115987784191,0.0021644709636474205,-0.0021644709636474205,,,,,,
55,IKZF2,-0.006965398437679328,0.006965398437679328,-0.008079626355767908,0.008079626355767908,-0.002678037240239302,0.002678037240239302,-0.0014093777629648266,0.0014093777629648266,,,,,0.00516531571656724,-0.00516531571656724
56,SPAG16,-0.019902817742465967,0.019902817742465967,0.003808701472838398,-0.003808701472838398,0.0052517070320083695,-0.0052517070320083695,,,,,,,,
57,VWC2L,-0.007886585282533852,0.007886585282533852,-4.2242610077326825e-05,4.2242610077326825e-05,-0.012753786885654268,0.012753786885654268,-0.0014393312954912238,0.0014393312954912238,,,,,0.0018362754270836515,-0.0018362754270836515
58,BARD1,-0.003696619158123665,0.003696619158123665,0.0016986838063099835,-0.0016986838063099835,-0.0001510701594308883,0.0001510701594308883,-0.0037442047531560108,0.0037442047531560108,,,2.972830315250974e-13,-2.972830315250974e-13,0.0008682406440747616,-0.0008682406440747616
59,FN1,-0.003531279758223413,0.003531279758223413,-0.00515177847972597,0.00515177847972597,0.007022191346455708,-0.007022191346455708,0.0020617924212376,-0.0020617924212376,,,,,0.0026785467025220028,-0.0026785467025220028
60,MARCH4,-0.002116468809218744,0.002116468809218744,0.004085540149468304,-0.004085540149468304,0.006736905642613304,-0.006736905642613304,-0.0008134506295250643,0.0008134506295250643,,,,,0.000255715125722894,-0.000255715125722894
61,IGFBP2,-0.0018519450280199898,0.0018519450280199898,-0.0029300666430887926,0.0029300666430887926,0.006324170740254313,-0.006324170740254313,-0.0004962784571606454,0.0004962784571606454,,,,,0.001041988069448753,-0.001041988069448753
62,IGFBP5,0.0031840273927056517,-0.0031840273927056517,0.00036529028381047934,-0.00036529028381047934,-0.00013812818487251438,0.00013812818487251438,-0.0060389008050697884,0.0060389008050697884,,,,,0.0006662638620648781,-0.0006662638620648781
63,TNS1,-0.013412988620703482,0.013412988620703482,-0.01252642603685443,0.01252642603685443,0.0010011354201363148,-0.0010011354201363148,0.0028146802038006014,-0.0028146802038006014,,,,,0.0005884706429864286,-0.0005884706429864286
64,PLCD4,-0.008367314278023771,0.008367314278023771,-0.007060520940620811,0.007060520940620811,-0.0036407046316696418,0.0036407046316696418,0.008910310671075998,-0.008910310671075998,-0.35509090226628387,0.35509090226628387,,,0.018497532774715178,-0.018497532774715178
65,SCG2,-0.004654056293756856,0.004654056293756856,0.0018188963725485896,-0.0018188963725485896,0.0047932016896688745,-0.0047932016896688745,,,-0.0001279078064406261,0.0001279078064406261,,,0.0012466174139639657,-0.0012466174139639657
66,SERPINE2,-0.008147800529925392,0.008147800529925392,-0.001095501388096054,0.001095501388096054,-0.004726635844730008,0.004726635844730008,,,9.598582154841245e-05,-9.598582154841245e-05,1.7937040741600185e-14,-1.7937040741600185e-14,-0.003961990588393284,0.003961990588393284
67,DOCK10,-0.0160129806660743,0.0160129806660743,0.003301078179096535,-0.003301078179096535,-0.010580133854148022,0.010580133854148022,-0.0022734342000843358,0.0022734342000843358,,,,,8.626137356912422e-05,-8.626137356912422e-05
68,NYAP2,0.0034175794193684883,-0.0034175794193684883,-0.00793904313131047,0.00793904313131047,-0.0015240133301736708,0.0015240133301736708,0.034331096292574394,-0.034331096292574394,,,,,0.0014519773373595536,-0.0014519773373595536
69,IRS1,-0.0005031114920618224,0.0005031114920618224,0.004735527852662284,-0.004735527852662284,-0.007731723104577551,0.007731723104577551,0.00529338926065568,-0.00529338926065568,,,,,0.003536322524328655,-0.003536322524328655
70,RHBDD1,-0.008087127090825416,0.008087127090825416,-0.004852552296352883,0.004852552296352883,0.0055768648365520646,-0.0055768648365520646,0.0015274115031638363,-0.0015274115031638363,,,,,0.0032554160462756367,-0.0032554160462756367
71,COL4A4,-0.005052720820344032,0.005052720820344032,-0.0023797029457439667,0.0023797029457439667,-0.007910346303415895,0.007910346303415895,,,,,,,-0.0025855420536412613,0.0025855420536412613
72,SPHKAP,0.0026236587535175618,-0.0026236587535175618,-0.014462114517142265,0.014462114517142265,0.00205907762317549,-0.00205907762317549,0.022506050850389772,-0.022506050850389772,0.00014879884799636617,-0.00014879884799636617,,,0.042083557148553025,-0.042083557148553025
73,PID1,0.0023540385827712576,-0.0023540385827712576,-0.004704892373742844,0.004704892373742844,0.012657376445876146,-0.012657376445876146,-0.005281012019520824,0.005281012019520824,,,,,0.0015876309491218987,-0.0015876309491218987
74,DNER,0.012088331118355826,-0.012088331118355826,-0.002941682223275982,0.002941682223275982,-0.00606136118150994,0.00606136118150994,-0.0005523319993939388,0.0005523319993939388,,,-9.686695889854491e-15,9.686695889854491e-15,-0.001812605646172527,0.001812605646172527
75,HJURP,-0.003408357929707423,0.003408357929707423,-0.002903267723982736,0.002903267723982736,0.0018567666707497502,-0.0018567666707497502,-0.003021745389715537,0.003021745389715537,,,,,0.003251882044581357,-0.003251882044581357
76,ASB18,0.0175275277041769,-0.0175275277041769,-0.003652908068447633,0.003652908068447633,,,,,,,,,,
77,ACKR3,-0.008237885417249367,0.008237885417249367,-0.010690340905870822,0.010690340905870822,-0.0067683163024614,0.0067683163024614,0.0013446344032791366,-0.0013446344032791366,,,,,0.0006405557060538414,-0.0006405557060538414
78,SNED1,-0.0069593481085277326,0.0069593481085277326,0.0013358598085256718,-0.0013358598085256718,0.007337826168653062,-0.007337826168653062,,,,,,,0.0010504719582962035,-0.0010504719582962035
79,ST8SIA4,0.0014137031370473063,-0.0014137031370473063,-0.005071428654648824,0.005071428654648824,-0.0016998643356163426,0.0016998643356163426,0.00019688456819329236,-0.00019688456819329236,,,,,0.000979217784006739,-0.000979217784006739
80,PAM,-0.0045417607210172795,0.0045417607210172795,-0.00862697307718003,0.00862697307718003,-0.00019861983962864843,0.00019861983962864843,-0.0009579866551597468,0.0009579866551597468,,,,,0.003155210352973746,-0.003155210352973746
81,CNTNAP5B,-0.006323269946044235,0.006323269946044235,-0.012720148636959867,0.012720148636959867,-0.004371545879199273,0.004371545879199273,,,,,6.938893903907228e-17,-6.938893903907228e-17,,
82,CDH20,-0.007649946248415522,0.007649946248415522,-0.004456139767888764,0.004456139767888764,0.013903489193075325,-0.013903489193075325,0.002605411046431423,-0.002605411046431423,,,,,,
83,BCL2,-0.0027965921497276752,0.0027965921497276752,-0.002295373726346424,0.002295373726346424,0.007806240606093487,-0.007806240606093487,0.0069879758608759265,-0.0069879758608759265,,,,,0.001122298894529132,-0.001122298894529132
84,CDH7,-0.0070022148450258545,0.0070022148450258545,-0.013341140586485535,0.013341140586485535,0.0016491495816750787,-0.0016491495816750787,0.002906325976135358,-0.002906325976135358,,,,,0.0006656151121770051,-0.0006656151121770051
85,CNTNAP5A,-0.004405277256436156,0.004405277256436156,0.014485386891745736,-0.014485386891745736,-0.010130746659113496,0.010130746659113496,2.7755575615628914e-17,-2.7755575615628914e-17,-0.0005917131263789635,0.0005917131263789635,,,,
86,GLI2,-0.005035535761218145,0.005035535761218145,-0.006866862406611003,0.006866862406611003,-0.0009159598334289865,0.0009159598334289865,0.0063235172626702335,-0.0063235172626702335,0.009429496130760495,-0.009429496130760495,,,0.0004558917636094603,-0.0004558917636094603
87,EPB41L5,-0.00740427117024102,0.00740427117024102,-0.0039055113696947197,0.0039055113696947197,-0.012030912983892826,0.012030912983892826,-0.0008003581852852396,0.0008003581852852396,,,,,0.0014012859519860824,-0.0014012859519860824
88,SCTR,,,0.012637019526267584,-0.012637019526267584,,,-0.003378498701194964,0.003378498701194964,,,,,,
89,DBI,-0.004084457382223711,0.004084457382223711,-0.0009505296242961758,0.0009505296242961758,0.004164071093573071,-0.004164071093573071,0.0009448555822099275,-0.0009448555822099275,,,,,0.0025101803822863353,-0.0025101803822863353
90,CELRR,-0.018259665908512485,0.018259665908512485,0.012583335259792792,-0.012583335259792792,,,,,,,,,,
91,DPP10,-0.004589163192395489,0.004589163192395489,0.0004990615460034806,-0.0004990615460034806,-0.0026665500704951828,0.0026665500704951828,0.027656481018927617,-0.027656481018927617,,,,,-0.0006459749788662907,0.0006459749788662907
92,TMEM163,-0.004168418649609672,0.004168418649609672,-0.003576418249882002,0.003576418249882002,-0.004351134226696238,0.004351134226696238,0.009375221740117859,-0.009375221740117859,,,,,0.0015907966722450706,-0.0015907966722450706
93,ZRANB3,-0.00044758061059237825,0.00044758061059237825,-0.0034782661554506322,0.0034782661554506322,-0.006907664749962808,0.006907664749962808,0.015885358091231185,-0.015885358091231185,,,,,0.006404893149945766,-0.006404893149945766
94,MCM6,-0.004522617857033673,0.004522617857033673,-0.0050507856086993985,0.0050507856086993985,0.0014391004533913856,-0.0014391004533913856,0.020145324435181605,-0.020145324435181605,,,,,0.0037077385309440547,-0.0037077385309440547
95,THSD7B,0.009687343481239417,-0.009687343481239417,-0.006996934835798024,0.006996934835798024,-0.00544116279823105,0.00544116279823105,,,,,,,0.02234792187191073,-0.02234792187191073
96,GM16083,-0.006743772478173912,0.006743772478173912,0.012204458374556623,-0.012204458374556623,-0.005387072513946399,0.005387072513946399,-0.002243303691142895,0.002243303691142895,3.255154851418418e-05,-3.255154851418418e-05,,,0.029302922637245356,-0.029302922637245356
97,SOX13,-0.0049948855194665714,0.0049948855194665714,-0.0064585318641554035,0.0064585318641554035,0.013459665841908927,-0.013459665841908927,,,,,,,,
98,BTG2,-0.0062325763114471425,0.0062325763114471425,-0.003785421666407017,0.003785421666407017,0.0013328641445926812,-0.0013328641445926812,0.0032929919060161045,-0.0032929919060161045,,,,,-0.00266567611169595,0.00266567611169595
99,KIF14,-0.005116166012629916,0.005116166012629916,-0.011523442135696345,0.011523442135696345,0.0008891694527216262,-0.0008891694527216262,0.005466611348026583,-0.005466611348026583,,,,,,
100,NEK7,0.0007808689979418512,-0.0007808689979418512,-0.004758187184530416,0.004758187184530416,-0.010636261674552921,0.010636261674552921,0.0010119516500182515,-0.0010119516500182515,,,,,-0.00024820504682111777,0.00024820504682111777
101,LHX9,-0.005071379514389705,0.005071379514389705,0.005339350440802644,-0.005339350440802644,-0.00655862007394712,0.00655862007394712,0.0051266480323136285,-0.0051266480323136285,,,,,0.00020940408128565513,-0.00020940408128565513
102,CRB1,-0.018450302960937304,0.018450302960937304,0.030556221423381644,-0.030556221423381644,,,,,,,,,-3.2612801348363973e-16,3.2612801348363973e-16
103,ASPM,0.006352458149876804,-0.006352458149876804,0.00644430544760153,-0.00644430544760153,0.0061597709192917,-0.0061597709192917,0.010231019463257787,-0.010231019463257787,,,,,0.005771199527814755,-0.005771199527814755
104,KCNT2,-0.006023283637453705,0.006023283637453705,0.003267459947333032,-0.003267459947333032,-0.007129653089945752,0.007129653089945752,0.003475766472411025,-0.003475766472411025,,,,,0.005989267752304087,-0.005989267752304087
105,B3GALT2,0.005067476752459818,-0.005067476752459818,-0.010365470806445252,0.010365470806445252,0.006365897443232155,-0.006365897443232155,0.007203636984407229,-0.007203636984407229,,,,,,
106,GM29514,,,-0.011520269665424646,0.011520269665424646,0.007236410539936025,-0.007236410539936025,-0.005017599911120767,0.005017599911120767,,,,,,
107,BRINP3,-0.010604761578045137,0.010604761578045137,-0.00437360856865867,0.00437360856865867,-0.004898496723022117,0.004898496723022117,-0.005017599911120767,0.005017599911120767,,,,,,
108,HMCN1,,,0.010531576057648463,-0.010531576057648463,0.016615897954739667,-0.016615897954739667,0.011264927165453874,-0.011264927165453874,,,,,0.007868337507697283,-0.007868337507697283
109,COLGALT2,-0.0017611165165563186,0.0017611165165563186,-0.004016930920525422,0.004016930920525422,-0.006744533760095012,0.006744533760095012,0.007184366296183062,-0.007184366296183062,,,,,0.004638310686018589,-0.004638310686018589
110,RGL1,-0.006985238565815517,0.006985238565815517,0.007786358542994684,-0.007786358542994684,0.005234681134296711,-0.005234681134296711,0.0017902638249288616,-0.0017902638249288616,,,,,0.00269683967251666,-0.00269683967251666
111,NPL,-0.004803290057942167,0.004803290057942167,-0.008333381933520914,0.008333381933520914,-5.4671348512731754e-05,5.4671348512731754e-05,0.0012176058366025339,-0.0012176058366025339,,,,,,
112,RGS8,-0.003920098448634161,0.003920098448634161,0.010877226440659457,-0.010877226440659457,0.00016227642846246976,-0.00016227642846246976,,,,,,,,
113,CACNA1E,-0.001801521832245405,0.001801521832245405,-0.005991611513005632,0.005991611513005632,0.0007230894988964273,-0.0007230894988964273,-0.001068678568307592,0.001068678568307592,,,,,-0.0007324012530933108,0.0007324012530933108
114,FAM163A,-0.004517434705565128,0.004517434705565128,-0.007294765259675887,0.007294765259675887,-0.005074733608629534,0.005074733608629534,-0.0025924034085849645,0.0025924034085849645,,,,,0.001240444902771573,-0.001240444902771573
115,CRYZL2,-0.01505930865804326,0.01505930865804326,0.007980206745512454,-0.007980206745512454,,,,,,,,,,
116,BRINP2,-0.009904730731448153,0.009904730731448153,-0.004474676015083043,0.004474676015083043,0.004179504104369444,-0.004179504104369444,0.0028622904392025597,-0.0028622904392025597,,,,,0.0009195999698002541,-0.0009195999698002541
117,PAPPA2,0.007582551512831305,-0.007582551512831305,0.011022356045429803,-0.011022356045429803,-0.00960974330405518,0.00960974330405518,,,,,,,-0.0035956621605923236,0.0035956621605923236
118,TNR,-0.005439390555381951,0.005439390555381951,-0.014148327746049176,0.014148327746049176,-0.0035973953901823133,0.0035973953901823133,-0.0005903724909729277,0.0005903724909729277,,,,,,
119,PRRX1,-0.004426342577404423,0.004426342577404423,-0.002670847283635071,0.002670847283635071,0.013250708592499758,-0.013250708592499758,,,,,,,-0.0033330493659831026,0.0033330493659831026
120,ATP1B1,0.0009358886408924599,-0.0009358886408924599,-0.007853192554176047,0.007853192554176047,0.004021428088609204,-0.004021428088609204,0.00010842996061437293,-0.00010842996061437293,,,,,0.008431605837081427,-0.008431605837081427
121,CD247,,,-0.007242172642272865,0.007242172642272865,-7.096670717248593e-05,7.096670717248593e-05,,,,,,,,
122,ILDR2,-0.0013840906740822112,0.0013840906740822112,0.008488171726837593,-0.008488171726837593,0.00023604329768884408,-0.00023604329768884408,0.003258323572777909,-0.003258323572777909,,,,,0.0376244972279732,-0.0376244972279732
123,NUF2,0.006578066884701195,-0.006578066884701195,-0.0025289496357102786,0.0025289496357102786,0.006552693444788912,-0.006552693444788912,0.0011250920645193216,-0.0011250920645193216,,,,,,
124,RGS5,,,0.0005252723984727967,-0.0005252723984727967,,,,,,,,,,
125,RGS4,-0.005853690718614052,0.005853690718614052,-0.007654044950069584,0.007654044950069584,-0.004790897092439746,0.004790897092439746,,,,,,,0.014585634712187566,-0.014585634712187566
126,CCDC190,,,0.001561539501857681,-0.001561539501857681,,,,,,,,,,
127,DDR2,0.02079818564043947,-0.02079818564043947,-0.009776235976356504,0.009776235976356504,,,,,,,,,,
128,ATP1A2,-0.015586071092469487,0.015586071092469487,0.004168790567437616,-0.004168790567437616,-0.0021903859982210713,0.0021903859982210713,,,,,,,-2.5396351688300456e-15,2.5396351688300456e-15
129,KCNJ10,0.01259337544724972,-0.01259337544724972,-0.006771464996386742,0.006771464996386742,-0.011522310432283814,0.011522310432283814,-0.009059700396058981,0.009059700396058981,,,,,,
130,TAGLN2,0.009280414093893179,-0.009280414093893179,-0.006946105424731591,0.006946105424731591,0.005066809072983305,-0.005066809072983305,-0.0035438621384257796,0.0035438621384257796,,,,,0.0003648386506720572,-0.0003648386506720572
131,AIM2,0.016473194656719904,-0.016473194656719904,-0.006329796303738533,0.006329796303738533,0.005550386419631466,-0.005550386419631466,,,,,3.7470027081099033e-16,-3.7470027081099033e-16,-1.942890293094024e-16,1.942890293094024e-16
132,RGS7,-0.0024688493570961187,0.0024688493570961187,0.003988270794028276,-0.003988270794028276,-0.002140434277500318,0.002140434277500318,-0.0016711692658625474,0.0016711692658625474,,,,,-0.002762923836972582,0.002762923836972582
133,EXO1,-0.018150962038496532,0.018150962038496532,0.0025474994004118165,-0.0025474994004118165,0.016870627480642504,-0.016870627480642504,,,,,,,,
134,PLD5,-0.01104062679233831,0.01104062679233831,0.02145732897248878,-0.02145732897248878,,,0.00296320573017831,-0.00296320573017831,0.0001632472762970183,-0.0001632472762970183,,,-0.0017409478251292215,0.0017409478251292215
135,KIF26B,-0.012012089853554675,0.012012089853554675,-0.003009034428751056,0.003009034428751056,0.0056650733770240574,-0.0056650733770240574,0.007373615352230467,-0.007373615352230467,-0.009180205768537675,0.009180205768537675,,,0.004620274639414244,-0.004620274639414244
136,ITPKB,-0.0026357852244196997,0.0026357852244196997,-0.009931730124784974,0.009931730124784974,0.006332992981079186,-0.006332992981079186,-0.0001964970042762082,0.0001964970042762082,,,,,0.001412326562461541,-0.001412326562461541
137,CNIH3,0.006671315959178123,-0.006671315959178123,-0.004174545435491964,0.004174545435491964,-0.0063929910753820415,0.0063929910753820415,0.007246276281428862,-0.007246276281428862,,,,,-0.0012055544376149002,0.0012055544376149002
138,SUSD4,-0.006882523091983221,0.006882523091983221,-0.017414622078656454,0.017414622078656454,-0.0020981794623543756,0.0020981794623543756,-0.004871938996321233,0.004871938996321233,7.234854117786627e-05,-7.234854117786627e-05,,,0.0068804460850857875,-0.0068804460850857875
139,DUSP10,-0.006030845371921674,0.006030845371921674,-0.008745702311235927,0.008745702311235927,-0.011544949672570456,0.011544949672570456,0.004342478141317656,-0.004342478141317656,,,,,0.002440109497706698,-0.002440109497706698
140,SLC30A10,-0.0030659527947006146,0.0030659527947006146,0.003921859049003232,-0.003921859049003232,0.0049708570864463175,-0.0049708570864463175,9.762795933532936e-05,-9.762795933532936e-05,,,,,0.005124427015545802,-0.005124427015545802
141,TGFB2,-0.0055591590566419005,0.0055591590566419005,-0.01230262558157532,0.01230262558157532,-0.005938327505054464,0.005938327505054464,0.01895487899966769,-0.01895487899966769,,,,,,
142,SPATA17,,,-0.006808136673462091,0.006808136673462091,,,,,,,,,,
143,ESRRG,0.004754925296158466,-0.004754925296158466,-0.0025162988086563504,0.0025162988086563504,-0.0018710118170609732,0.0018710118170609732,,,,,,,-6.245004513516506e-17,6.245004513516506e-17
144,KCNK2,0.012248164040957146,-0.012248164040957146,-0.007411236676000306,0.007411236676000306,0.0029333222900434427,-0.0029333222900434427,-0.00464541682008917,0.00464541682008917,0.007472751736148753,-0.007472751736148753,,,0.0005820082115806299,-0.0005820082115806299
145,CENPF,0.01563188157004495,-0.01563188157004495,-0.0020859867623283443,0.0020859867623283443,0.004253660539179666,-0.004253660539179666,-0.002726925506637848,0.002726925506637848,,,,,-0.002291505887557291,0.002291505887557291
146,PROX1,-0.002063299338091948,0.002063299338091948,0.00048500087241681866,-0.00048500087241681866,-0.007165691679504503,0.007165691679504503,0.008108799343767889,-0.008108799343767889,,,,,0.043383328199084914,-0.043383328199084914
147,PROX1OS,-0.012307067816916876,0.012307067816916876,-0.006421600886809757,0.006421600886809757,0.003065851474596988,-0.003065851474596988,,,,,,,0.033449586050261215,-0.033449586050261215
148,DTL,-0.010887187263474173,0.010887187263474173,-0.0005839613874827412,0.0005839613874827412,-0.007236210520097333,0.007236210520097333,0.019900818077092833,-0.019900818077092833,,,,,0.005501956861143728,-0.005501956861143728
149,KCNH1,-0.008986774306795196,0.008986774306795196,-0.007441560698541738,0.007441560698541738,-0.000480319381459704,0.000480319381459704,0.0065253427298369235,-0.0065253427298369235,,,,,0.0029037413919313637,-0.0029037413919313637
150,CR2,0.014841739340879151,-0.014841739340879151,,,,,-0.0006767384518148317,0.0006767384518148317,,,-4.551914400963142e-15,4.551914400963142e-15,0.01267028251121953,-0.01267028251121953
151,BEND7,-0.0007989371271904799,0.0007989371271904799,-0.010121601609398748,0.010121601609398748,-0.008329293942881864,0.008329293942881864,0.01164284262955051,-0.01164284262955051,,,,,0.027432754842570697,-0.027432754842570697
152,MCM10,-0.003191247512571431,0.003191247512571431,-0.007018333464539901,0.007018333464539901,0.007011359292986949,-0.007011359292986949,,,,,,,,
153,CAMK1D,-0.004465325583296792,0.004465325583296792,0.005116969848836632,-0.005116969848836632,-5.971021824022205e-06,5.971021824022205e-06,0.00023185478327086145,-0.00023185478327086145,,,,,-0.0023183782433829243,0.0023183782433829243
154,PTER,-0.009999384649920888,0.009999384649920888,-0.0021708448995214485,0.0021708448995214485,,,,,,,8.673617379884035e-16,-8.673617379884035e-16,,
155,C1QL3,0.01742656800300238,-0.01742656800300238,-0.010158790894787884,0.010158790894787884,-0.001182111642003901,0.001182111642003901,-0.0009437428338186504,0.0009437428338186504,,,,,0.00041132106023725884,-0.00041132106023725884
156,VIM,-0.0056779190133599625,0.0056779190133599625,-0.0006901714968667177,0.0006901714968667177,-0.008920924480906485,0.008920924480906485,0.009110878922311369,-0.009110878922311369,,,,,0.001414441426964539,-0.001414441426964539
157,CACNB2,-0.008423214475239693,0.008423214475239693,-0.006297158569504614,0.006297158569504614,0.000263394111394491,-0.000263394111394491,0.0014781345418053912,-0.0014781345418053912,,,,,0.014514473401060924,-0.014514473401060924
158,PLXDC2,0.00797428628991892,-0.00797428628991892,-0.0029211257781596237,0.0029211257781596237,-0.0076498881054724785,0.0076498881054724785,-0.0048451098776764664,0.0048451098776764664,,,,,0.000433520456421109,-0.000433520456421109
159,NEBL,-0.002065093366049993,0.002065093366049993,-0.009450389090336894,0.009450389090336894,-0.0036996922052510567,0.0036996922052510567,0.0016677838022330638,-0.0016677838022330638,0.00014187345364626014,-0.00014187345364626014,,,,
160,ETL4,0.0016745971527390852,-0.0016745971527390852,-0.0014997777826304196,0.0014997777826304196,0.0030442016704728125,-0.0030442016704728125,-0.002509250314444357,0.002509250314444357,,,,,,
161,ENKUR,0.00904665694629242,-0.00904665694629242,-0.006241655758144352,0.006241655758144352,0.00249922563414208,-0.00249922563414208,,,,,,,,
162,GPR158,-0.007244803741116745,0.007244803741116745,-0.01380840948368333,0.01380840948368333,-0.008295532584825988,0.008295532584825988,-0.0058607388911993755,0.0058607388911993755,4.0587420781453e-05,-4.0587420781453e-05,,,0.03372259677865346,-0.03372259677865346
163,GAD2,0.002143217490153705,-0.002143217490153705,-0.002381745142510182,0.002381745142510182,0.00902236997164503,-0.00902236997164503,0.005718717659188473,-0.005718717659188473,,,,,0.0013789314559040713,-0.0013789314559040713
164,MASTL,-0.007088811855091019,0.007088811855091019,-0.006795240285065472,0.006795240285065472,0.003978122280798142,-0.003978122280798142,-0.0013083126437567413,0.0013083126437567413,,,,,0.002045487577828447,-0.002045487577828447
165,PNPLA7,-0.006296004042949943,0.006296004042949943,-0.0011507532864723224,0.0011507532864723224,-0.00833018269385049,0.00833018269385049,0.0018837420179754413,-0.0018837420179754413,,,,,0.0019108053892874372,-0.0019108053892874372
166,TUBB4B,-0.0017191889942363564,0.0017191889942363564,0.00575962226596953,-0.00575962226596953,0.0012804060177125445,-0.0012804060177125445,-0.0013658228723942845,0.0013658228723942845,-0.008025284452500864,0.008025284452500864,,,-0.0005209197604249954,0.0005209197604249954
167,GRIN1,-0.0054549451183573405,0.0054549451183573405,-0.00628555568892792,0.00628555568892792,-5.005884117420534e-06,5.005884117420534e-06,0.040743569469582394,-0.040743569469582394,,,,,,
168,ENTPD2,,,-0.007973888615149742,0.007973888615149742,0.0007281509863537317,-0.0007281509863537317,-0.0072132745896950415,0.0072132745896950415,,,,,,
169,PTGDS,,,0.007099702871050412,-0.007099702871050412,-0.008096990925217033,0.008096990925217033,,,,,1.6861512186494565e-15,-1.6861512186494565e-15,,
170,NOTCH1,-0.007864842243936757,0.007864842243936757,-2.8196170739548665e-05,2.8196170739548665e-05,-0.0013679331834232505,0.0013679331834232505,0.0004104232916879308,-0.0004104232916879308,,,,,3.173518312049595e-05,-3.173518312049595e-05
171,EGFL7,-0.004317838024730278,0.004317838024730278,-0.0067466869477784755,0.0067466869477784755,-0.011772978576053465,0.011772978576053465,,,,,,,0.004636338083363674,-0.004636338083363674
172,NTNG2,-0.006756883462786287,0.006756883462786287,0.026435361635110947,-0.026435361635110947,0.0017080168889196251,-0.0017080168889196251,0.004696625893322023,-0.004696625893322023,-0.14844714928320707,0.14844714928320707,,,0.008686306204988996,-0.008686306204988996
173,GM13403,0.00037737546737681704,-0.00037737546737681704,0.012747568616635369,-0.012747568616635369,0.001563141850743334,-0.001563141850743334,0.007560020059397363,-0.007560020059397363,,,,,,
174,PBX3,0.007306062425569228,-0.007306062425569228,-0.010239029211625138,0.010239029211625138,-0.0005669653373893274,0.0005669653373893274,0.004237197403558476,-0.004237197403558476,,,,,,
175,C79798,,,-0.016331215261233052,0.016331215261233052,0.003303498191497424,-0.003303498191497424,-2.7755575615628914e-17,2.7755575615628914e-17,,,,,,
176,HSPA5,-0.003948862850787646,0.003948862850787646,-0.007360150458449573,0.007360150458449573,0.002621584134872304,-0.002621584134872304,-0.0024687067653455658,0.0024687067653455658,,,,,-0.0009382505977666086,0.0009382505977666086
177,LHX6,-0.004086453240043364,0.004086453240043364,0.017483007407785488,-0.017483007407785488,0.005483608299822938,-0.005483608299822938,0.0010604417040213018,-0.0010604417040213018,,,,,0.0029410883151483533,-0.0029410883151483533
178,CRB2,-0.010714555104240485,0.010714555104240485,-0.00029639623542500326,0.00029639623542500326,-0.011114266997839121,0.011114266997839121,0.006308111232445519,-0.006308111232445519,,,,,0.010019992919475543,-0.010019992919475543
179,LHX2,-0.005210595951685916,0.005210595951685916,-0.005069813383694777,0.005069813383694777,-0.004872926922505558,0.004872926922505558,-0.0018067383777622403,0.0018067383777622403,,,,,-4.228700236685867e-05,4.228700236685867e-05
180,NR6A1OS,-0.008134461586396614,0.008134461586396614,0.0029448335788784252,-0.0029448335788784252,-0.0015057385775207946,0.0015057385775207946,0.007343221810249746,-0.007343221810249746,,,,,-0.00024293645265210245,0.00024293645265210245
181,LRP1B,-0.000412471131524865,0.000412471131524865,-0.00978277835325679,0.00978277835325679,-0.00501395053248898,0.00501395053248898,-0.0019635259612245867,0.0019635259612245867,,,,,,
182,ARHGAP15,-0.008376621877366597,0.008376621877366597,0.0065210370730807085,-0.0065210370730807085,0.0077352742607658675,-0.0077352742607658675,,,,,,,-0.002770743053662407,0.002770743053662407
183,GM13481,0.02421624503966765,-0.02421624503966765,0.008916149472196648,-0.008916149472196648,-0.0013371261030452816,0.0013371261030452816,,,,,,,,
184,LYPD6B,0.015879747161910998,-0.015879747161910998,0.006122348418029749,-0.006122348418029749,-0.001465697822908306,0.001465697822908306,0.008551786404784073,-0.008551786404784073,0.00013763636396370293,-0.00013763636396370293,,,,
185,LYPD6,-0.005216558023454693,0.005216558023454693,-0.00656292577063302,0.00656292577063302,0.004127085788136503,-0.004127085788136503,0.005258296097407508,-0.005258296097407508,,,,,0.009230228078205345,-0.009230228078205345
186,GM13483,-0.008624033887262995,0.008624033887262995,-3.673318844787943e-05,3.673318844787943e-05,-0.002125718020336731,0.002125718020336731,0.0015220713252779433,-0.0015220713252779433,,,,,0.0058733699751837495,-0.0058733699751837495
187,RND3,0.009568080924637297,-0.009568080924637297,-0.008201723061465507,0.008201723061465507,-0.0014306056497028555,0.0014306056497028555,0.011239727185964048,-0.011239727185964048,,,,,,
188,TNFAIP6,0.02417388381892429,-0.02417388381892429,0.002649452741759338,-0.002649452741759338,0.011268102600287197,-0.011268102600287197,,,,,,,,
189,CACNB4,0.0003288273676191056,-0.0003288273676191056,-0.014878009142002692,0.014878009142002692,-0.0007897578848281225,0.0007897578848281225,-0.004137345780914466,0.004137345780914466,,,,,-0.0005119255415368222,0.0005119255415368222
190,RPRM,0.0012747592440740044,-0.0012747592440740044,-0.006285818195671214,0.006285818195671214,-0.00010674655574147152,0.00010674655574147152,-0.005642477996637786,0.005642477996637786,,,,,0.002402776754720337,-0.002402776754720337
191,GALNT13,0.001438036600977674,-0.001438036600977674,0.017712442249187742,-0.017712442249187742,0.0016486669459835762,-0.0016486669459835762,0.0032114351324077257,-0.0032114351324077257,,,,,0.0297719461286981,-0.0297719461286981
192,KCNJ3,0.0014990383944123442,-0.0014990383944123442,0.0016876229717078528,-0.0016876229717078528,-0.0020923973218169648,0.0020923973218169648,-0.0030030671544012053,0.0030030671544012053,0.03650305458667772,-0.03650305458667772,,,0.0015630497791315687,-0.0015630497791315687
193,NR4A2,-0.007494182582829467,0.007494182582829467,-0.002189213612633578,0.002189213612633578,-0.0019922414076259734,0.0019922414076259734,0.006642332396980095,-0.006642332396980095,,,-8.347489366400396e-15,8.347489366400396e-15,0.033785099632477424,-0.033785099632477424
194,TANC1,0.012252198378072711,-0.012252198378072711,-0.001393509609143466,0.001393509609143466,-7.514895404178712e-05,7.514895404178712e-05,-0.0006462263024151413,0.0006462263024151413,,,,,,
195,RBMS1,-0.0032011294297395326,0.0032011294297395326,-0.0069556253708215054,0.0069556253708215054,0.00845481795379515,-0.00845481795379515,-0.0036635153897102285,0.0036635153897102285,,,,,0.03645856617695114,-0.03645856617695114
196,SLC4A10,-0.00527947368231739,0.00527947368231739,0.010205116491201968,-0.010205116491201968,-0.0013665322897842141,0.0013665322897842141,,,,,,,0.01340699078810019,-0.01340699078810019
197,GCG,-0.004228351567093343,0.004228351567093343,,,,,,,,,,,,
198,FIGN,0.0199094610571227,-0.0199094610571227,-0.005858294099100443,0.005858294099100443,-0.013099895478585803,0.013099895478585803,-0.002048686509374724,0.002048686509374724,0.00012227745569243914,-0.00012227745569243914,,,,
199,GRB14,-0.015177646886834387,0.015177646886834387,-0.0037347286572146435,0.0037347286572146435,0.006290401124548477,-0.006290401124548477,-0.0023373566826502615,0.0023373566826502615,,,,,0.007784859573486541,-0.007784859573486541
200,COBLL1,0.014516501595101587,-0.014516501595101587,0.0003577255518293701,-0.0003577255518293701,0.012355966931920988,-0.012355966931920988,,,,,,,0.0034574080708828225,-0.0034574080708828225
201,SCN2A,-0.005609702127101136,0.005609702127101136,0.013872880085462148,-0.013872880085462148,-0.0004819982766817166,0.0004819982766817166,-0.005517336990650809,0.005517336990650809,,,,,-0.0005824873363613377,0.0005824873363613377
202,CSRNP3,-0.002327683556037616,0.002327683556037616,0.013274252681398223,-0.013274252681398223,-0.0027868344940623346,0.0027868344940623346,-0.0005773650910130823,0.0005773650910130823,,,,,0.003038907540169715,-0.003038907540169715
203,SCN1A,-0.0024308877721425856,0.0024308877721425856,-0.001572443449767702,0.001572443449767702,0.008382265738100726,-0.008382265738100726,0.03754150158420889,-0.03754150158420889,,,-6.938893903907228e-18,6.938893903907228e-18,,
204,SCN9A,-0.0005925839556757823,0.0005925839556757823,-0.0009603733685897217,0.0009603733685897217,-0.013593840538335913,0.013593840538335913,0.006886180701204222,-0.006886180701204222,,,,,0.0036733379787671633,-0.0036733379787671633
205,B3GALT1,0.0047486155294927945,-0.0047486155294927945,-0.006759564695421043,0.006759564695421043,-0.0020389416031128815,0.0020389416031128815,-0.00020687405311585472,0.00020687405311585472,0.04829797273712486,-0.04829797273712486,,,0.0001154293232977846,-0.0001154293232977846
206,SPC25,-0.008229083929187093,0.008229083929187093,-0.009183061860873087,0.009183061860873087,0.007621645810236971,-0.007621645810236971,0.011073110510337374,-0.011073110510337374,,,-1.6806001035263307e-14,1.6806001035263307e-14,,
207,LRP2,-0.01116312356120628,0.01116312356120628,0.003835177855076019,-0.003835177855076019,0.02535289707076844,-0.02535289707076844,0.0036902764456423973,-0.0036902764456423973,,,,,0.014101032219668103,-0.014101032219668103
208,MYO3B,,,,,,,,,,,,,,
209,GAD1,-0.008050228577242163,0.008050228577242163,-0.009030240024936673,0.009030240024936673,0.006284972273833775,-0.006284972273833775,0.003559918638201584,-0.003559918638201584,,,,,0.003130360242052592,-0.003130360242052592
210,CYBRD1,-0.009425714280927248,0.009425714280927248,-0.0022102786183387305,0.0022102786183387305,,,,,,,,,,
211,HAT1,-0.009375976832934903,0.009375976832934903,-0.014604325626023401,0.014604325626023401,-0.0026807228772204317,0.0026807228772204317,0.00037933248396671004,-0.00037933248396671004,,,,,,
212,METAP1D,-0.0007791435256221113,0.0007791435256221113,-0.006305416914194353,0.006305416914194353,0.0023063609813148214,-0.0023063609813148214,0.0034073752217442244,-0.0034073752217442244,,,,,0.0014242439039494695,-0.0014242439039494695
213,DLX1AS,-0.0029264875881171992,0.0029264875881171992,0.015703707118828625,-0.015703707118828625,0.00800531740674379,-0.00800531740674379,0.030703420385514164,-0.030703420385514164,,,,,,
214,DLX1,-0.0029295433781626953,0.0029295433781626953,-0.003156676473801856,0.003156676473801856,0.0016170894553341891,-0.0016170894553341891,0.018114092456294216,-0.018114092456294216,,,,,,
215,DLX2,-0.010027262841523214,0.010027262841523214,-0.005318177416040522,0.005318177416040522,-0.008098259109287166,0.008098259109287166,0.01529455628107853,-0.01529455628107853,,,,,0.0006003887592128249,-0.0006003887592128249
216,ITGA6,0.023347193352179843,-0.023347193352179843,-0.0020097611490950892,0.0020097611490950892,-0.008148388746814443,0.008148388746814443,0.00167704550748711,-0.00167704550748711,,,,,0.020669644648877834,-0.020669644648877834
217,RAPGEF4,0.008810695677632131,-0.008810695677632131,-0.006250826534677484,0.006250826534677484,0.0015950266053176565,-0.0015950266053176565,-0.00027923517964814626,0.00027923517964814626,,,,,-0.0029318398045531206,0.0029318398045531206
218,MAP3K20,-0.00421077737016045,0.00421077737016045,0.005040064247123131,-0.005040064247123131,0.007790025293681405,-0.007790025293681405,0.0033054828449822563,-0.0033054828449822563,,,,,0.00512044906965459,-0.00512044906965459
219,CDCA7,0.010686787533370157,-0.010686787533370157,-0.01166185843130755,0.01166185843130755,-0.010049392945949254,0.010049392945949254,,,,,,,-0.00037356535990686057,0.00037356535990686057
220,SP9,-0.012582707373663363,0.012582707373663363,-0.006478902777038796,0.006478902777038796,-0.006773750462224663,0.006773750462224663,-0.003308679715685943,0.003308679715685943,0.00022192112828743615,-0.00022192112828743615,,,0.003067305307531555,-0.003067305307531555
221,WIPF1,,,0.0031177190060202725,-0.0031177190060202725,-0.006461725836706109,0.006461725836706109,0.007065028240645067,-0.007065028240645067,0.0007717510588650112,-0.0007717510588650112,,,0.0006125133782411626,-0.0006125133782411626
222,2600014E21RIK,-0.012490502192656232,0.012490502192656232,0.0036145598764989045,-0.0036145598764989045,-0.007244454886876132,0.007244454886876132,-0.000712096601588226,0.000712096601588226,,,,,0.004064939369004865,-0.004064939369004865
223,NFE2L2,-0.016093691968762487,0.016093691968762487,0.0017649018163527277,-0.0017649018163527277,0.0019958085363623868,-0.0019958085363623868,-0.006678418842669787,0.006678418842669787,,,,,-7.055752543577015e-05,7.055752543577015e-05
224,PDE11A,-0.005497385887650162,0.005497385887650162,-0.008738753205135744,0.008738753205135744,-0.006358371903673346,0.006358371903673346,,,,,,,0.033225911209075996,-0.033225911209075996
225,OSBPL6,-0.0038347002197624547,0.0038347002197624547,-0.00011983798044568755,0.00011983798044568755,-0.0015742151895109177,0.0015742151895109177,-0.005433281124545865,0.005433281124545865,,,,,0.0018847036361023875,-0.0018847036361023875
226,CCDC141,0.02297365747481256,-0.02297365747481256,-0.008254746259206178,0.008254746259206178,-0.0003085615974638342,0.0003085615974638342,,,,,,,0.0021361905781267926,-0.0021361905781267926
227,ZFP385B,0.0071911804787911995,-0.0071911804787911995,0.012422303643397123,-0.012422303643397123,-0.002859051128421164,0.002859051128421164,0.009993940438501499,-0.009993940438501499,,,,,0.02150019348310754,-0.02150019348310754
228,ITGA4,0.0031512102130747816,-0.0031512102130747816,-0.0031335580531141466,0.0031335580531141466,0.0182966193486883,-0.0182966193486883,,,,,,,,
229,NEUROD1,-0.0009235824020328645,0.0009235824020328645,-0.009152414838879928,0.009152414838879928,-0.006123725280958732,0.006123725280958732,0.010984205144833017,-0.010984205144833017,,,,,0.0026931860460593995,-0.0026931860460593995
230,PDE1A,-0.010411863483836305,0.010411863483836305,0.02760419332314893,-0.02760419332314893,0.011304793017767496,-0.011304793017767496,-0.00029656305038088665,0.00029656305038088665,,,,,0.04389614113204238,-0.04389614113204238
231,ZFP804A,-0.009439828066580953,0.009439828066580953,-0.018979213300849916,0.018979213300849916,-0.002159846950249837,0.002159846950249837,-0.001982536993942907,0.001982536993942907,,,,,-0.0012608559922239332,0.0012608559922239332
232,ITGAV,-0.004972384997544647,0.004972384997544647,-0.0015935034612322846,0.0015935034612322846,0.005624085298379412,-0.005624085298379412,0.0029910608752872353,-0.0029910608752872353,,,,,0.04892608677989077,-0.04892608677989077
233,GM13684,,,-0.01215693169413011,0.01215693169413011,0.017609797619089658,-0.017609797619089658,,,,,,,,
234,CALCRL,0.023523644430244947,-0.023523644430244947,0.002164119081441873,-0.002164119081441873,,,,,,,5.953570969552402e-15,-5.953570969552402e-15,,
235,PTPRJ,0.020514899459259488,-0.020514899459259488,0.0015427658049806808,-0.0015427658049806808,0.009108301811402007,-0.009108301811402007,-0.003666068793890989,0.003666068793890989,,,,,0.005117415079085537,-0.005117415079085537
236,LRP4,-0.007089378949346602,0.007089378949346602,-0.0024901953331898583,0.0024901953331898583,0.0016354335746233753,-0.0016354335746233753,0.00995008257985424,-0.00995008257985424,,,,,-0.0028583941473549826,0.0028583941473549826
237,MDK,9.886307771066194e-05,-9.886307771066194e-05,0.00011109537684568516,-0.00011109537684568516,-0.003019283347376195,0.003019283347376195,-0.0039013601709184595,0.0039013601709184595,,,,,0.0016444220545421065,-0.0016444220545421065
238,TSPAN18,0.00408397982987771,-0.00408397982987771,-0.000748327935463082,0.000748327935463082,-0.004403616079146175,0.004403616079146175,0.004072184676179924,-0.004072184676179924,,,,,-0.00037474325723765856,0.00037474325723765856
239,GM13889,-0.0012593121363773108,0.0012593121363773108,0.00807002942629928,-0.00807002942629928,-0.005918103053609958,0.005918103053609958,0.004015125121519129,-0.004015125121519129,,,,,0.005118247173117742,-0.005118247173117742
240,MIR670HG,-0.00039539432351178017,0.00039539432351178017,0.0005058951726164065,-0.0005058951726164065,-0.000520800955559314,0.000520800955559314,-0.006369396909724032,0.006369396909724032,,,,,0.008351439002363154,-0.008351439002363154
241,LRRC4C,0.0058633493062178604,-0.0058633493062178604,-0.003393459316525141,0.003393459316525141,-0.0030563854404371746,0.0030563854404371746,-5.0021155025642416e-05,5.0021155025642416e-05,,,,,-0.002150569501103622,0.002150569501103622
242,LDLRAD3,-0.01011713419406543,0.01011713419406543,0.011652873160965728,-0.011652873160965728,0.014493136440997395,-0.014493136440997395,-0.007023423417567034,0.007023423417567034,,,,,-0.003842718057172567,0.003842718057172567
243,SLC1A2,0.004466885841420971,-0.004466885841420971,-0.0027807579106896227,0.0027807579106896227,-0.0037431798119139867,0.0037431798119139867,-0.006455998142442902,0.006455998142442902,,,,,-0.00030225587405758453,0.00030225587405758453
244,ABTB2,-0.005588274394206651,0.005588274394206651,0.005157879079313671,-0.005157879079313671,-0.0019068326149701484,0.0019068326149701484,0.0015016732360933482,-0.0015016732360933482,,,,,0.00432761484846636,-0.00432761484846636
245,DEPDC7,-0.00035476639870447163,0.00035476639870447163,0.020147843444887945,-0.020147843444887945,0.008934717454414993,-0.008934717454414993,,,,,,,,
246,RCN1,0.0017074900471110363,-0.0017074900471110363,-0.00554982028352205,0.00554982028352205,0.011775781704527574,-0.011775781704527574,,,,,,,-0.007565721912323353,0.007565721912323353
247,PAX6OS1,-0.014797478634053274,0.014797478634053274,0.005130615555071598,-0.005130615555071598,-0.015315561815949306,0.015315561815949306,,,-0.0026998730501515966,0.0026998730501515966,,,,
248,PAX6,-0.005044011086697088,0.005044011086697088,-0.002991845713266328,0.002991845713266328,-0.012902931614634468,0.012902931614634468,-0.004491470758092003,0.004491470758092003,,,,,,
249,ELP4,0.0081195437820787,-0.0081195437820787,-0.0070686311877759395,0.0070686311877759395,0.004045456715727869,-0.004045456715727869,-0.0023788552239351127,0.0023788552239351127,,,,,,
250,MPPED2,-0.0048627239086390245,0.0048627239086390245,0.0017571233088462673,-0.0017571233088462673,-0.0005639348262739471,0.0005639348262739471,0.003620206158259816,-0.003620206158259816,,,,,-0.0014780647207408779,0.0014780647207408779
251,METTL15,-0.0018602411095164154,0.0018602411095164154,-0.00020455722037415053,0.00020455722037415053,-0.003306152957939852,0.003306152957939852,0.007241071224069834,-0.007241071224069834,,,,,0.00012491828182533554,-0.00012491828182533554
252,KIF18A,-0.012425356954791522,0.012425356954791522,-0.0023583928035240814,0.0023583928035240814,-0.0019103703787337264,0.0019103703787337264,0.004740879130315262,-0.004740879130315262,,,,,0.030463322443645392,-0.030463322443645392
253,ANO3,-0.011571392647442183,0.011571392647442183,0.010348063063779216,-0.010348063063779216,-0.0027391045492597063,0.0027391045492597063,-0.0037121704214469683,0.0037121704214469683,,,,,0.0013634799043563614,-0.0013634799043563614
254,RYR3,-0.0013778253329551349,0.0013778253329551349,-0.01372229077171487,0.01372229077171487,0.002437005400495927,-0.002437005400495927,-0.0004394491900083716,0.0004394491900083716,,,,,0.0006843499699290961,-0.0006843499699290961
255,FMN1,-0.010301354061851335,0.010301354061851335,-0.007405294910081225,0.007405294910081225,-4.4867085664833384e-05,4.4867085664833384e-05,,,,,,,,
256,ARHGAP11A,-0.006577502145763983,0.006577502145763983,-0.007251434336123436,0.007251434336123436,0.00685258867202819,-0.00685258867202819,,,,,,,,
257,DPH6,0.01948845294553654,-0.01948845294553654,-0.0019478692542391,0.0019478692542391,-0.008678484400420294,0.008678484400420294,0.014901083569991334,-0.014901083569991334,,,,,0.00015875459113265378,-0.00015875459113265378
258,GM13974,0.014516303958904235,-0.014516303958904235,-0.0005011583817859794,0.0005011583817859794,-0.007742527657783216,0.007742527657783216,0.002376786511116648,-0.002376786511116648,,,,,,
259,3110099E03RIK,,,-0.0014467337505074535,0.0014467337505074535,,,,,,,,,,
260,BC052040,-0.0006512852434176764,0.0006512852434176764,-0.00911730461477802,0.00911730461477802,0.0008883308001587584,-0.0008883308001587584,-0.00038504975699398675,0.00038504975699398675,,,,,0.037494172277936284,-0.037494172277936284
261,G630016G05RIK,-0.013413019887160933,0.013413019887160933,0.0020052495264493778,-0.0020052495264493778,0.003395859166657293,-0.003395859166657293,0.002271364053327271,-0.002271364053327271,3.513893134882151e-06,-3.513893134882151e-06,,,0.004786182753511017,-0.004786182753511017
262,GM13986,,,0.00012589858974604295,-0.00012589858974604295,-0.010266186817708939,0.010266186817708939,,,,,,,,
263,THBS1,,,-0.0021019445256095434,0.0021019445256095434,0.008305491653531276,-0.008305491653531276,0.013789271872685513,-0.013789271872685513,,,,,,
264,GPR176,-0.0029024365386402726,0.0029024365386402726,0.007673668201314501,-0.007673668201314501,0.0035249721375953808,-0.0035249721375953808,0.00032226654595120946,-0.00032226654595120946,,,,,0.04757401729657958,-0.04757401729657958
265,BUB1B,-0.003606117328746307,0.003606117328746307,-0.001163522592389457,0.001163522592389457,-0.014482057837908575,0.014482057837908575,,,,,,,,
266,KNSTRN,-0.0044933412454625996,0.0044933412454625996,-0.002844718049582619,0.002844718049582619,0.017386765725597844,-0.017386765725597844,-0.006433966454988824,0.006433966454988824,,,,,,
267,KNL1,-0.007619673684656374,0.007619673684656374,-0.004120402527068273,0.004120402527068273,-0.010027563455512353,0.010027563455512353,0.004256226493398782,-0.004256226493398782,,,,,0.003745154463859722,-0.003745154463859722
268,RAD51,0.004990835103212188,-0.004990835103212188,-0.007318384811198987,0.007318384811198987,0.001701552513340046,-0.001701552513340046,-0.005165832362990376,0.005165832362990376,,,,,0.00043872781088007823,-0.00043872781088007823
269,NUSAP1,-0.0012436465415182965,0.0012436465415182965,-0.0019317606081424854,0.0019317606081424854,-0.0024346313951128518,0.0024346313951128518,-0.0012931319428400728,0.0012931319428400728,,,,,0.006258447038967087,-0.006258447038967087
270,SEMA6D,-0.0005134046214667412,0.0005134046214667412,-0.002003798903593021,0.002003798903593021,0.00023063635127779786,-0.00023063635127779786,-0.0014420630117577826,0.0014420630117577826,-0.00038553551259311314,0.00038553551259311314,,,,
271,FBN1,-0.004984913477978525,0.004984913477978525,-0.012441953256339212,0.012441953256339212,0.0034021402984287796,-0.0034021402984287796,-0.003224337571909819,0.003224337571909819,,,,,0.0010454095053670856,-0.0010454095053670856
272,1810024B03RIK,-0.005481497523593372,0.005481497523593372,-0.009989004958019063,0.009989004958019063,-0.0042736408885452465,0.0042736408885452465,0.004728599265990022,-0.004728599265990022,,,,,0.0014704122839214392,-0.0014704122839214392
273,KCNIP3,0.013387136012707926,-0.013387136012707926,-0.0037987849081057776,0.0037987849081057776,-0.003315500052993317,0.003315500052993317,0.003615079903369782,-0.003615079903369782,,,,,0.0012897480019547006,-0.0012897480019547006
274,BUB1,-0.005364585213269234,0.005364585213269234,0.0002304916447075922,-0.0002304916447075922,0.005929489235454451,-0.005929489235454451,-0.0023851609990853534,0.0023851609990853534,,,,,-0.002201327034293904,0.002201327034293904
275,BCL2L11,0.010210836923016824,-0.010210836923016824,0.0006129715338131711,-0.0006129715338131711,-0.004640606451046338,0.004640606451046338,0.010847443070759119,-0.010847443070759119,,,,,0.00031372287677162297,-0.00031372287677162297
276,CKAP2L,-0.00968919993478251,0.00968919993478251,-0.007610679891114934,0.007610679891114934,0.007345077901046715,-0.007345077901046715,0.0003353889708121033,-0.0003353889708121033,,,,,0.00422717919671399,-0.00422717919671399
277,GPCPD1,-0.008102103234479768,0.008102103234479768,-0.007247504470349955,0.007247504470349955,0.0002979856702088335,-0.0002979856702088335,-0.0021975550626270393,0.0021975550626270393,,,,,-0.004005895768279626,0.004005895768279626
278,PLCB1,-1.5691444275892086e-05,1.5691444275892086e-05,-0.0022627603158468165,0.0022627603158468165,0.0015587402964656674,-0.0015587402964656674,-0.0016203738732820452,0.0016203738732820452,,,,,0.01921157187264027,-0.01921157187264027
279,9630028H03RIK,-0.005693404799437994,0.005693404799437994,0.00027702284058131466,-0.00027702284058131466,-0.00148861996979429,0.00148861996979429,0.03143242187259306,-0.03143242187259306,,,,,0.00404539915696777,-0.00404539915696777
280,JAG1,0.019809323208354226,-0.019809323208354226,0.0004447171762772262,-0.0004447171762772262,-0.0005707120806950072,0.0005707120806950072,0.006739440266353945,-0.006739440266353945,,,,,-0.0012406501297656629,0.0012406501297656629
281,PCSK2,-0.001318226676037565,0.001318226676037565,-0.006939127673107379,0.006939127673107379,0.0028311730121120954,-0.0028311730121120954,0.004803413201713812,-0.004803413201713812,,,,,0.0030810534458325517,-0.0030810534458325517
282,RRBP1,0.011688107796407714,-0.011688107796407714,-0.00749069952076898,0.00749069952076898,-0.0044156814023491725,0.0044156814023491725,-0.002346659606984991,0.002346659606984991,,,,,0.00040750123903815494,-0.00040750123903815494
283,RIN2,-0.002862410512913298,0.002862410512913298,-0.010382378932532042,0.010382378932532042,0.012730393356723609,-0.012730393356723609,0.003223420665580755,-0.003223420665580755,,,,,0.017002668510614577,-0.017002668510614577
284,CFAP61,-0.014438651642086353,0.014438651642086353,-0.00014029956981883446,0.00014029956981883446,-0.002874309468878969,0.002874309468878969,0.0008666819417970859,-0.0008666819417970859,,,,,0.01716345076718536,-0.01716345076718536
285,INSM1,-0.008339844231026017,0.008339844231026017,0.011442012754535894,-0.011442012754535894,-0.0009222764235334857,0.0009222764235334857,0.0039786967740753215,-0.0039786967740753215,,,,,-0.0007146050720976058,0.0007146050720976058
286,CST3,-0.0015462192931312915,0.0015462192931312915,0.000581288949934658,-0.000581288949934658,0.004124446640499366,-0.004124446640499366,-0.004487669385432762,0.004487669385432762,,,,,-0.001484021090181517,0.001484021090181517
287,SYNDIG1,-0.004821583340168377,0.004821583340168377,0.011064729555917918,-0.011064729555917918,-0.0024574148934891973,0.0024574148934891973,-0.0003399774110093498,0.0003399774110093498,,,,,0.01730804771151852,-0.01730804771151852
288,ACSS1,0.02359594225612771,-0.02359594225612771,-0.004001471909563167,0.004001471909563167,-0.007927785701668473,0.007927785701668473,-0.0009298541221865256,0.0009298541221865256,,,,,,
289,ID1,-0.008694600106428474,0.008694600106428474,-0.0006856817207967769,0.0006856817207967769,0.004751890491405154,-0.004751890491405154,0.007263194450766626,-0.007263194450766626,,,,,0.001861262274066331,-0.001861262274066331
290,TPX2,-0.004118818059293525,0.004118818059293525,-0.003968310087702563,0.003968310087702563,-0.003949464434244723,0.003949464434244723,0.006311903437631515,-0.006311903437631515,,,,,-0.0011648021465237718,0.0011648021465237718
291,1700003F12RIK,-0.012577235685411938,0.012577235685411938,0.005791638811424943,-0.005791638811424943,-0.005701975198170214,0.005701975198170214,0.0026913113774980624,-0.0026913113774980624,,,,,,
292,E2F1,-0.008652012402173878,0.008652012402173878,0.003970371170622336,-0.003970371170622336,-0.00620587587332945,0.00620587587332945,0.007763712645928678,-0.007763712645928678,-0.011504538153259164,0.011504538153259164,,,0.007181230066711855,-0.007181230066711855
293,MYL9,0.02129369130354313,-0.02129369130354313,0.006137923413184358,-0.006137923413184358,0.0031999981690607054,-0.0031999981690607054,,,,,,,,
294,RBL1,0.0003057404575919423,-0.0003057404575919423,-0.0030647112475580413,0.0030647112475580413,-0.005151923867333465,0.005151923867333465,0.020704892862511814,-0.020704892862511814,0.017656553678310344,-0.017656553678310344,,,0.008665478192117479,-0.008665478192117479
295,SNHG11,0.020582449089753825,-0.020582449089753825,-0.004139065903014862,0.004139065903014862,0.009616397241181823,-0.009616397241181823,0.002041754226333986,-0.002041754226333986,,,,,0.01554478772829164,-0.01554478772829164
296,GM14204,-0.008614099678239152,0.008614099678239152,0.005569756900902223,-0.005569756900902223,0.006848201689487597,-0.006848201689487597,0.014201733376068094,-0.014201733376068094,,,,,0.0027482845595747096,-0.0027482845595747096
297,PTPRT,-0.003946807098802539,0.003946807098802539,-0.0025069953155188313,0.0025069953155188313,0.009098738438597445,-0.009098738438597445,-0.004455843275016677,0.004455843275016677,,,,,,
298,MYBL2,0.01892819433042752,-0.01892819433042752,-0.00397391664478014,0.00397391664478014,0.005505599675375963,-0.005505599675375963,0.004438244093625941,-0.004438244093625941,,,,,0.03398092868251901,-0.03398092868251901
299,TOX2,,,-0.03440587872716603,0.03440587872716603,,,,,,,,,,
300,UBE2C,-0.008827873123978626,0.008827873123978626,-0.00420700044459503,0.00420700044459503,-0.0023432366044879166,0.0023432366044879166,-0.0032985982021225962,0.0032985982021225962,,,,,0.006647660851064448,-0.006647660851064448
301,PLTP,0.01873061247381628,-0.01873061247381628,-0.010124348534472118,0.010124348534472118,,,,,,,,,,
302,EYA2,-0.016879797005100408,0.016879797005100408,-0.0041718160500645515,0.0041718160500645515,0.0007267896593522588,-0.0007267896593522588,0.0006996265781635258,-0.0006996265781635258,,,,,-0.00020168354852921622,0.00020168354852921622
303,PREX1,-0.0019248714857080865,0.0019248714857080865,-0.00407848807346909,0.00407848807346909,2.4357873182889733e-05,-2.4357873182889733e-05,0.0005879786386402547,-0.0005879786386402547,,,,,0.00013941661469164812,-0.00013941661469164812
304,KCNG1,-0.0027031626448388024,0.0027031626448388024,,,0.0013478813471926032,-0.0013478813471926032,-0.005468150066906541,0.005468150066906541,,,,,5.721646573474126e-05,-5.721646573474126e-05
305,TSHZ2,-0.002764968278042186,0.002764968278042186,5.5660245554131627e-05,-5.5660245554131627e-05,0.0042161985519256415,-0.0042161985519256415,-0.0019357969093931268,0.0019357969093931268,,,,,0.0053311310467295675,-0.0053311310467295675
306,FAM210B,0.00376214324935871,-0.00376214324935871,-0.0018685213510446289,0.0018685213510446289,-0.006781016670353225,0.006781016670353225,0.0022534805374747335,-0.0022534805374747335,,,,,0.0134044191986891,-0.0134044191986891
307,AURKA,-0.000955684359304064,0.000955684359304064,0.00028844169531104524,-0.00028844169531104524,0.00311421710786014,-0.00311421710786014,,,,,,,0.02466646081011105,-0.02466646081011105
308,TFAP2C,-0.00139915536340815,0.00139915536340815,0.008672781567454164,-0.008672781567454164,-0.006730069559742119,0.006730069559742119,-0.00040361577542003674,0.00040361577542003674,,,,,-0.0006718306059173285,0.0006718306059173285
309,BMP7,0.0016564674085945072,-0.0016564674085945072,-0.0033829720926010845,0.0033829720926010845,-0.0012433802128284654,0.0012433802128284654,0.004222668137756257,-0.004222668137756257,,,,,,
310,CDH4,-0.007639694710383629,0.007639694710383629,-0.00560356905320504,0.00560356905320504,-0.0006009132186069188,0.0006009132186069188,0.00460946394228702,-0.00460946394228702,,,,,-0.0008969620881930651,0.0008969620881930651
311,B230312C02RIK,0.005891852037771539,-0.005891852037771539,0.001765967615154948,-0.001765967615154948,,,0.0037944805152144226,-0.0037944805152144226,,,,,,
312,NKAIN4,-0.01359440358284797,0.01359440358284797,-0.003717112879796168,0.003717112879796168,-0.0018937219418384901,0.0018937219418384901,0.0022195451040599307,-0.0022195451040599307,,,,,0.006085068897341502,-0.006085068897341502
313,MYT1,0.0028932062925933408,-0.0028932062925933408,0.0017967855543326652,-0.0017967855543326652,-0.0019346520094466954,0.0019346520094466954,-0.0036555878521048954,0.0036555878521048954,,,,,0.0001898506758852836,-0.0001898506758852836
314,1110015O18RIK,0.003587254049172199,-0.003587254049172199,-0.004520874087013647,0.004520874087013647,-0.00602209637857995,0.00602209637857995,-0.005175985276416134,0.005175985276416134,,,1.452310494087783e-14,-1.452310494087783e-14,,
315,2700069I18RIK,0.0038520483617994553,-0.0038520483617994553,-0.010588199949888862,0.010588199949888862,-0.00829949419702717,0.00829949419702717,,,,,,,,
316,ZFHX4,0.01194244829017442,-0.01194244829017442,-0.0035138056485408548,0.0035138056485408548,-0.004815348332041523,0.004815348332041523,-0.002796224380212986,0.002796224380212986,,,,,0.0383358689453484,-0.0383358689453484
317,PAG1,-0.0030070338196648977,0.0030070338196648977,-0.005828632333462348,0.005828632333462348,-0.001396113031558982,0.001396113031558982,0.0023619645083043372,-0.0023619645083043372,,,,,0.00013612859047461984,-0.00013612859047461984
318,RALYL,-0.001149548468245748,0.001149548468245748,-0.005840388347611525,0.005840388347611525,0.00011176395376046727,-0.00011176395376046727,0.0004175906741035393,-0.0004175906741035393,,,,,-0.0006450764966713304,0.0006450764966713304
319,CAR2,,,0.008702963282810852,-0.008702963282810852,,,-0.001067556526910457,0.001067556526910457,0.00020298710480107923,-0.00020298710480107923,,,-0.0017803583576247659,0.0017803583576247659
320,CYP7B1,0.0007909130676643922,-0.0007909130676643922,-0.013705497341941111,0.013705497341941111,-0.003774438639008823,0.003774438639008823,-0.0013218366564958645,0.0013218366564958645,,,,,0.0030934004315940553,-0.0030934004315940553
321,CP,,,0.008443571589193254,-0.008443571589193254,-0.00650774936085885,0.00650774936085885,,,,,,,,
322,ECT2,-0.008273047343505445,0.008273047343505445,0.0016234460390776861,-0.0016234460390776861,-0.005574718334060293,0.005574718334060293,0.0018430276190395806,-0.0018430276190395806,,,,,0.01821793720972774,-0.01821793720972774
323,FNDC3B,-0.0048666814023799534,0.0048666814023799534,0.003163009203503847,-0.003163009203503847,-0.00835028418799904,0.00835028418799904,-0.0007687905087909869,0.0007687905087909869,,,,,0.04153466098191265,-0.04153466098191265
324,PLD1,,,-0.008271369020161831,0.008271369020161831,0.0003061970738061706,-0.0003061970738061706,,,,,,,,
325,EGFEM1,0.010447096912997618,-0.010447096912997618,-0.003607422154824569,0.003607422154824569,-0.0018718267051206633,0.0018718267051206633,-0.003434773468658177,0.003434773468658177,,,,,-0.00034110278566115704,0.00034110278566115704
326,MECOM,,,-0.005881234099820699,0.005881234099820699,0.009875276606300866,-0.009875276606300866,0.003451677901053607,-0.003451677901053607,,,,,,
327,KCNMB2,-0.0025337256484760026,0.0025337256484760026,-0.005454594039770874,0.005454594039770874,0.0009627707646764141,-0.0009627707646764141,0.0019499579626923655,-0.0019499579626923655,,,,,0.0010686482489023208,-0.0010686482489023208
328,PEX5L,0.0027170944530404695,-0.0027170944530404695,-0.019704221318610576,0.019704221318610576,-0.002211285357525003,0.002211285357525003,-0.005898652960677389,0.005898652960677389,,,,,,
329,SOX2,-0.013077168283593829,0.013077168283593829,-0.002502565200321105,0.002502565200321105,-0.011144643300016722,0.011144643300016722,0.0005430836224171662,-0.0005430836224171662,,,,,-0.002040647611222003,0.002040647611222003
330,CCNA2,0.0014142921467055203,-0.0014142921467055203,-0.0008477644050989552,0.0008477644050989552,-0.008955360472148885,0.008955360472148885,0.008994328965744161,-0.008994328965744161,,,,,0.004902933771249028,-0.004902933771249028
331,TRPC3,0.008039842479377966,-0.008039842479377966,0.004130019743764465,-0.004130019743764465,-0.011817909964099975,0.011817909964099975,-0.0022929145943051607,0.0022929145943051607,,,,,,
332,INTU,0.014788374651441914,-0.014788374651441914,0.007478369243462929,-0.007478369243462929,-0.006422941911111001,0.006422941911111001,0.024177993026811846,-0.024177993026811846,,,,,0.00040641944420028234,-0.00040641944420028234
333,PLK4,-0.004827338351054283,0.004827338351054283,-0.0032206471612642243,0.0032206471612642243,0.0013866664840679194,-0.0013866664840679194,0.004693048176685706,-0.004693048176685706,,,,,0.0014210867691917053,-0.0014210867691917053
334,LARP1B,-0.007127485972296614,0.007127485972296614,-0.00665945913402341,0.00665945913402341,0.0005228259724507078,-0.0005228259724507078,0.029654570671181463,-0.029654570671181463,,,,,-0.00247095021833469,0.00247095021833469
335,2610316D01RIK,-0.008645587927308955,0.008645587927308955,-0.004829069571842114,0.004829069571842114,-0.0035459647313888093,0.0035459647313888093,-0.00562668164677807,0.00562668164677807,,,,,0.005149052556864878,-0.005149052556864878
336,PCDH10,-0.008507710104198693,0.008507710104198693,-0.0018894120193260686,0.0018894120193260686,0.012969930646271437,-0.012969930646271437,0.009314346830588682,-0.009314346830588682,,,,,0.005914184212886323,-0.005914184212886323
337,PABPC4L,,,-0.014096145774643194,0.014096145774643194,,,,,,,,,,
338,SLC7A11,0.013517156602101989,-0.013517156602101989,0.014303223729223914,-0.014303223729223914,,,-0.0008801903570082314,0.0008801903570082314,,,,,,
339,MAML3,-0.0013360257718631474,0.0013360257718631474,0.0099022310479593,-0.0099022310479593,-0.0013291700053225455,0.0013291700053225455,0.001561872680676632,-0.001561872680676632,0.022234380480576355,-0.022234380480576355,,,-0.0007283111673243095,0.0007283111673243095
340,FOXO1,-0.0040821940791897215,0.0040821940791897215,0.0015120341667379453,-0.0015120341667379453,3.741333236011862e-05,-3.741333236011862e-05,-0.0001904678125218412,0.0001904678125218412,,,,,-0.004534615831871057,0.004534615831871057
341,LHFP,-0.006826269235048789,0.006826269235048789,-0.01232603981646286,0.01232603981646286,0.011146756306389068,-0.011146756306389068,,,,,,,-0.0016952498006404457,0.0016952498006404457
342,FREM2,-0.00018811406057107904,0.00018811406057107904,-0.007179640596649599,0.007179640596649599,-0.012597774825122032,0.012597774825122032,,,,,,,,
343,TRPC4,-0.006089461265361522,0.006089461265361522,0.003695297310132545,-0.003695297310132545,0.004477077154951534,-0.004477077154951534,-0.0007475100011140046,0.0007475100011140046,0.0003266009018583621,-0.0003266009018583621,,,,
344,WWTR1,-0.01052177257132235,0.01052177257132235,0.0030574864274054356,-0.0030574864274054356,-0.008213023040364649,0.008213023040364649,,,,,,,-9.281109527452952e-05,9.281109527452952e-05
345,MED12L,0.0012588830054819644,-0.0012588830054819644,0.0024750485338439557,-0.0024750485338439557,0.005050009550613015,-0.005050009550613015,0.003944707495535722,-0.003944707495535722,,,,,-0.0014184598084936509,0.0014184598084936509
346,ARHGEF26,0.011864955938562433,-0.011864955938562433,-0.0013608845348377988,0.0013608845348377988,-0.004731169728047754,0.004731169728047754,-0.004181859613179913,0.004181859613179913,,,,,0.006919838512069072,-0.006919838512069072
347,MME,-0.008047379776601998,0.008047379776601998,0.008376451886972898,-0.008376451886972898,0.0004634658533870101,-0.0004634658533870101,-0.001556251139566707,0.001556251139566707,,,,,0.00025194092643048005,-0.00025194092643048005
348,PLCH1,-0.007170046887712035,0.007170046887712035,-0.004289838108765522,0.004289838108765522,-0.005664270153853568,0.005664270153853568,,,,,,,-0.003872977677807969,0.003872977677807969
349,KCNAB1,-0.013810814607701997,0.013810814607701997,,,0.00556567940237486,-0.00556567940237486,-0.007520267953137955,0.007520267953137955,,,,,-1.5265566588595902e-16,1.5265566588595902e-16
350,A330015K06RIK,-0.0036615309646723937,0.0036615309646723937,-0.004123119902038175,0.004123119902038175,-0.00812613180706933,0.00812613180706933,0.00445009201778588,-0.00445009201778588,,,,,-0.0015886577642854269,0.0015886577642854269
351,VEPH1,,,-0.005089668151174391,0.005089668151174391,-0.0033554912280176485,0.0033554912280176485,,,,,,,,
352,PTX3,0.020550598904216767,-0.020550598904216767,0.012851878726463262,-0.012851878726463262,0.014650894942143097,-0.014650894942143097,0.003185421553943975,-0.003185421553943975,,,,,0.0011965687864715566,-0.0011965687864715566
353,SCHIP1,-0.00392982599182768,0.00392982599182768,0.0067721596412520235,-0.0067721596412520235,0.0017807667462801102,-0.0017807667462801102,0.0002949226747465533,-0.0002949226747465533,,,,,0.030680728790499722,-0.030680728790499722
354,SMC4,-0.004230688387934417,0.004230688387934417,-0.0006471807034703903,0.0006471807034703903,-0.007026519750157834,0.007026519750157834,0.005978851372798834,-0.005978851372798834,,,,,0.028111852054922552,-0.028111852054922552
355,TRIM59,-0.002387444841539403,0.002387444841539403,-0.007823027105325703,0.007823027105325703,0.0009581818338105161,-0.0009581818338105161,0.0008893161083962792,-0.0008893161083962792,,,,,,
356,GM20754,-0.004765175103115027,0.004765175103115027,0.022932792109250193,-0.022932792109250193,-0.008680338151522256,0.008680338151522256,0.000757129078951424,-0.000757129078951424,,,,,,
357,4930509J09RIK,-0.03868467388532271,0.03868467388532271,,,-0.007304438931834328,0.007304438931834328,,,,,,,0.011018646580455031,-0.011018646580455031
358,GOLIM4,-0.003558363444448369,0.003558363444448369,-0.005128652643903171,0.005128652643903171,-0.005053638372182694,0.005053638372182694,-0.002102024083703101,0.002102024083703101,,,,,0.000810186522237695,-0.000810186522237695
359,FSTL5,-0.001696639659507379,0.001696639659507379,0.007771114073711866,-0.007771114073711866,-0.008965082364600127,0.008965082364600127,0.04210468535050376,-0.04210468535050376,,,,,-0.003249170804395546,0.003249170804395546
360,PDGFC,-0.0008907854564376635,0.0008907854564376635,-0.008697484815707562,0.008697484815707562,-0.00026322305370826,0.00026322305370826,-0.001114286310106731,0.001114286310106731,,,,,-0.0006103597333524599,0.0006103597333524599
361,CTSO,-0.005640201486847879,0.005640201486847879,-0.0063259038538540854,0.0063259038538540854,0.007390938684409695,-0.007390938684409695,0.00849091223087154,-0.00849091223087154,,,,,,
362,GUCY1B1,0.0021364418162027263,-0.0021364418162027263,-0.0064203080072804675,0.0064203080072804675,-0.005490973767824023,0.005490973767824023,0.0013810896985702037,-0.0013810896985702037,0.00014851389175544322,-0.00014851389175544322,5.294376048681215e-15,-5.294376048681215e-15,0.006579101380088714,-0.006579101380088714
363,GUCY1A1,0.003285970675792324,-0.003285970675792324,-0.008937600136519099,0.008937600136519099,0.006479595210274386,-0.006479595210274386,,,5.5932774992731304e-05,-5.5932774992731304e-05,3.2612801348363973e-16,-3.2612801348363973e-16,,
364,DCHS2,-0.005889625938051521,0.005889625938051521,0.00884309546820388,-0.00884309546820388,-0.006596160389911607,0.006596160389911607,1.9355129668260918e-05,-1.9355129668260918e-05,,,,,0.02469143088234338,-0.02469143088234338
365,SFRP2,-0.0026560725888884265,0.0026560725888884265,0.002339930314711698,-0.002339930314711698,0.005938669384160863,-0.005938669384160863,-0.004467540564894762,0.004467540564894762,,,,,0.00018499072032084063,-0.00018499072032084063
366,SH3D19,-0.0033923304192152656,0.0033923304192152656,-0.009331462175336182,0.009331462175336182,-0.0025182784955886453,0.0025182784955886453,0.0031507750332312803,-0.0031507750332312803,0.011104966620045176,-0.011104966620045176,,,0.0037530035518829052,-0.0037530035518829052
367,KIRREL,-0.005577813719606688,0.005577813719606688,-0.011518333950059217,0.011518333950059217,-0.005315536006692281,0.005315536006692281,-0.0007954897326053617,0.0007954897326053617,,,,,0.015551597683217233,-0.015551597683217233
368,BCAN,-0.01326923470478842,0.01326923470478842,-0.0027208325778793896,0.0027208325778793896,-0.007633690995491993,0.007633690995491993,,,,,,,,
369,IQGAP3,,,0.007121337612655536,-0.007121337612655536,0.0044256038595830854,-0.0044256038595830854,,,,,,,,
370,CKS1B,-0.0024660955766995438,0.0024660955766995438,-0.005807510897808461,0.005807510897808461,0.006673762832093193,-0.006673762832093193,-0.0031801132978421173,0.0031801132978421173,0.015015551458475412,-0.015015551458475412,,,0.01643291431029724,-0.01643291431029724
371,PBXIP1,0.0020155345384063744,-0.0020155345384063744,0.004168058311360745,-0.004168058311360745,-0.012640511638039392,0.012640511638039392,,,,,,,0.025728599353151714,-0.025728599353151714
372,KCNN3,-0.005217208941790105,0.005217208941790105,0.009530132261003181,-0.009530132261003181,-0.0023222055098041164,0.0023222055098041164,0.0015672127504300429,-0.0015672127504300429,,,,,0.0023358616294458096,-0.0023358616294458096
373,S100A1,,,-0.0009350384353166291,0.0009350384353166291,0.010792507677348746,-0.010792507677348746,-0.0009144123827545259,0.0009144123827545259,,,,,,
374,S100A6,,,0.005914405539422948,-0.005914405539422948,,,,,,,,,,
375,GABPB2,0.0016229282755439028,-0.0016229282755439028,0.002227561619463213,-0.002227561619463213,-0.004998379922274851,0.004998379922274851,-0.003227739679305598,0.003227739679305598,,,4.15639744844043e-15,-4.15639744844043e-15,0.035490228570959556,-0.035490228570959556
376,ADAMTSL4,-0.014134502666109747,0.014134502666109747,0.009312640998016382,-0.009312640998016382,,,-0.011599254849966358,0.011599254849966358,0.0001861603548614782,-0.0001861603548614782,,,,
377,BC028528,-0.016158486880133948,0.016158486880133948,-0.010513926038565762,0.010513926038565762,0.004823917148330678,-0.004823917148330678,0.008557360314566144,-0.008557360314566144,,,,,0.018546178540398216,-0.018546178540398216
378,TXNIP,-0.004366485546091349,0.004366485546091349,-0.009944538642442227,0.009944538642442227,0.007437353416361772,-0.007437353416361772,0.002828337571105864,-0.002828337571105864,,,,,0.0012166377716020908,-0.0012166377716020908
379,NOTCH2,-0.0032413480312460316,0.0032413480312460316,-0.0014643147761995642,0.0014643147761995642,-0.0032700217189679595,0.0032700217189679595,-0.00633310870708758,0.00633310870708758,-0.022717884713305436,0.022717884713305436,,,0.0024834326404670135,-0.0024834326404670135
380,PHGDH,0.0006200354727244409,-0.0006200354727244409,0.01680059952100798,-0.01680059952100798,0.0018439863824162017,-0.0018439863824162017,0.005361958221652828,-0.005361958221652828,,,,,-0.0009784574515600067,0.0009784574515600067
381,TBX15,0.02104555660890734,-0.02104555660890734,,,-0.009869954345711154,0.009869954345711154,0.00021815329196098188,-0.00021815329196098188,,,,,,
382,TTF2,-0.006951938039576354,0.006951938039576354,-0.005586445292206602,0.005586445292206602,0.004340326305971552,-0.004340326305971552,0.007110727258508455,-0.007110727258508455,,,,,0.03527958603629153,-0.03527958603629153
383,PTGFRN,0.011853175638491295,-0.011853175638491295,-0.003288037127096216,0.003288037127096216,-0.008812625778464929,0.008812625778464929,0.005770241958496881,-0.005770241958496881,,,,,0.001479307322422574,-0.001479307322422574
384,SYT6,0.009585626185415183,-0.009585626185415183,0.012229285677043629,-0.012229285677043629,0.0026765249653166803,-0.0026765249653166803,0.0008985892582478311,-0.0008985892582478311,,,,,0.0032381064008580596,-0.0032381064008580596
385,GM43066,0.020222657775139687,-0.020222657775139687,-0.015380383094582575,0.015380383094582575,-0.005363688900002814,0.005363688900002814,,,,,,,,
386,MAGI3,-0.00435262995767835,0.00435262995767835,0.00013523122752216038,-0.00013523122752216038,-0.000368319857164609,0.000368319857164609,-0.00073953320766907,0.00073953320766907,,,,,0.00037663237535384697,-0.00037663237535384697
387,KCND3,-0.003662551742359167,0.003662551742359167,0.005846139140811807,-0.005846139140811807,0.004598480061554021,-0.004598480061554021,-0.0015354135607727262,0.0015354135607727262,,,,,0.00018366798799709233,-0.00018366798799709233
388,INKA2,-0.001307077875314741,0.001307077875314741,-0.0013002107959088627,0.0013002107959088627,0.003825576327660292,-0.003825576327660292,,,,,,,,
389,GM27008,0.004025027365122065,-0.004025027365122065,-0.007071543341313304,0.007071543341313304,0.003683563990763604,-0.003683563990763604,0.0063907848975674544,-0.0063907848975674544,,,,,0.007220097844816711,-0.007220097844816711
390,PSRC1,-0.009148512909937317,0.009148512909937317,-0.015862817201283068,0.015862817201283068,0.007075156020957422,-0.007075156020957422,0.006335095118747955,-0.006335095118747955,,,,,0.004624685049010979,-0.004624685049010979
391,GPSM2,-0.008927943427796216,0.008927943427796216,-0.005401544708813474,0.005401544708813474,-0.0038002015595826125,0.0038002015595826125,-0.0059344932633341105,0.0059344932633341105,,,,,0.035259237126566395,-0.035259237126566395
392,VAV3,-0.005979257913604277,0.005979257913604277,-0.006575837426300794,0.006575837426300794,0.002032237522647612,-0.002032237522647612,-0.0016619026077902138,0.0016619026077902138,,,,,,
393,NTNG1,-0.010095786027648289,0.010095786027648289,0.004846365177589768,-0.004846365177589768,-0.004456411178372033,0.004456411178372033,-0.001060645354772717,0.001060645354772717,0.0001542483634111233,-0.0001542483634111233,,,,
394,COL11A1,0.00052564192891668,-0.00052564192891668,-0.00591857849263009,0.00591857849263009,-0.0005907123683244822,0.0005907123683244822,,,-0.003801921915424597,0.003801921915424597,,,0.0021323847211679667,-0.0021323847211679667
395,OLFM3,,,-0.011593811807922363,0.011593811807922363,-0.008872458565515568,0.008872458565515568,-3.469446951953614e-17,3.469446951953614e-17,,,,,,
396,S1PR1,0.0065257653737739035,-0.0065257653737739035,-0.00614175168497013,0.00614175168497013,-0.015270323916347167,0.015270323916347167,,,,,-5.100087019371813e-14,5.100087019371813e-14,,
397,VCAM1,,,-0.00514773173541315,0.00514773173541315,,,,,,,,,,
398,CDC14A,-0.006558597335301536,0.006558597335301536,0.007584013416955145,-0.007584013416955145,-0.0060396587450241915,0.0060396587450241915,0.002236840292028211,-0.002236840292028211,,,,,0.004634536358736424,-0.004634536358736424
399,PALMD,-0.003156737322502795,0.003156737322502795,0.003846167341272737,-0.003846167341272737,-0.0019381618148376079,0.0019381618148376079,-0.004341580008265296,0.004341580008265296,,,,,-0.0026485094443874924,0.0026485094443874924
400,PLPPR4,0.0045217936817440185,-0.0045217936817440185,0.010190568489844204,-0.010190568489844204,0.0066060648416543105,-0.0066060648416543105,0.0008028016085661754,-0.0008028016085661754,,,,,,
401,PLPPR5,0.0014395569929872704,-0.0014395569929872704,-0.007899203170149485,0.007899203170149485,-0.005610719307303176,0.005610719307303176,-0.0006269412205190047,0.0006269412205190047,,,,,0.030473315939404638,-0.030473315939404638
402,SNX7,-0.005416464193925316,0.005416464193925316,-0.007308753444729123,0.007308753444729123,-0.00013398366376469323,0.00013398366376469323,-0.002150875711209435,0.002150875711209435,-2.1785402713685176e-05,2.1785402713685176e-05,,,9.633850981951089e-05,-9.633850981951089e-05
403,GM26871,-0.003022359334839561,0.003022359334839561,-0.014824039443622782,0.014824039443622782,0.0005286486783539629,-0.0005286486783539629,-0.0010228695725662817,0.0010228695725662817,,,,,-0.00019700447448374805,0.00019700447448374805
404,DPYD,-0.011798676953837808,0.011798676953837808,-0.008154756863755289,0.008154756863755289,-0.005424820215851417,0.005424820215851417,-0.001512541609264846,0.001512541609264846,,,,,0.0019484958776694525,-0.0019484958776694525
405,6530403H02RIK,0.014878454681042597,-0.014878454681042597,0.0005589968223301059,-0.0005589968223301059,0.004405784229761206,-0.004405784229761206,-0.004536221553928341,0.004536221553928341,,,,,-0.0006429212151369719,0.0006429212151369719
406,ARHGAP29,0.0031513473886221194,-0.0031513473886221194,0.005233553437034522,-0.005233553437034522,-0.0007085734676405969,0.0007085734676405969,0.0034885507035190833,-0.0034885507035190833,,,,,0.005024709345496231,-0.005024709345496231
407,BCAR3,-0.005268083751039002,0.005268083751039002,-0.008253118397944709,0.008253118397944709,-0.017814986735219952,0.017814986735219952,,,,,1.5056705882088295e-13,-1.5056705882088295e-13,0.0015497026467191123,-0.0015497026467191123
408,PDE5A,-0.015134289780879932,0.015134289780879932,-0.0024567035098123358,0.0024567035098123358,0.006769871470956666,-0.006769871470956666,0.005311433305186082,-0.005311433305186082,,,,,0.00868180753080585,-0.00868180753080585
409,4933405D12RIK,-0.0024089908223516587,0.0024089908223516587,0.010293280631862703,-0.010293280631862703,-0.013045244456030447,0.013045244456030447,-0.004323336056611039,0.004323336056611039,,,,,0.0021399190132548943,-0.0021399190132548943
410,SYNPO2,0.020937582065358375,-0.020937582065358375,0.00362709870884579,-0.00362709870884579,0.00222990311379756,-0.00222990311379756,,,,,,,,
411,SEC24D,0.0017456181199805507,-0.0017456181199805507,-0.005641533410971934,0.005641533410971934,-0.0020108253085546063,0.0020108253085546063,-0.0043952978086404665,0.0043952978086404665,6.178486098114971e-05,-6.178486098114971e-05,,,0.00409656776019993,-0.00409656776019993
412,PRSS12,-0.010826450069883677,0.010826450069883677,-0.011115844629554172,0.011115844629554172,0.005730253526426719,-0.005730253526426719,,,,,,,0.004604806551917133,-0.004604806551917133
413,NDST3,-0.007176399587653939,0.007176399587653939,-0.0016948842268926165,0.0016948842268926165,-0.004746315342488976,0.004746315342488976,0.0009128617934893446,-0.0009128617934893446,0.014008852196017815,-0.014008852196017815,,,0.0026379753799432963,-0.0026379753799432963
414,NDST4,-0.02459852161851667,0.02459852161851667,0.02289126952986524,-0.02289126952986524,,,-0.004756452121511268,0.004756452121511268,0.001102032686615878,-0.001102032686615878,,,,
415,CAMK2D,-0.005086090053172641,0.005086090053172641,-0.0006525048487832988,0.0006525048487832988,0.00876007946096418,-0.00876007946096418,-0.00015894700411358403,0.00015894700411358403,,,,,,
416,ZGRF1,-0.0021638346879375506,0.0021638346879375506,0.007646416381872509,-0.007646416381872509,-0.007268341305994817,0.007268341305994817,0.007776726727532872,-0.007776726727532872,,,,,0.006754720247982335,-0.006754720247982335
417,NEUROG2,0.00038271660896885967,-0.00038271660896885967,0.013351374759035792,-0.013351374759035792,-0.002514852651239609,0.002514852651239609,0.008546986870536587,-0.008546986870536587,,,,,,
418,ALPK1,-0.0055238006954035565,0.0055238006954035565,0.022252852635853963,-0.022252852635853963,-0.006013192330633937,0.006013192330633937,-0.005861061669799668,0.005861061669799668,,,,,0.032657850775828876,-0.032657850775828876
419,COL25A1,0.0033011608940084827,-0.0033011608940084827,-0.003778668300018502,0.003778668300018502,-0.0037233126152932602,0.0037233126152932602,-0.0005078293852190593,0.0005078293852190593,,,,,0.00032563581845963807,-0.00032563581845963807
420,LEF1,-0.0010620249436569182,0.0010620249436569182,0.0034691809016826614,-0.0034691809016826614,-0.00841442303919502,0.00841442303919502,-0.0026946168420292835,0.0026946168420292835,,,,,0.0011924325225220744,-0.0011924325225220744
421,DKK2,-0.0051262632993016866,0.0051262632993016866,-0.004131212556922177,0.004131212556922177,-0.013870584604024495,0.013870584604024495,,,,,,,,
422,GM42567,0.0021299614769045086,-0.0021299614769045086,-0.0014290365427065271,0.0014290365427065271,-0.009593026301603184,0.009593026301603184,-0.0015817265518974014,0.0015817265518974014,,,,,,
423,GM26691,-0.006023648830051735,0.006023648830051735,0.0004618837638632606,-0.0004618837638632606,-0.006311272346328951,0.006311272346328951,0.009131163223869317,-0.009131163223869317,,,,,-0.002332811543157537,0.002332811543157537
424,CXXC4,-0.0006739138984455592,0.0006739138984455592,0.003899263215464542,-0.003899263215464542,0.0033433149217285962,-0.0033433149217285962,0.003872856996851845,-0.003872856996851845,,,,,0.005174382579804675,-0.005174382579804675
425,TACR3,,,0.003711531800948749,-0.003711531800948749,0.011298921303800648,-0.011298921303800648,,,,,,,0.02072206418341381,-0.02072206418341381
426,CENPE,0.011920058627817143,-0.011920058627817143,0.005372571544832595,-0.005372571544832595,-0.006649979304542447,0.006649979304542447,0.006452018521756371,-0.006452018521756371,,,,,-0.00033467766192405574,0.00033467766192405574
427,MANBA,0.020457218688188505,-0.020457218688188505,0.009440302344302341,-0.009440302344302341,,,-0.00810739443803226,0.00810739443803226,,,,,,
428,SLC39A8,-0.0001268430665156972,0.0001268430665156972,0.006156286136332956,-0.006156286136332956,,,,,,,,,,
429,H2AFZ,0.001321980901886767,-0.001321980901886767,-0.00495726524759179,0.00495726524759179,0.003955715190779044,-0.003955715190779044,-0.0020990314708791424,0.0020990314708791424,,,,,-0.0011452492342956394,0.0011452492342956394
430,DAPP1,,,-0.0018997043858485357,0.0018997043858485357,-3.597627341801746e-05,3.597627341801746e-05,,,,,,,,
431,UNC5C,-0.0045457367966102585,0.0045457367966102585,-0.010651945242375081,0.010651945242375081,-0.0009029880647068028,0.0009029880647068028,0.004851916953437813,-0.004851916953437813,,,,,0.010079430060003232,-0.010079430060003232
432,BMPR1B,-0.0013057940367389165,0.0013057940367389165,-0.0032483332864529715,0.0032483332864529715,-0.00024947530632952325,0.00024947530632952325,0.003952412820400798,-0.003952412820400798,,,,,-0.0001387054000554222,0.0001387054000554222
433,PDLIM5,0.014557290210117889,-0.014557290210117889,-0.005325731754563176,0.005325731754563176,-0.01275996891359836,0.01275996891359836,,,,,,,0.0003727517536116706,-0.0003727517536116706
434,KYAT3,-0.0001968406176246218,0.0001968406176246218,-0.012652876681693341,0.012652876681693341,-0.005283658386951308,0.005283658386951308,0.0006110492750823204,-0.0006110492750823204,,,,,0.005423059165936543,-0.005423059165936543
435,LMO4,-0.0030474753680715116,0.0030474753680715116,0.0027129560877197922,-0.0027129560877197922,0.00316105340332639,-0.00316105340332639,-0.004479860427287194,0.004479860427287194,,,,,0.024465010667325177,-0.024465010667325177
436,CCN1,-0.014144746694491776,0.014144746694491776,0.0028060755460031783,-0.0028060755460031783,-0.004310057228433188,0.004310057228433188,0.004918002716183326,-0.004918002716183326,,,,,,
437,DDAH1,0.0022115016705474277,-0.0022115016705474277,-0.002157143646142008,0.002157143646142008,0.004357957163678559,-0.004357957163678559,0.006757075281994811,-0.006757075281994811,,,,,0.0008365233846545882,-0.0008365233846545882
438,SPATA1,0.011407383889353216,-0.011407383889353216,-0.006646097224255854,0.006646097224255854,-0.0026264127927235134,0.0026264127927235134,0.00014887048130651087,-0.00014887048130651087,,,,,0.009642937611126775,-0.009642937611126775
439,GM30382,0.005628732216680851,-0.005628732216680851,-0.004012469617796284,0.004012469617796284,-0.0004051932353288379,0.0004051932353288379,0.0002337433639121242,-0.0002337433639121242,,,2.005340338229189e-15,-2.005340338229189e-15,,
440,AK5,-0.013628494801848069,0.013628494801848069,-0.0011320550099586865,0.0011320550099586865,-0.00385944403526519,0.00385944403526519,-0.0060661763874383726,0.0060661763874383726,,,,,0.0020131116243490635,-0.0020131116243490635
441,PIGK,-0.009445819809270353,0.009445819809270353,-0.0024875488730629683,0.0024875488730629683,-0.005712282441570328,0.005712282441570328,-0.0010179557933951214,0.0010179557933951214,,,,,0.002118804724580703,-0.002118804724580703
442,ST6GALNAC5,-0.007946772872519242,0.007946772872519242,-0.010610242127657328,0.010610242127657328,-0.0013102065062808171,0.0013102065062808171,-0.0011166538055972577,0.0011166538055972577,0.00034189725971468105,-0.00034189725971468105,,,0.04152341786164539,-0.04152341786164539
443,SLC44A5,-0.006277384559521405,0.006277384559521405,-0.0030778295769100378,0.0030778295769100378,-0.011068079852396988,0.011068079852396988,0.04250923866574527,-0.04250923866574527,,,,,0.002205096693681935,-0.002205096693681935
444,NEGR1,0.021541320901037213,-0.021541320901037213,-0.00655803368374825,0.00655803368374825,0.003379919027064769,-0.003379919027064769,-0.0029466531883160854,0.0029466531883160854,,,,,0.0008766763284768428,-0.0008766763284768428
445,PTGER3,0.029609736907775255,-0.029609736907775255,,,0.0013364582759438637,-0.0013364582759438637,0.005067681085651324,-0.005067681085651324,,,,,,
446,DEPDC1A,0.014889990700570371,-0.014889990700570371,-0.003898707331507656,0.003898707331507656,0.008731653007891915,-0.008731653007891915,,,,,,,,
447,WLS,0.00827669298703583,-0.00827669298703583,-0.008976985726157828,0.008976985726157828,0.006118088938736721,-0.006118088938736721,,,,,,,-0.003911349462427716,0.003911349462427716
448,LYN,0.009465697735861776,-0.009465697735861776,-0.006085726768231277,0.006085726768231277,-0.001674465594879708,0.001674465594879708,,,0.00045202753520797584,-0.00045202753520797584,,,,
449,TOX,-0.002663769619680921,0.002663769619680921,-0.006853973755557317,0.006853973755557317,-0.0002755474176069292,0.0002755474176069292,0.004823801913219863,-0.004823801913219863,,,,,0.00239292870809648,-0.00239292870809648
450,CAR8,,,-0.010773187968430582,0.010773187968430582,-0.005882287636155406,0.005882287636155406,,,0.0005035277677341021,-0.0005035277677341021,,,,
451,CHD7,0.0007080084056363331,-0.0007080084056363331,-0.005070537282317135,0.005070537282317135,-0.006983692054529242,0.006983692054529242,-0.0007450516788282055,0.0007450516788282055,,,,,0.0005945342133164,-0.0005945342133164
452,RAD54B,-0.006738309487330098,0.006738309487330098,-0.006878354730590702,0.006878354730590702,-0.00311962892004939,0.00311962892004939,0.009118697185846146,-0.009118697185846146,,,,,0.02543046358064155,-0.02543046358064155
453,GEM,0.02424403148737205,-0.02424403148737205,-0.01046740377431643,0.01046740377431643,0.021261948702517783,-0.021261948702517783,0.0024218248881384408,-0.0024218248881384408,,,,,,
454,RUNX1T1,-0.002096994527129664,0.002096994527129664,-0.0026069626770286736,0.0026069626770286736,-0.0001638272855717035,0.0001638272855717035,-0.0007649645086127907,0.0007649645086127907,,,,,-0.0027955598298335174,0.0027955598298335174
455,SLC26A7,0.00018403173868516975,-0.00018403173868516975,-0.013473401663818343,0.013473401663818343,0.0006245992324798791,-0.0006245992324798791,0.0010507934242932199,-0.0010507934242932199,,,,,,
456,NECAB1,-0.0015381022811588943,0.0015381022811588943,-0.00887669121100524,0.00887669121100524,-0.00507087752455531,0.00507087752455531,0.0065868772712907794,-0.0065868772712907794,,,,,0.03129875446791804,-0.03129875446791804
457,MMP16,0.00041341212592618803,-0.00041341212592618803,-0.006730277130647035,0.006730277130647035,-0.0021610637622967027,0.0021610637622967027,-0.003011765004713292,0.003011765004713292,,,,,0.002076390392267303,-0.002076390392267303
458,NKAIN3,0.003026700624438522,-0.003026700624438522,0.004476440251219321,-0.004476440251219321,-0.004023130535223837,0.004023130535223837,-5.899639697409809e-06,5.899639697409809e-06,,,,,0.00039199336234363794,-0.00039199336234363794
459,MMS22L,0.002635866459051006,-0.002635866459051006,-0.00224841836204967,0.00224841836204967,-0.0049821970583242906,0.0049821970583242906,-0.0015757664542622937,0.0015757664542622937,,,3.0461744238152733e-15,-3.0461744238152733e-15,0.014548069287900658,-0.014548069287900658
460,FUT9,0.00888672737090275,-0.00888672737090275,-0.005595901440079432,0.005595901440079432,-0.0024692308364322943,0.0024692308364322943,-0.001243993272808712,0.001243993272808712,,,,,0.00034286989874528565,-0.00034286989874528565
461,EPHA7,-0.0033577891103271085,0.0033577891103271085,-0.006809829781566926,0.006809829781566926,-0.005255106588120707,0.005255106588120707,-0.002110727349631303,0.002110727349631303,,,,,-0.0005220090525845725,0.0005220090525845725
462,ANKRD6,-0.002889336490176149,0.002889336490176149,-0.00629775425700841,0.00629775425700841,-0.0021045274455597507,0.0021045274455597507,-0.0029835043722537813,0.0029835043722537813,,,,,0.001609235555682962,-0.001609235555682962
463,MOB3B,-0.003657407847607791,0.003657407847607791,-0.0042331999174240464,0.0042331999174240464,0.008235900436477907,-0.008235900436477907,,,,,,,,
464,LINGO2,-0.006564225323044001,0.006564225323044001,-0.0015650620462638806,0.0015650620462638806,-0.0025621009522140414,0.0025621009522140414,0.0028549544670060586,-0.0028549544670060586,,,,,0.0026217601850947285,-0.0026217601850947285
465,DDX58,-0.01161044653273146,0.01161044653273146,-0.019975812158179698,0.019975812158179698,,,,,,,,,,
466,B4GALT1,-0.008909409862791484,0.008909409862791484,-0.005602880622854231,0.005602880622854231,0.004176189625892619,-0.004176189625892619,0.005599879531835848,-0.005599879531835848,,,,,0.00454363618644215,-0.00454363618644215
467,KIF24,0.0025717347653279876,-0.0025717347653279876,0.0023434239476233243,-0.0023434239476233243,-0.005929925398150716,0.005929925398150716,0.0004440591384775733,-0.0004440591384775733,0.010048573369282832,-0.010048573369282832,,,-0.0003681753734833121,0.0003681753734833121
468,CNTFR,-0.00944626277274943,0.00944626277274943,0.013524443660554518,-0.013524443660554518,8.100025230205893e-05,-8.100025230205893e-05,-0.0011201569515303864,0.0011201569515303864,,,,,0.009846377310494845,-0.009846377310494845
469,RECK,0.0006227147970797528,-0.0006227147970797528,-0.014286905187550537,0.014286905187550537,-0.00731420792342348,0.00731420792342348,-0.004507278872319945,0.004507278872319945,,,,,0.004964957141920079,-0.004964957141920079
470,MELK,-0.006657378570566426,0.006657378570566426,-0.005515469487551224,0.005515469487551224,0.007254060890195313,-0.007254060890195313,0.010713912585960363,-0.010713912585960363,-0.028427963941677487,0.028427963941677487,,,0.01789950226758267,-0.01789950226758267
471,SHB,-0.00020905645628877673,0.00020905645628877673,-0.0025997105238103266,0.0025997105238103266,-0.0035061112778838055,0.0035061112778838055,0.0050963784779483184,-0.0050963784779483184,0.006117638482828314,-0.006117638482828314,,,0.00041179602187075073,-0.00041179602187075073
472,GABBR2,-0.005966965570834412,0.005966965570834412,-0.004772835467014541,0.004772835467014541,-0.0005853360417626963,0.0005853360417626963,-0.006509150266978944,0.006509150266978944,,,,,,
473,COL15A1,0.009184121646193227,-0.009184121646193227,-0.0037518790542475575,0.0037518790542475575,-0.0008781257850383611,0.0008781257850383611,0.01172763029407052,-0.01172763029407052,,,,,0.002275983691984583,-0.002275983691984583
474,TGFBR1,0.0029679574856159643,-0.0029679574856159643,0.008501111492117637,-0.008501111492117637,0.001013197963097845,-0.001013197963097845,0.00015243263095553877,-0.00015243263095553877,,,,,-0.007506231374119637,0.007506231374119637
475,GRIN3A,0.0034930058043434326,-0.0034930058043434326,0.004804081848627129,-0.004804081848627129,0.008129119690285687,-0.008129119690285687,0.014294972610468984,-0.014294972610468984,,,,,,
476,SMC2,-0.00038235994323717465,0.00038235994323717465,-0.003273915908434233,0.003273915908434233,-0.0006621587619189545,0.0006621587619189545,-0.0004966827304845461,0.0004966827304845461,,,,,-0.007342234164867352,0.007342234164867352
477,ABCA1,-0.005943984915981061,0.005943984915981061,0.00936431712178662,-0.00936431712178662,-0.006839013996094011,0.006839013996094011,,,,,,,0.04130824555019532,-0.04130824555019532
478,CTNNAL1,-0.0030304809880265723,0.0030304809880265723,-0.01499039020179354,0.01499039020179354,0.0028486061285022957,-0.0028486061285022957,-0.0011233028896565356,0.0011233028896565356,,,,,0.01991863703214916,-0.01991863703214916
479,LPAR1,-0.018912258984628713,0.018912258984628713,-0.007714588462720329,0.007714588462720329,-0.00998999181104792,0.00998999181104792,0.00967984162553416,-0.00967984162553416,,,,,0.00413792972130006,-0.00413792972130006
480,E130308A19RIK,-0.003829163128920489,0.003829163128920489,-0.005120345204133701,0.005120345204133701,-0.003063136570355972,0.003063136570355972,-0.002616120661526694,0.002616120661526694,,,,,0.03136510035974816,-0.03136510035974816
481,RGS3,-0.005815596524818667,0.005815596524818667,-0.007029462281452514,0.007029462281452514,0.0008499478117247605,-0.0008499478117247605,0.0008888153184518147,-0.0008888153184518147,,,,,0.0019527613259639615,-0.0019527613259639615
482,COL27A1,,,-0.0027575309583747973,0.0027575309583747973,,,,,,,,,0.00046528958493876477,-0.00046528958493876477
483,TNC,-0.004798087199796491,0.004798087199796491,-0.004616865105573374,0.004616865105573374,-0.003027248768508642,0.003027248768508642,,,,,,,,
484,8030451A03RIK,,,-0.00732754957322166,0.00732754957322166,-0.0006961961681994575,0.0006961961681994575,,,,,-4.0245584642661925e-16,4.0245584642661925e-16,0.0008838937003896111,-0.0008838937003896111
485,PAPPA,,,-0.008025892803081157,0.008025892803081157,0.0012064538236444614,-0.0012064538236444614,0.014955213673734251,-0.014955213673734251,,,,,,
486,ASTN2,-0.004949452238478154,0.004949452238478154,-0.008466216039161735,0.008466216039161735,0.02016734623681108,-0.02016734623681108,-0.005149994114101351,0.005149994114101351,,,,,0.00019615987288789521,-0.00019615987288789521
487,BRINP1,-0.001002979215900042,0.001002979215900042,0.0004299967996318696,-0.0004299967996318696,-0.0037968482785989896,0.0037968482785989896,0.000917133039705309,-0.000917133039705309,0.0001044176314341852,-0.0001044176314341852,,,0.0008828711133371248,-0.0008828711133371248
488,TLE1,-0.0051548139294925535,0.0051548139294925535,0.0019617731816382045,-0.0019617731816382045,0.00020964625896702227,-0.00020964625896702227,-0.006162660956671312,0.006162660956671312,,,,,0.0008748738064384629,-0.0008748738064384629
489,LURAP1L,-0.006919654899135715,0.006919654899135715,-0.004574970920894518,0.004574970920894518,-0.004402755144144968,0.004402755144144968,0.031136883089829363,-0.031136883089829363,,,,,,
490,MPDZ,-0.0014882489806927399,0.0014882489806927399,0.00023180765935397474,-0.00023180765935397474,-0.002013128634999757,0.002013128634999757,-0.004031538214033993,0.004031538214033993,,,,,0.018716115235172942,-0.018716115235172942
491,GM11266,-0.0015108454126447207,0.0015108454126447207,-0.0018813761406573717,0.0018813761406573717,0.0007214066578783429,-0.0007214066578783429,0.02017021277896098,-0.02017021277896098,0.009119376625097153,-0.009119376625097153,,,-0.0017865108434856995,0.0017865108434856995
492,ZDHHC21,-0.010011127400280845,0.010011127400280845,-0.0036807537713803087,0.0036807537713803087,0.0036318437274934154,-0.0036318437274934154,-0.003658528337176996,0.003658528337176996,,,,,-0.0006659727950387648,0.0006659727950387648
493,FREM1,,,-0.0033588413107074958,0.0033588413107074958,-0.008712053397943283,0.008712053397943283,,,,,,,,
494,CCDC171,-0.004797110322494025,0.004797110322494025,0.011350416827817497,-0.011350416827817497,0.0021010742329148485,-0.0021010742329148485,-0.00014344915142387032,0.00014344915142387032,,,,,0.0018989630018349524,-0.0018989630018349524
495,CNTLN,-0.006927157013440571,0.006927157013440571,0.005317633311137354,-0.005317633311137354,-0.0031661093620601252,0.0031661093620601252,-0.0038984138340351984,0.0038984138340351984,,,,,0.0080322277710584,-0.0080322277710584
496,SH3GL2,-0.0031756994409449374,0.0031756994409449374,-0.007326592025811228,0.007326592025811228,-0.0022060395097060204,0.0022060395097060204,-0.0013072226822402055,0.0013072226822402055,-0.0034374627190179585,0.0034374627190179585,,,0.02305246078201191,-0.02305246078201191
497,ADAMTSL1,-0.001218307874899717,0.001218307874899717,-0.011719344345147764,0.011719344345147764,-0.004651341709882857,0.004651341709882857,-0.00483213976700738,0.00483213976700738,,,,,,
498,ACER2,-0.001735913711904541,0.001735913711904541,-0.007419510524509995,0.007419510524509995,-0.005921374042867508,0.005921374042867508,0.0035178771418805863,-0.0035178771418805863,0.0004199245018708664,-0.0004199245018708664,,,,
499,SLC24A2,-0.008583368077530414,0.008583368077530414,-0.011538605207052036,0.011538605207052036,0.00059293260984742,-0.00059293260984742,0.00041472890982210964,-0.00041472890982210964,9.733332175844434e-05,-9.733332175844434e-05,,,-0.0011774429422893307,0.0011774429422893307
500,ELAVL2,0.003793330732607382,-0.003793330732607382,-0.004686593766709754,0.004686593766709754,-0.0023923683404008037,0.0023923683404008037,-0.0012200358061265418,0.0012200358061265418,,,,,-0.0011301592481329018,0.0011301592481329018
501,JUN,-0.00603408734065345,0.00603408734065345,-0.010419756075092108,0.010419756075092108,-0.002645615379018758,0.002645615379018758,0.003929438829246387,-0.003929438829246387,0.010352973824760525,-0.010352973824760525,,,0.0007898557571390727,-0.0007898557571390727
502,CYP2J9,,,-0.00823307287558575,0.00823307287558575,,,,,,,,,,
503,E130114P18RIK,0.01627878513580673,-0.01627878513580673,0.0005425148110486319,-0.0005425148110486319,-0.005946823511759708,0.005946823511759708,0.010930867974700283,-0.010930867974700283,,,,,0.0037238243290263727,-0.0037238243290263727
504,PATJ,-0.004138174081431439,0.004138174081431439,0.002604906810204796,-0.002604906810204796,-0.0025748741408654977,0.0025748741408654977,0.04752809415699637,-0.04752809415699637,,,-6.938893903907228e-18,6.938893903907228e-18,0.043285344199769385,-0.043285344199769385
505,ITGB3BP,0.009676316025632507,-0.009676316025632507,0.0008467448910817604,-0.0008467448910817604,0.004587491509807758,-0.004587491509807758,-0.006149102779503743,0.006149102779503743,,,,,-0.000681201282229784,0.000681201282229784
506,ROR1,0.020272700785499788,-0.020272700785499788,-0.0031664121415249866,0.0031664121415249866,0.0028182025092520838,-0.0028182025092520838,,,,,,,0.00033554951139400796,-0.00033554951139400796
507,CACHD1,-0.001226915537093795,0.001226915537093795,0.0067868248842161555,-0.0067868248842161555,-0.0045176904054759146,0.0045176904054759146,0.002956755869264603,-0.002956755869264603,,,,,-1.58456573234253e-05,1.58456573234253e-05
508,RAVER2,0.015756733698305936,-0.015756733698305936,-0.006173304422409612,0.006173304422409612,-0.008476478067312151,0.008476478067312151,,,0.00010252634499804958,-0.00010252634499804958,,,0.0036580948098534558,-0.0036580948098534558
509,PDE4B,0.0029850261444755305,-0.0029850261444755305,-0.0026976813243847417,0.0026976813243847417,0.00552659816488707,-0.00552659816488707,-0.0036290621445154506,0.0036290621445154506,7.090955179826774e-05,-7.090955179826774e-05,,,-0.004542473393722116,0.004542473393722116
510,OMA1,-0.014504015030598727,0.014504015030598727,-0.008861298084287525,0.008861298084287525,-0.0016203714159074636,0.0016203714159074636,-0.0002940327343517804,0.0002940327343517804,,,,,0.04090239136085375,-0.04090239136085375
511,PLPP3,0.0088673194343998,-0.0088673194343998,0.00046754788123030966,-0.00046754788123030966,-0.011575125442593204,0.011575125442593204,0.004022868002804769,-0.004022868002804769,,,,,-0.00030209528481122197,0.00030209528481122197
512,LRP8OS3,-0.012237659845064496,0.012237659845064496,0.005293065018158863,-0.005293065018158863,-0.004568639996797581,0.004568639996797581,0.012363786849225636,-0.012363786849225636,,,,,0.00581086748788006,-0.00581086748788006
513,EPS15,-0.0007194553860486175,0.0007194553860486175,0.0016530874777568247,-0.0016530874777568247,-0.010548087856303151,0.010548087856303151,-0.0038288068299870692,0.0038288068299870692,,,,,0.0002679586436739184,-0.0002679586436739184
514,GM12811,,,-0.0003491375190451812,0.0003491375190451812,,,,,,,,,,
515,ELAVL4,-0.0006938078618712179,0.0006938078618712179,-0.006856890106570937,0.006856890106570937,-0.0028246000704866686,0.0028246000704866686,-0.005731369642756182,0.005731369642756182,,,,,0.0015506865250852903,-0.0015506865250852903
516,AGBL4,-0.016989199154965884,0.016989199154965884,-0.004256285094004143,0.004256285094004143,-0.0049965831700747795,0.0049965831700747795,0.003241405974921202,-0.003241405974921202,,,,,,
517,SPATA6,-0.013273066649487512,0.013273066649487512,0.0022219136042129425,-0.0022219136042129425,,,6.938893903907228e-18,-6.938893903907228e-18,,,,,0.002153021973379972,-0.002153021973379972
518,STIL,-0.0009036369838374414,0.0009036369838374414,0.001019501625698624,-0.001019501625698624,-0.003175297872320376,0.003175297872320376,,,,,,,0.018650318837479606,-0.018650318837479606
519,RAD54L,-0.009980182561938,0.009980182561938,0.004951858525775531,-0.004951858525775531,0.005429738641934266,-0.005429738641934266,,,,,1.720151798778602e-14,-1.720151798778602e-14,0.009425433779430684,-0.009425433779430684
520,PIK3R3,-0.0002254116091135877,0.0002254116091135877,-0.005558419435028453,0.005558419435028453,0.0009905191783927195,-0.0009905191783927195,0.0003566755411485642,-0.0003566755411485642,,,,,-0.0003253032603002873,0.0003253032603002873
521,TESK2,0.002329000482397446,-0.002329000482397446,0.0029936813265101017,-0.0029936813265101017,-0.004321266522320066,0.004321266522320066,0.009493478108446508,-0.009493478108446508,,,,,0.012526722019275748,-0.012526722019275748
522,KIF2C,-0.010642505539356972,0.010642505539356972,-0.0024049881297965522,0.0024049881297965522,-0.0008282263671290299,0.0008282263671290299,,,0.01392501266540877,-0.01392501266540877,,,0.030160015947736103,-0.030160015947736103
523,ARMH1,0.02083570998605911,-0.02083570998605911,0.00034765629803595877,-0.00034765629803595877,,,,,,,,,,
524,CDC20,-0.0035123371935217307,0.0035123371935217307,0.0014249134567156374,-0.0014249134567156374,0.005404945067625233,-0.005404945067625233,0.0005636191463550891,-0.0005636191463550891,,,,,0.005331983292809039,-0.005331983292809039
525,SLC2A1,0.0003941076524683895,-0.0003941076524683895,-0.0025693146629335306,0.0025693146629335306,-0.003950371605365474,0.003950371605365474,0.01868453747752532,-0.01868453747752532,,,,,0.028148349160626515,-0.028148349160626515
526,MFSD2A,0.011760502150668407,-0.011760502150668407,0.002575741608813159,-0.002575741608813159,-0.0024131458735114145,0.0024131458735114145,-0.0037379844741729853,0.0037379844741729853,,,,,0.006742731163372921,-0.006742731163372921
527,GM2164,-0.003393000703074571,0.003393000703074571,-0.004472273059889238,0.004472273059889238,-0.0032741166534985752,0.0032741166534985752,-0.008296213274112951,0.008296213274112951,0.0029315503820300792,-0.0029315503820300792,,,0.007393117494445215,-0.007393117494445215
528,EPHA10,-0.006374490010493471,0.006374490010493471,,,0.00935117489155518,-0.00935117489155518,0.0072125081350344206,-0.0072125081350344206,,,,,,
529,CDCA8,-0.00668197539348165,0.00668197539348165,-0.0016467143414458582,0.0016467143414458582,0.004612082923610941,-0.004612082923610941,0.0030302115855915662,-0.0030302115855915662,,,,,,
530,GRIK3,0.004083371322840555,-0.004083371322840555,-0.0018850540864944684,0.0018850540864944684,0.0012301524793656565,-0.0012301524793656565,0.00021458062339612533,-0.00021458062339612533,,,,,0.003744995133132766,-0.003744995133132766
531,EVA1B,-0.009216748319407754,0.009216748319407754,-0.0035803186096012643,0.0035803186096012643,0.010992883648403604,-0.010992883648403604,,,,,,,,
532,CLSPN,-0.012837700520208294,0.012837700520208294,0.0019606529231600903,-0.0019606529231600903,0.006909189570007489,-0.006909189570007489,,,,,,,0.0008365710270821156,-0.0008365710270821156
533,CSMD2,0.0026771740497800525,-0.0026771740497800525,-0.0007618849597270383,0.0007618849597270383,-0.002490969419944866,0.002490969419944866,-0.001975969441122473,0.001975969441122473,,,,,0.032261296665625314,-0.032261296665625314
534,C77080,0.012601254027314622,-0.012601254027314622,0.011713237901312783,-0.011713237901312783,0.01251852574261915,-0.01251852574261915,0.0037766501904770294,-0.0037766501904770294,0.04080222902846567,-0.04080222902846567,,,0.016224241612253984,-0.016224241612253984
535,PTPRU,0.007468033420490114,-0.007468033420490114,-0.0041589384603829965,0.0041589384603829965,-0.001470876056075994,0.001470876056075994,-0.00251154212959849,0.00251154212959849,,,,,0.003692852825775028,-0.003692852825775028
536,HMGN2,-0.0010452387914971356,0.0010452387914971356,-0.0006424873630244826,0.0006424873630244826,0.00045152754152121,-0.00045152754152121,0.004368025526679212,-0.004368025526679212,,,,,0.0020440302715996894,-0.0020440302715996894
537,MAN1C1,-0.006574508750171411,0.006574508750171411,-0.011217098378997564,0.011217098378997564,-0.0034035305570141866,0.0034035305570141866,-0.005533309223128974,0.005533309223128974,,,,,0.007910818020979305,-0.007910818020979305
538,CLIC4,-0.004526429299831644,0.004526429299831644,-0.0007140136081123724,0.0007140136081123724,0.01232195937813501,-0.01232195937813501,-0.00040901590535461635,0.00040901590535461635,,,,,0.001364389000064234,-0.001364389000064234
539,ID3,0.01644004830463515,-0.01644004830463515,-0.002415674203866555,0.002415674203866555,0.008387411696330026,-0.008387411696330026,0.00696160422134106,-0.00696160422134106,,,,,0.0002534200505162898,-0.0002534200505162898
540,E2F2,-0.018630672903014123,0.018630672903014123,-0.006852268927609657,0.006852268927609657,-0.0033900489899653524,0.0033900489899653524,,,,,,,0.009616262031866697,-0.009616262031866697
541,ASAP3,-0.00253125464054052,0.00253125464054052,-0.016065183781794508,0.016065183781794508,0.005752493486690061,-0.005752493486690061,,,,,,,-3.726639622245176e-05,3.726639622245176e-05
542,ALPL,-0.014558564998273647,0.014558564998273647,0.009921874379981467,-0.009921874379981467,0.010577396003668693,-0.010577396003668693,,,9.592143729290209e-05,-9.592143729290209e-05,,,-0.0027561082526943864,0.0027561082526943864
543,IGSF21,-0.002527711917539484,0.002527711917539484,-0.005852687007610123,0.005852687007610123,-0.00015368217936102824,0.00015368217936102824,-0.005287711125685379,0.005287711125685379,,,,,0.0007537494367780978,-0.0007537494367780978
544,MFAP2,-0.010705879757374033,0.010705879757374033,-0.0035893724400273275,0.0035893724400273275,-0.0022961300199490636,0.0022961300199490636,-0.0011609412452085119,0.0011609412452085119,,,,,-0.0002351774387624947,0.0002351774387624947
545,EFHD2,0.002837691951094609,-0.002837691951094609,0.00826012999776047,-0.00826012999776047,-6.674861915872965e-05,6.674861915872965e-05,0.002076575739507966,-0.002076575739507966,,,,,0.02727736315964086,-0.02727736315964086
546,TMEM51,0.027731182214401476,-0.027731182214401476,-0.00639291867762086,0.00639291867762086,-0.018579625662846315,0.018579625662846315,,,,,,,,
547,GM13052,0.010392161808107689,-0.010392161808107689,-0.001762045639047985,0.001762045639047985,-0.00013029413060833966,0.00013029413060833966,-0.00684010705697987,0.00684010705697987,,,,,0.025479844808640857,-0.025479844808640857
548,6330411D24RIK,,,,,,,,,,,,,,
549,PDPN,-0.015195179293795009,0.015195179293795009,1.664252034806052e-05,-1.664252034806052e-05,0.011689039016113616,-0.011689039016113616,,,,,,,,
550,DHRS3,-0.00013718622940386144,0.00013718622940386144,0.009220410474499993,-0.009220410474499993,-0.004727381608789875,0.004727381608789875,0.007221065731613768,-0.007221065731613768,,,,,0.00016301396633596615,-0.00016301396633596615
551,PLOD1,-0.008027739494797174,0.008027739494797174,-0.01364639146960317,0.01364639146960317,,,0.007473980600194309,-0.007473980600194309,,,,,-0.004733787235084885,0.004733787235084885
552,AGTRAP,-0.014420188567434593,0.014420188567434593,-0.004069422665263528,0.004069422665263528,0.025738845435000685,-0.025738845435000685,,,0.011613825039642395,-0.011613825039642395,,,0.036465444457637275,-0.036465444457637275
553,DISP3,-0.0006507354011847724,0.0006507354011847724,0.012807152227185419,-0.012807152227185419,0.0009815320869400526,-0.0009815320869400526,0.006351599488863491,-0.006351599488863491,,,,,0.0006955182938184132,-0.0006955182938184132
554,SPSB1,0.02405811843395405,-0.02405811843395405,0.009847806207304736,-0.009847806207304736,-0.0051755170455128965,0.0051755170455128965,,,,,,,,
555,MEGF6,0.010581402896379571,-0.010581402896379571,-0.015362573433365542,0.015362573433365542,-0.007663418770209769,0.007663418770209769,,,0.01869088815842354,-0.01869088815842354,,,0.003796435434921079,-0.003796435434921079
556,PRDM16,0.0015560121785098968,-0.0015560121785098968,-0.00402618786545713,0.00402618786545713,-0.0022383477906680674,0.0022383477906680674,0.0006817793986335918,-0.0006817793986335918,,,,,-0.0005611416109239931,0.0005611416109239931
557,HES5,-0.005984421139211819,0.005984421139211819,0.0020296443967246225,-0.0020296443967246225,-0.00047859298179076665,0.00047859298179076665,0.0053222632743211915,-0.0053222632743211915,,,,,0.0019347183472571,-0.0019347183472571
558,CFAP74,-0.01385516568163142,0.01385516568163142,-0.010158660210809703,0.010158660210809703,-0.008245787150948473,0.008245787150948473,0.007171540753736522,-0.007171540753736522,,,,,0.0007094222215767443,-0.0007094222215767443
559,VWA1,-0.011116019230413245,0.011116019230413245,0.0007774140271557331,-0.0007774140271557331,0.02071058886812653,-0.02071058886812653,0.007392402795185313,-0.007392402795185313,,,,,0.0018635115404411276,-0.0018635115404411276
560,MXRA8,-0.009072944980334396,0.009072944980334396,-0.00860656152061591,0.00860656152061591,,,,,,,,,,
561,AW011738,,,-0.0038619686106172377,0.0038619686106172377,,,,,,,-1.642436187054841e-14,1.642436187054841e-14,0.006619885475880202,-0.006619885475880202
562,CDK6,-0.001611995643623007,0.001611995643623007,0.0005321486860804386,-0.0005321486860804386,-0.004409040883915645,0.004409040883915645,0.0010943010194085778,-0.0010943010194085778,,,,,0.0021677871699659138,-0.0021677871699659138
563,CDK14,0.0026882070416768614,-0.0026882070416768614,-0.003369210899124342,0.003369210899124342,-0.00506546799349232,0.00506546799349232,-0.007092334225796824,0.007092334225796824,,,,,,
564,CLDN12,0.021618302647970364,-0.021618302647970364,-0.008387114920498026,0.008387114920498026,0.02433714015905205,-0.02433714015905205,-0.009287145236257073,0.009287145236257073,,,,,,
565,ZFP804B,-0.0018355893057399666,0.0018355893057399666,0.02230463401004893,-0.02230463401004893,0.006327282563722711,-0.006327282563722711,0.014058773779218103,-0.014058773779218103,,,,,0.000691732293199028,-0.000691732293199028
566,DBF4,0.00017205211237940332,-0.00017205211237940332,-0.009272403507779324,0.009272403507779324,0.004576162907941279,-0.004576162907941279,-0.001586421322107262,0.001586421322107262,,,,,0.00098530959951338,-0.00098530959951338
567,ABCB4,,,-0.009320162656430965,0.009320162656430965,0.008943765748159221,-0.008943765748159221,-0.00030355282275684736,0.00030355282275684736,,,,,,
568,GRM3,0.0009945008052641147,-0.0009945008052641147,-0.002477069140252676,0.002477069140252676,0.001033191760321156,-0.001033191760321156,-0.00597799930977767,0.00597799930977767,,,,,,
569,SEMA3D,-0.01721833419785325,0.01721833419785325,0.0029897482777042073,-0.0029897482777042073,-0.002191827680034758,0.002191827680034758,,,,,,,,
570,SEMA3A,-0.003043406271126467,0.003043406271126467,0.002350163747459104,-0.002350163747459104,5.9475203267093935e-05,-5.9475203267093935e-05,-0.003076251084140058,0.003076251084140058,,,,,-0.0004103935173691148,0.0004103935173691148
571,SEMA3E,-0.0035362243361948473,0.0035362243361948473,-0.008765056832848908,0.008765056832848908,0.007499469710849117,-0.007499469710849117,,,,,,,0.003616261737945013,-0.003616261737945013
572,HGF,-0.008083494559560832,0.008083494559560832,,,0.004413268676578937,-0.004413268676578937,,,,,,,,
573,SEMA3C,0.023109475124908227,-0.023109475124908227,-0.01041261850346821,0.01041261850346821,0.01834619995145423,-0.01834619995145423,-0.0065858150091740175,0.0065858150091740175,,,,,0.0016039732740173798,-0.0016039732740173798
574,A630072M18RIK,0.00755678183354979,-0.00755678183354979,0.001262990839177594,-0.001262990839177594,0.005902842711800742,-0.005902842711800742,,,,,,,,
575,GSAP,-0.00020868723553457008,0.00020868723553457008,0.0023267914579933463,-0.0023267914579933463,-0.006404265379512837,0.006404265379512837,-0.000887656534976855,0.000887656534976855,,,,,,
576,RELN,0.00016641390591287664,-0.00016641390591287664,0.003857838291957759,-0.003857838291957759,-0.005492242078060143,0.005492242078060143,0.0034180219863270897,-0.0034180219863270897,,,,,0.0034653937014203218,-0.0034653937014203218
577,6030443J06RIK,0.0020500949110913713,-0.0020500949110913713,-0.0047137062928142015,0.0047137062928142015,-0.003553117099285824,0.003553117099285824,0.000984573033605586,-0.000984573033605586,,,,,-0.0003640553913092995,0.0003640553913092995
578,LHFPL3,9.525404198094944e-06,-9.525404198094944e-06,-0.005050594886517788,0.005050594886517788,-0.010099718543690309,0.010099718543690309,-0.0013540121046471815,0.0013540121046471815,,,,,-0.0002974159862956516,0.0002974159862956516
579,NOS3,-0.009584185689815498,0.009584185689815498,0.008381848338357416,-0.008381848338357416,0.004298439468583756,-0.004298439468583756,0.0005252279994720777,-0.0005252279994720777,,,,,,
580,ACTR3B,0.003985239839620021,-0.003985239839620021,0.00151247541494174,-0.00151247541494174,0.0034223526875739665,-0.0034223526875739665,-0.001407080549340023,0.001407080549340023,,,,,0.0019639732537282267,-0.0019639732537282267
581,DPP6,-0.0020521873897604223,0.0020521873897604223,0.005082676052874213,-0.005082676052874213,0.000944084667736593,-0.000944084667736593,0.0005080600836976853,-0.0005080600836976853,,,,,0.0007141681372012446,-0.0007141681372012446
582,TYMS,-0.0025211433998980903,0.0025211433998980903,0.0014418229038489494,-0.0014418229038489494,0.0007380331986107241,-0.0007380331986107241,0.006314943551018158,-0.006314943551018158,,,,,0.0015147260357446547,-0.0015147260357446547
583,CENPA,0.005145247842271515,-0.005145247842271515,-0.007502815157974775,0.007502815157974775,-0.0076419316134399284,0.0076419316134399284,0.003092672890021242,-0.003092672890021242,,,-3.191891195797325e-16,3.191891195797325e-16,,
584,YES1,0.001523977185926749,-0.001523977185926749,-0.0072541366778865884,0.0072541366778865884,0.0035490392140157395,-0.0035490392140157395,-0.0018585081823685665,0.0018585081823685665,,,,,-0.0011308223122853713,0.0011308223122853713
585,TACC3,-0.0015114304005315118,0.0015114304005315118,-0.006697199399921486,0.006697199399921486,-1.8378575412140996e-05,1.8378575412140996e-05,0.0019519272501123675,-0.0019519272501123675,,,,,0.0063616445806507285,-0.0063616445806507285
586,FGFR3,-0.004690365835777324,0.004690365835777324,0.0028905489402498846,-0.0028905489402498846,0.00026229790472792613,-0.00026229790472792613,0.0011443030813195892,-0.0011443030813195892,,,,,0.00569949494586533,-0.00569949494586533
587,GRK4,0.0007310403847700167,-0.0007310403847700167,-0.0063868820349924985,0.0063868820349924985,-0.004229921988034367,0.004229921988034367,0.009195511796288393,-0.009195511796288393,,,,,0.022238860324528917,-0.022238860324528917
588,SORCS2,-0.011154055625152148,0.011154055625152148,-0.008741904969177865,0.008741904969177865,-0.005898483786363019,0.005898483786363019,0.0025648567706422556,-0.0025648567706422556,,,,,0.0011123552251381882,-0.0011123552251381882
589,GM1043,-0.01223466751342192,0.01223466751342192,0.005195954568961235,-0.005195954568961235,-0.0009434164551180776,0.0009434164551180776,-0.0010248561275981241,0.0010248561275981241,,,,,0.025749552610456652,-0.025749552610456652
590,4930513D17RIK,0.006413221945831445,-0.006413221945831445,-0.0006814086636507677,0.0006814086636507677,0.007855745015832999,-0.007855745015832999,,,,,,,,
591,HS3ST1,-0.002451302107887264,0.002451302107887264,0.006333545379867335,-0.006333545379867335,-0.0010172518799056798,0.0010172518799056798,-0.0075287395152901365,0.0075287395152901365,,,,,-2.7755575615628914e-17,2.7755575615628914e-17
592,PROM1,0.006808939966388476,-0.006808939966388476,-0.006976599179075352,0.006976599179075352,0.01046288707582619,-0.01046288707582619,0.03362302228922087,-0.03362302228922087,,,,,0.0006802016328781371,-0.0006802016328781371
593,LDB2,-0.005160911684034861,0.005160911684034861,0.0031420966335077294,-0.0031420966335077294,-0.00012740970794695994,0.00012740970794695994,-0.0034856590471198934,0.0034856590471198934,,,,,0.0052201956098072225,-0.0052201956098072225
594,FAM184B,0.021019741203927383,-0.021019741203927383,-0.005893076502968379,0.005893076502968379,-0.009237883435505204,0.009237883435505204,0.009120766706001267,-0.009120766706001267,,,,,,
595,NCAPG,0.017389103781670953,-0.017389103781670953,0.0016072321739309808,-0.0016072321739309808,-0.0033891246389322616,0.0033891246389322616,0.009122111739969123,-0.009122111739969123,,,,,0.023683124459589006,-0.023683124459589006
596,SLIT2,0.004977678467423828,-0.004977678467423828,-0.008861164513124471,0.008861164513124471,0.004868043945875665,-0.004868043945875665,0.0011484461211408031,-0.0011484461211408031,,,,,-0.0012097393501294476,0.0012097393501294476
597,KCNIP4,-0.012773237858785716,0.012773237858785716,0.00262172250433642,-0.00262172250433642,-0.017987211290407007,0.017987211290407007,-0.020334586357566978,0.020334586357566978,-2.2898349882893854e-16,2.2898349882893854e-16,1.5959455978986625e-16,-1.5959455978986625e-16,-1.0408340855860843e-16,1.0408340855860843e-16
598,PPARGC1A,-0.011975461286429213,0.011975461286429213,-0.008455003420808127,0.008455003420808127,-0.003522366039640047,0.003522366039640047,0.002866794768523355,-0.002866794768523355,,,,,,
599,4932441J04RIK,-0.01031538229361869,0.01031538229361869,0.007539362526063048,-0.007539362526063048,-0.003070360571030717,0.003070360571030717,0.006547184648426407,-0.006547184648426407,,,,,0.021134893483376063,-0.021134893483376063
600,PCDH7,-0.002463630056524467,0.002463630056524467,0.0019157425937112033,-0.0019157425937112033,0.0019742080530537887,-0.0019742080530537887,0.000904183308635717,-0.000904183308635717,,,,,0.0014539438342740102,-0.0014539438342740102
601,ARAP2,-0.004438245083965481,0.004438245083965481,0.004386367566156318,-0.004386367566156318,-0.003978960470797627,0.003978960470797627,0.00400774018838624,-0.00400774018838624,,,,,-0.0015450185156093699,0.0015450185156093699
602,NWD2,-0.00015530525418849805,0.00015530525418849805,-0.00034407720964901856,0.00034407720964901856,-0.0037897500316592184,0.0037897500316592184,0.004395380025165062,-0.004395380025165062,,,,,0.002556037002219475,-0.002556037002219475
603,0610040J01RIK,0.02257228753512168,-0.02257228753512168,-0.011287719865274895,0.011287719865274895,-0.00626498101852245,0.00626498101852245,,,,,,,,
604,C030018K13RIK,,,-0.0022502500034082204,0.0022502500034082204,,,,,,,,,,
605,GM20033,0.002775215814711164,-0.002775215814711164,0.0002818657225614196,-0.0002818657225614196,0.004332941466095204,-0.004332941466095204,0.007035700974982802,-0.007035700974982802,,,,,0.016512404699996576,-0.016512404699996576
606,KLF3,-1.683550428400321e-05,1.683550428400321e-05,-0.0011150364354834824,0.0011150364354834824,-0.006221516329442692,0.006221516329442692,0.005087223594875442,-0.005087223594875442,,,,,0.0038062788900462136,-0.0038062788900462136
607,BEND4,-0.007062417362698144,0.007062417362698144,-0.008664185879833655,0.008664185879833655,-0.0047325671872688185,0.0047325671872688185,0.000807609674042857,-0.000807609674042857,,,,,0.0024243891078635713,-0.0024243891078635713
608,KCTD8,0.003603964258592711,-0.003603964258592711,-0.0038629828038453315,0.0038629828038453315,0.00400111818206101,-0.00400111818206101,0.019229943546133638,-0.019229943546133638,,,,,0.009808513274270417,-0.009808513274270417
609,GABRG1,0.01709122739382484,-0.01709122739382484,-0.007216139285826796,0.007216139285826796,-0.008539872214246694,0.008539872214246694,0.004603608884471665,-0.004603608884471665,,,,,,
610,GABRA2,-0.0031481793739215266,0.0031481793739215266,0.018292384451056035,-0.018292384451056035,0.0020893839991102253,-0.0020893839991102253,-0.0021665824784073764,0.0021665824784073764,,,,,0.0009028700341750795,-0.0009028700341750795
611,GABRA4,-0.0012524928134983945,0.0012524928134983945,-0.007355282674479213,0.007355282674479213,-0.005666057933283279,0.005666057933283279,0.016878451473562726,-0.016878451473562726,,,,,0.0025411624362632924,-0.0025411624362632924
612,GABRB1,0.011675175319828077,-0.011675175319828077,0.0004904231357885855,-0.0004904231357885855,-0.0015953550635134858,0.0015953550635134858,-0.0017662510390468594,0.0017662510390468594,,,,,,
613,LNX1,-0.0011401973609403426,0.0011401973609403426,0.013832540297121353,-0.013832540297121353,,,-0.0024073979361421832,0.0024073979361421832,,,,,,
614,PDGFRA,-0.008760531491750191,0.008760531491750191,-0.00525402673902569,0.00525402673902569,-0.00948386631146591,0.00948386631146591,,,,,,,,
615,KIT,0.014517638373648264,-0.014517638373648264,-0.007997765024884633,0.007997765024884633,-0.0033051280236013336,0.0033051280236013336,-0.0006558577403375648,0.0006558577403375648,,,,,0.009558495675222926,-0.009558495675222926
616,HOPX,-0.0038700538323502773,0.0038700538323502773,-0.000210764661076418,0.000210764661076418,-0.007116387302052579,0.007116387302052579,,,,,,,-0.0004473071660743566,0.0004473071660743566
617,IGFBP7,0.016827046390982835,-0.016827046390982835,0.013211969880716205,-0.013211969880716205,,,,,,,,,,
618,ADGRL3,-0.002544207087730635,0.002544207087730635,0.0022915726779477244,-0.0022915726779477244,-0.003362182761582476,0.003362182761582476,5.2129360902153365e-05,-5.2129360902153365e-05,,,,,0.029937720864379777,-0.029937720864379777
619,SLC4A4,-0.012999771215156539,0.012999771215156539,0.0014147029956628338,-0.0014147029956628338,-0.002606398671672394,0.002606398671672394,0.0007370282295194736,-0.0007370282295194736,,,,,-0.003151862849790542,0.003151862849790542
620,ADAMTS3,-0.004550909805303538,0.004550909805303538,-0.002429669025777084,0.002429669025777084,0.00012949241647319115,-0.00012949241647319115,-0.00475417794168527,0.00475417794168527,,,,,-0.0034638207734938517,0.0034638207734938517
621,PARM1,0.009545826746929158,-0.009545826746929158,-0.011911377819170219,0.011911377819170219,-0.008274022489725648,0.008274022489725648,0.00034079800502020974,-0.00034079800502020974,,,,,0.001157672714205582,-0.001157672714205582
622,NAAA,-0.009253955698581555,0.009253955698581555,0.002792907267564461,-0.002792907267564461,-0.0044014627219143496,0.0044014627219143496,,,,,,,,
623,ART3,,,-0.0066367834335602505,0.0066367834335602505,0.003144967972591242,-0.003144967972591242,,,,,,,,
624,SHROOM3,-0.01045983497935904,0.01045983497935904,-0.0014287631761660813,0.0014287631761660813,0.0029815544582904516,-0.0029815544582904516,-0.0033687563438814794,0.0033687563438814794,,,,,0.001064846630030515,-0.001064846630030515
625,FRAS1,-0.0011023075647595623,0.0011023075647595623,-0.004119456534178369,0.004119456534178369,-0.0016760668758619701,0.0016760668758619701,0.003970494752638942,-0.003970494752638942,,,,,,
626,4930467D21RIK,0.004105532370515433,-0.004105532370515433,-0.010190235098864145,0.010190235098864145,-0.013496602104676902,0.013496602104676902,0.0030046658420310596,-0.0030046658420310596,,,,,0.009092255595138952,-0.009092255595138952
627,ANTXR2,-0.001391964344091029,0.001391964344091029,-0.0031811586472674028,0.0031811586472674028,-0.003505950804238489,0.003505950804238489,0.00677701740977904,-0.00677701740977904,,,,,2.93830955124183e-05,-2.93830955124183e-05
628,CFAP299,0.00591795694860954,-0.00591795694860954,0.011794512792849668,-0.011794512792849668,-0.005414792559088277,0.005414792559088277,,,,,,,,
629,PRKG2,,,0.008443205297177382,-0.008443205297177382,-0.0030312022175343345,0.0030312022175343345,-0.004779450801904048,0.004779450801904048,,,,,,
630,RASGEF1B,-0.0013196677287807615,0.0013196677287807615,0.0013325850855700067,-0.0013325850855700067,0.014448283757579172,-0.014448283757579172,-0.00020192308143455323,0.00020192308143455323,,,,,-0.0007673822688907053,0.0007673822688907053
631,TMEM150C,-0.003005306001633762,0.003005306001633762,0.0005821193214232342,-0.0005821193214232342,-0.0015505008977267365,0.0015505008977267365,-0.004271050359555759,0.004271050359555759,,,,,0.0016772928626892364,-0.0016772928626892364
632,ARHGAP24,-0.0034668664134684946,0.0034668664134684946,-0.007074543697974958,0.007074543697974958,0.009533738133211053,-0.009533738133211053,-0.009408341998413366,0.009408341998413366,0.00010242001123614286,-0.00010242001123614286,5.620504062164855e-16,-5.620504062164855e-16,,
633,PTPN13,-0.002451295901386173,0.002451295901386173,-0.0032656919434805656,0.0032656919434805656,-0.004917354336811161,0.004917354336811161,0.005644842131038996,-0.005644842131038996,,,,,0.00312887387258997,-0.00312887387258997
634,AFF1,0.016858515305796434,-0.016858515305796434,-0.006268358181640156,0.006268358181640156,-0.0029784978221399985,0.0029784978221399985,-0.003649741014127829,0.003649741014127829,,,,,0.0002776781320501451,-0.0002776781320501451
635,SPARCL1,-0.005341320231741727,0.005341320231741727,-0.0031707482769460366,0.0031707482769460366,0.0062176923428275965,-0.0062176923428275965,0.001038686851960284,-0.001038686851960284,,,,,,
636,LRRC8C,-0.005682112881177273,0.005682112881177273,0.01729832419775617,-0.01729832419775617,0.0032189737143714647,-0.0032189737143714647,0.001112526033374056,-0.001112526033374056,,,,,-0.0008157232387028396,0.0008157232387028396
637,GM28050,-0.0052884144571255925,0.0052884144571255925,-0.015690504734775783,0.015690504734775783,0.01702020907636232,-0.01702020907636232,0.016634602040305334,-0.016634602040305334,,,,,,
638,TGFBR3,-0.0016425913622137855,0.0016425913622137855,0.00730809683359044,-0.00730809683359044,-0.008375248762608874,0.008375248762608874,0.010224850610034066,-0.010224850610034066,,,,,-0.0011155496677084861,0.0011155496677084861
639,CCDC18,-0.007262271898599834,0.007262271898599834,-0.0036638779506299943,0.0036638779506299943,-0.009333638068685403,0.009333638068685403,0.005101639639976736,-0.005101639639976736,,,,,0.0010125197610754803,-0.0010125197610754803
640,POLE,0.0002963284313717493,-0.0002963284313717493,0.003743151673398594,-0.003743151673398594,-0.0036118663273790874,0.0036118663273790874,-0.0014192639573261182,0.0014192639573261182,,,,,0.02155947282023807,-0.02155947282023807
641,GALNT9,-0.0058548323716572995,0.0058548323716572995,-0.008349010716370807,0.008349010716370807,0.00030812321127708653,-0.00030812321127708653,0.03808719072542026,-0.03808719072542026,,,,,0.03573024016045507,-0.03573024016045507
642,CHEK2,0.01822210950581478,-0.01822210950581478,-0.007381480247331429,0.007381480247331429,-0.006436929885949114,0.006436929885949114,0.002857126025295302,-0.002857126025295302,,,,,0.001803326485828309,-0.001803326485828309
643,CRYBB3,-0.0041098668986975645,0.0041098668986975645,-0.001538852714637072,0.001538852714637072,0.007580089458818488,-0.007580089458818488,,,,,,,0.00931513633407434,-0.00931513633407434
644,WSCD2,-0.0020164097129167086,0.0020164097129167086,-0.0029602118998018137,0.0029602118998018137,-0.003001944966039699,0.003001944966039699,0.003852158242018164,-0.003852158242018164,,,,,0.006001338940080932,-0.006001338940080932
645,FICD,-0.006158183583312486,0.006158183583312486,-0.003343988067415239,0.003343988067415239,-0.0003209018158050192,0.0003209018158050192,0.003981603697790569,-0.003981603697790569,,,,,0.002035968171492167,-0.002035968171492167
646,UNG,-0.007234349921223279,0.007234349921223279,-0.010711588734056962,0.010711588734056962,0.00382080580940735,-0.00382080580940735,0.008712366968305685,-0.008712366968305685,,,,,0.007220527510363374,-0.007220527510363374
647,MYO1H,0.008383469924950225,-0.008383469924950225,-0.009538533526728565,0.009538533526728565,0.007421214049586088,-0.007421214049586088,,,,,,,,
648,FAM222A,-0.011216565159266528,0.011216565159266528,-0.012346145161081866,0.012346145161081866,0.005036111540508675,-0.005036111540508675,0.01958841420772072,-0.01958841420772072,0.022860165532422178,-0.022860165532422178,,,-0.0031101265470021983,0.0031101265470021983
649,CIT,-0.010932474080179659,0.010932474080179659,0.0039047423732151976,-0.0039047423732151976,-0.0034610946451201705,0.0034610946451201705,-0.0055957562217590975,0.0055957562217590975,,,,,0.007086189237598767,-0.007086189237598767
650,CCDC60,-0.008503843719485912,0.008503843719485912,0.006572194866761492,-0.006572194866761492,0.010297999501423176,-0.010297999501423176,,,,,,,,
651,NOS1,-0.012910644875408134,0.012910644875408134,0.026527713518258576,-0.026527713518258576,-0.0030316560199559126,0.0030316560199559126,-0.0008338760510877771,0.0008338760510877771,,,,,-0.0005944743098065947,0.0005944743098065947
652,TESC,-0.0016613174952176263,0.0016613174952176263,0.02302665755157334,-0.02302665755157334,0.00327508255826571,-0.00327508255826571,0.0065209472130852986,-0.0065209472130852986,0.011007006148929965,-0.011007006148929965,,,0.003877084020264862,-0.003877084020264862
653,SLC8B1,,,0.00500229575614497,-0.00500229575614497,,,,,,,,,,
654,RPH3A,-0.0029232505608706646,0.0029232505608706646,-0.005108952608346498,0.005108952608346498,0.00030608854319463114,-0.00030608854319463114,0.012863033005478489,-0.012863033005478489,,,,,,
655,CUX2,-0.005191989620935859,0.005191989620935859,-0.00569740660298973,0.00569740660298973,0.0014999046555366213,-0.0014999046555366213,-0.004997581510549361,0.004997581510549361,,,,,0.0022201085465743606,-0.0022201085465743606
656,KNTC1,3.6788645305797785e-05,-3.6788645305797785e-05,-0.0031072754605985936,0.0031072754605985936,-0.009759708307440468,0.009759708307440468,,,,,,,0.019376668137686945,-0.019376668137686945
657,GM34086,-0.01529059406083081,0.01529059406083081,0.02020140261716591,-0.02020140261716591,-0.014602647134869341,0.014602647134869341,0.011276312410006331,-0.011276312410006331,,,,,0.0015752605996754675,-0.0015752605996754675
658,TMEM132B,0.018253238038263953,-0.018253238038263953,-0.0005267670629859542,0.0005267670629859542,0.0011971329984340195,-0.0011971329984340195,-0.005707574699433893,0.005707574699433893,,,,,0.0009239681571882319,-0.0009239681571882319
659,TMEM132C,0.02530130718534531,-0.02530130718534531,-0.000530681087584528,0.000530681087584528,0.006760293192873454,-0.006760293192873454,0.0054320174564299745,-0.0054320174564299745,,,,,9.903319541594569e-05,-9.903319541594569e-05
660,TMEM132D,,,0.004572277437147852,-0.004572277437147852,-0.008688998384384632,0.008688998384384632,-0.0020447273662450027,0.0020447273662450027,0.0002581189145856519,-0.0002581189145856519,,,0.012441602643439582,-0.012441602643439582
661,RIMBP2,-0.005102077229822172,0.005102077229822172,-0.015902817674406336,0.015902817674406336,0.0002459246671102644,-0.0002459246671102644,-0.007452998437343573,0.007452998437343573,,,,,0.04050569213342189,-0.04050569213342189
662,CALN1,-0.0034383069609927736,0.0034383069609927736,-0.00436515458668512,0.00436515458668512,0.000375257378752894,-0.000375257378752894,-0.0045203066236655445,0.0045203066236655445,,,,,0.004494422443199746,-0.004494422443199746
663,GALNT17,-0.004464198201137026,0.004464198201137026,0.0021679632906091637,-0.0021679632906091637,0.0036515275802218097,-0.0036515275802218097,-0.0019323776487621125,0.0019323776487621125,,,,,-0.002102516111674474,0.002102516111674474
664,GM42884,0.009454148249859733,-0.009454148249859733,-0.00034204755336142423,0.00034204755336142423,0.01554801591926519,-0.01554801591926519,,,,,,,0.0025744250574540606,-0.0025744250574540606
665,ELN,-0.0110146979866102,0.0110146979866102,-0.006728228904280972,0.006728228904280972,0.0033498449030148897,-0.0033498449030148897,0.006828302519222396,-0.006828302519222396,,,,,,
666,HIP1,-0.0003576112497006914,0.0003576112497006914,-0.00396122681918603,0.00396122681918603,-0.003596798911222783,0.003596798911222783,0.003765390188768508,-0.003765390188768508,,,,,-0.0002497282415698729,0.0002497282415698729
667,CUX1,-0.006853048343339427,0.006853048343339427,0.002975402771864692,-0.002975402771864692,0.0008945615495638895,-0.0008945615495638895,-0.0006525461853729639,0.0006525461853729639,,,,,0.0022086970521433685,-0.0022086970521433685
668,GM16599,0.004695849230259709,-0.004695849230259709,-0.012691681020155589,0.012691681020155589,-0.005011228398268022,0.005011228398268022,-0.0014924806529418785,0.0014924806529418785,-3.105155021998485e-14,3.105155021998485e-14,,,-0.0007357918144465653,0.0007357918144465653
669,COL26A1,-0.0029244872640461564,0.0029244872640461564,0.014375447742323737,-0.014375447742323737,-0.010779618699998203,0.010779618699998203,0.0019323927569948468,-0.0019323927569948468,,,,,0.031445023029215084,-0.031445023029215084
670,TRIM56,,,-0.002860383920712875,0.002860383920712875,,,,,,,-2.498001805406602e-16,2.498001805406602e-16,,
671,NUDT1,0.001879160985185785,-0.001879160985185785,0.007439968032128617,-0.007439968032128617,-0.006001985238944796,0.006001985238944796,-0.00574764976076686,0.00574764976076686,,,,,0.0020642572291724864,-0.0020642572291724864
672,LFNG,0.026646183737999027,-0.026646183737999027,-0.002445454498639976,0.002445454498639976,-0.006873688344789616,0.006873688344789616,,,,,,,0.0003785229880624505,-0.0003785229880624505
673,SDK1,-0.008810161090539448,0.008810161090539448,-0.007274442270155605,0.007274442270155605,0.007735137158863252,-0.007735137158863252,0.0036554488552845085,-0.0036554488552845085,,,,,-0.00054897329511093,0.00054897329511093
674,NPTX2,0.004714783644831563,-0.004714783644831563,-0.014888682380104871,0.014888682380104871,0.002963741067041996,-0.002963741067041996,,,,,,,0.005843302201301075,-0.005843302201301075
675,RASL11A,0.0012344214967940983,-0.0012344214967940983,0.023621543959835456,-0.023621543959835456,,,,,,,,,-0.003168558148906646,0.003168558148906646
676,MTUS2,0.0010630557880261932,-0.0010630557880261932,0.005051104977020444,-0.005051104977020444,0.0023908656076198076,-0.0023908656076198076,-0.0006387170983333731,0.0006387170983333731,,,,,0.000978414747211137,-0.000978414747211137
677,SLC7A1,-0.0005661952488132463,0.0005661952488132463,-0.0039875918782816475,0.0039875918782816475,1.7397425857941518e-05,-1.7397425857941518e-05,-0.0037954307733435028,0.0037954307733435028,,,,,0.0022247861855794818,-0.0022247861855794818
678,MEDAG,-0.013000401878076821,0.013000401878076821,0.013913380539812864,-0.013913380539812864,-0.006410979103093191,0.006410979103093191,,,,,,,,
679,B3GLCT,0.0015336701729661284,-0.0015336701729661284,-0.0036065580830460936,0.0036065580830460936,-0.004978154224376134,0.004978154224376134,-0.000721899323369829,0.000721899323369829,,,,,-0.0005270059939577951,0.0005270059939577951
680,FRY,-0.007717260927476738,0.007717260927476738,-0.014515629877987532,0.014515629877987532,-0.0010180837144796104,0.0010180837144796104,0.0012435255759551053,-0.0012435255759551053,,,,,-0.0014789909367116383,0.0014789909367116383
681,STARD13,0.02292764736846159,-0.02292764736846159,-0.004220862390622221,0.004220862390622221,-0.00686522228029951,0.00686522228029951,0.020184474247558884,-0.020184474247558884,,,,,0.004881485969321142,-0.004881485969321142
682,COL1A2,,,0.010939756343523219,-0.010939756343523219,,,,,,,,,,
683,PON2,-0.014888739515673943,0.014888739515673943,-0.0018189930276945182,0.0018189930276945182,-0.009286770917709242,0.009286770917709242,,,,,,,0.0005767782136597427,-0.0005767782136597427
684,DYNC1I1,-0.004551956445295685,0.004551956445295685,-0.0028546569712968664,0.0028546569712968664,-0.0007534892785712802,0.0007534892785712802,-0.005295100276324863,0.005295100276324863,,,,,0.001629462277806932,-0.001629462277806932
685,SLC25A13,0.03009715206385865,-0.03009715206385865,-0.009707793558374485,0.009707793558374485,-0.003009832602911766,0.003009832602911766,,,,,-2.5743296383495817e-15,2.5743296383495817e-15,,
686,DLX6,-0.009718510327157925,0.009718510327157925,-0.00036454274914649726,0.00036454274914649726,0.013577617262453684,-0.013577617262453684,,,,,,,0.00047959925261243166,-0.00047959925261243166
687,DLX5,-5.330408239531681e-05,5.330408239531681e-05,0.0030251791389183658,-0.0030251791389183658,-0.006114032177623019,0.006114032177623019,0.02311632325523475,-0.02311632325523475,,,,,0.005831318466085887,-0.005831318466085887
688,GLCCI1,-0.006272495483030251,0.006272495483030251,0.0003452866991080633,-0.0003452866991080633,0.002603702106933156,-0.002603702106933156,0.003066172593730064,-0.003066172593730064,,,,,0.004578410631522225,-0.004578410631522225
689,NXPH1,-0.004621338374472692,0.004621338374472692,-0.008340635132343469,0.008340635132343469,-0.006102733473530408,0.006102733473530408,0.0012602902960891019,-0.0012602902960891019,,,,,,
690,THSD7A,-0.006644789948756502,0.006644789948756502,0.019923284359536317,-0.019923284359536317,-0.0034643290062418564,0.0034643290062418564,,,,,,,,
691,FOXP2,-0.0065651333120044855,0.0065651333120044855,-0.002620085126691825,0.002620085126691825,-0.0021684079059942976,0.0021684079059942976,-0.002637962736162222,0.002637962736162222,,,,,0.001061295079933501,-0.001061295079933501
692,MDFIC,,,-0.002242641531633137,0.002242641531633137,-0.008660849075679322,0.008660849075679322,,,,,,,,
693,GM4876,0.003483906004160653,-0.003483906004160653,4.6458026046553025e-05,-4.6458026046553025e-05,-0.006211485596863048,0.006211485596863048,-0.004025799361001045,0.004025799361001045,,,1.4079015731027766e-14,-1.4079015731027766e-14,,
694,CAV1,-0.00815872921087913,0.00815872921087913,-0.009761900444405863,0.009761900444405863,-0.004666135272242855,0.004666135272242855,0.0055145903015369965,-0.0055145903015369965,,,,,,
695,MET,0.0009685628649553496,-0.0009685628649553496,-0.001682647549408521,0.001682647549408521,-0.003150757484803264,0.003150757484803264,0.0038603329555775903,-0.0038603329555775903,,,,,,
696,KCND2,-0.002453418321903593,0.002453418321903593,-0.0037454958948645173,0.0037454958948645173,-0.002929157683801635,0.002929157683801635,0.003276689762033602,-0.003276689762033602,,,,,-0.0014813651381338777,0.0014813651381338777
697,CPED1,0.008344028449330743,-0.008344028449330743,0.0022123447795297443,-0.0022123447795297443,-0.0043534356778631225,0.0043534356778631225,,,,,,,,
698,PTPRZ1,-0.004703767739060803,0.004703767739060803,-0.0037072169060828886,0.0037072169060828886,0.00112604851440911,-0.00112604851440911,-0.0014293672871769705,0.0014293672871769705,,,,,0.0006377803700443607,-0.0006377803700443607
699,CADPS2,0.010580703623256991,-0.010580703623256991,0.002266583239163282,-0.002266583239163282,-0.003763265103141303,0.003763265103141303,0.0014429429815041236,-0.0014429429815041236,,,,,0.013897113339415665,-0.013897113339415665
700,IQUB,-0.011519784098560061,0.011519784098560061,0.0062435783484822704,-0.0062435783484822704,0.014377815422719112,-0.014377815422719112,0.0015302171420154623,-0.0015302171420154623,0.0005302954363590878,-0.0005302954363590878,,,,
701,GRM8,-0.0016239147289593622,0.0016239147289593622,-0.011671798483974732,0.011671798483974732,-0.0069545587513853285,0.0069545587513853285,0.0016574278909956344,-0.0016574278909956344,,,,,,
702,ZFP800,0.00017386619250476382,-0.00017386619250476382,-0.005398037047878147,0.005398037047878147,0.00202765037455193,-0.00202765037455193,-0.005202349971729338,0.005202349971729338,,,-1.3600232051658168e-15,1.3600232051658168e-15,0.004153539957458027,-0.004153539957458027
703,CCDC136,0.008261765870429844,-0.008261765870429844,-0.00022133804302174043,0.00022133804302174043,-0.002964647990402608,0.002964647990402608,-0.004542743194126148,0.004542743194126148,,,,,,
704,FLNC,-0.012780780020461117,0.012780780020461117,-0.009353442491540936,0.009353442491540936,-0.01633919085434961,0.01633919085434961,,,,,,,0.008591332051797872,-0.008591332051797872
705,SMO,-0.0037022904146595884,0.0037022904146595884,0.002073197360218902,-0.002073197360218902,-0.0011827616342031666,0.0011827616342031666,0.011911196876456996,-0.011911196876456996,,,,,-0.00013770470588212597,0.00013770470588212597
706,AHCYL2,-0.000471117360620249,0.000471117360620249,-0.0034426766015938567,0.0034426766015938567,0.004414072520554535,-0.004414072520554535,0.0001801085877410416,-0.0001801085877410416,-0.005728841330234359,0.005728841330234359,,,-0.0014950330835532648,0.0014950330835532648
707,TMEM209,0.0003540465772466986,-0.0003540465772466986,-0.00918234055838299,0.00918234055838299,-0.0011066501940643764,0.0011066501940643764,-0.0065029316852216815,0.0065029316852216815,,,,,,
708,MEST,-0.0017439943513211167,0.0017439943513211167,-0.004591871693985748,0.004591871693985748,-0.0019631046286062853,0.0019631046286062853,0.0010954672361448217,-0.0010954672361448217,,,,,0.0015407414748460566,-0.0015407414748460566
709,AKR1B10,,,-0.010060766524845305,0.010060766524845305,,,,,,,,,,
710,CALD1,0.0011475467665421762,-0.0011475467665421762,-0.0028036044487913803,0.0028036044487913803,-0.004224186915943194,0.004224186915943194,0.0033213951860318405,-0.0033213951860318405,,,,,,
711,CHRM2,-0.013092600764250804,0.013092600764250804,-0.00947735282999107,0.00947735282999107,0.004877356287795176,-0.004877356287795176,0.002162298342542654,-0.002162298342542654,,,,,,
712,PTN,-0.0011591267976437392,0.0011591267976437392,-0.0009333804338769389,0.0009333804338769389,0.00014832921848188796,-0.00014832921848188796,-0.007771549645456344,0.007771549645456344,,,,,,
713,CREB3L2,0.004889447349822565,-0.004889447349822565,0.0028077678013014654,-0.0028077678013014654,-0.01568557733370491,0.01568557733370491,0.008365228413553312,-0.008365228413553312,,,,,0.032269874481420435,-0.032269874481420435
714,TBXAS1,-0.007474203868714023,0.007474203868714023,,,-0.007966632034708175,0.007966632034708175,,,,,,,,
715,PARP12,,,0.01592070236236416,-0.01592070236236416,-0.008268420211842618,0.008268420211842618,,,,,,,,
716,KDM7A,-0.0013561740859525037,0.0013561740859525037,0.01164240874945846,-0.01164240874945846,-0.005952934235619697,0.005952934235619697,0.013932864908410808,-0.013932864908410808,,,,,-0.0004649032627134786,0.0004649032627134786
717,DENND2A,0.00734923060784113,-0.00734923060784113,-0.0056970770637022605,0.0056970770637022605,0.005249437764573248,-0.005249437764573248,0.0026412587474757554,-0.0026412587474757554,0.009817049055017846,-0.009817049055017846,,,9.168997796692169e-05,-9.168997796692169e-05
718,TPK1,7.255889531538467e-05,-7.255889531538467e-05,0.0055060874799437234,-0.0055060874799437234,-0.004215112712991381,0.004215112712991381,0.0017230811943324542,-0.0017230811943324542,,,,,0.0015009068211821047,-0.0015009068211821047
719,CNTNAP2,0.0036226768814111576,-0.0036226768814111576,-0.01217894749616489,0.01217894749616489,8.602432371893065e-05,-8.602432371893065e-05,0.01583498084249206,-0.01583498084249206,,,-4.85722573273506e-17,4.85722573273506e-17,-9.410714707271464e-05,9.410714707271464e-05
720,TMEM176B,-0.014254553009905267,0.014254553009905267,0.012288418472299861,-0.012288418472299861,-0.0039724447877268546,0.0039724447877268546,-0.005188830109798585,0.005188830109798585,,,,,,
721,NPY,-0.006011130316723734,0.006011130316723734,0.004452773568272478,-0.004452773568272478,-0.0023695837833888483,0.0023695837833888483,0.0018858712153653062,-0.0018858712153653062,,,,,0.00566501722337167,-0.00566501722337167
722,MPP6,-0.0012862460078980759,0.0012862460078980759,0.004650028174004735,-0.004650028174004735,0.0026818207787184314,-0.0026818207787184314,0.002092610516101011,-0.002092610516101011,,,,,-0.0012920757112214118,0.0012920757112214118
723,OSBPL3,0.012286125597751836,-0.012286125597751836,0.006921712388365572,-0.006921712388365572,-0.0032336803525938526,0.0032336803525938526,,,,,,,0.00396738127758281,-0.00396738127758281
724,GM6559,-0.005766970276756309,0.005766970276756309,0.0105500752672354,-0.0105500752672354,-0.00640789469285271,0.00640789469285271,-0.003420329501164915,0.003420329501164915,,,,,0.003241888994867239,-0.003241888994867239
725,NFE2L3,-0.001353860137559254,0.001353860137559254,0.011087303317256603,-0.011087303317256603,-0.006731499528747367,0.006731499528747367,0.012594494059277553,-0.012594494059277553,,,-1.6507628597395296e-14,1.6507628597395296e-14,0.00594832870915794,-0.00594832870915794
726,CREB5,-0.007629779632724522,0.007629779632724522,0.000508497978056438,-0.000508497978056438,-0.008004984103892124,0.008004984103892124,-0.008547547468773887,0.008547547468773887,,,,,-0.00043058411832855303,0.00043058411832855303
727,CHN2,-0.006755678613265176,0.006755678613265176,-0.006433175927419495,0.006433175927419495,0.004529746203325441,-0.004529746203325441,-0.0020975762001872317,0.0020975762001872317,,,,,0.0003910914995894424,-0.0003910914995894424
728,PDE1C,-0.006032247898700306,0.006032247898700306,0.0018975263406649442,-0.0018975263406649442,-0.004250167072513578,0.004250167072513578,7.783269489605033e-05,-7.783269489605033e-05,,,,,0.0075208204196443584,-0.0075208204196443584
729,FKBP9,-0.0007743040318242758,0.0007743040318242758,-0.0005300671848474034,0.0005300671848474034,-0.008430276595012352,0.008430276595012352,,,0.00015679040517204562,-0.00015679040517204562,,,,
730,FAM13A,0.005147095328873398,-0.005147095328873398,-0.0048161318724490795,0.0048161318724490795,-0.004152466202443479,0.004152466202443479,0.012942897265934172,-0.012942897265934172,,,,,0.007203959696738954,-0.007203959696738954
731,GPRIN3,-0.003100417019345235,0.003100417019345235,0.00868566834782604,-0.00868566834782604,-0.008396310767042461,0.008396310767042461,,,,,,,,
732,SNCA,-0.002164984053486335,0.002164984053486335,-0.012838503687689871,0.012838503687689871,-0.0029529654450299384,0.0029529654450299384,-0.00034668275823201283,0.00034668275823201283,,,,,-0.0020266492756522946,0.0020266492756522946
733,GRID2,0.013544702595169593,-0.013544702595169593,-0.0013830001851705687,0.0013830001851705687,-0.0018118045408045333,0.0018118045408045333,0.0012018216146863978,-0.0012018216146863978,0.03088505419319411,-0.03088505419319411,,,0.012763015758417644,-0.012763015758417644
734,NDNF,-0.009565774034039961,0.009565774034039961,-0.0029166700347743185,0.0029166700347743185,0.010196601676056544,-0.010196601676056544,-0.003423958396089631,0.003423958396089631,,,,,,
735,PRDM5,0.018983213819124392,-0.018983213819124392,-0.00010426379361090643,0.00010426379361090643,-0.007487291828111128,0.007487291828111128,-0.0009030355654061004,0.0009030355654061004,5.1829713893759843e-05,-5.1829713893759843e-05,,,-5.551115123125783e-17,5.551115123125783e-17
736,GNG12,0.00034504871991802855,-0.00034504871991802855,-0.002205689352151638,0.002205689352151638,-0.009582217010121005,0.009582217010121005,-0.003011517665437967,0.003011517665437967,,,,,0.02981201290497036,-0.02981201290497036
737,E230016M11RIK,-0.008197376754032794,0.008197376754032794,-0.010843895556148904,0.010843895556148904,-0.0053649471184126635,0.0053649471184126635,0.006963887679198491,-0.006963887679198491,,,,,0.001599355344614209,-0.001599355344614209
738,TCF7L1,-0.0022325748568153697,0.0022325748568153697,-0.003121921090529299,0.003121921090529299,0.0008679959773000984,-0.0008679959773000984,0.0012169774622291102,-0.0012169774622291102,,,,,,
739,HK2,0.014327894040858186,-0.014327894040858186,-0.005058954127382401,0.005058954127382401,-0.005012405690917217,0.005012405690917217,-0.002495698881486444,0.002495698881486444,0.00035011574239118826,-0.00035011574239118826,,,-0.0018131007518539036,0.0018131007518539036
740,DYSF,,,0.004139919181284715,-0.004139919181284715,,,,,,,,,-0.00039094193587444967,0.00039094193587444967
741,CYP26B1,,,,,,,,,,,,,,
742,SFXN5,-0.0017273199982388784,0.0017273199982388784,-0.0036870632447557755,0.0036870632447557755,-0.0005943905820846099,0.0005943905820846099,-0.0012190537008512081,0.0012190537008512081,,,,,0.0010156068088865364,-0.0010156068088865364
743,ALMS1,-0.002218747277906899,0.002218747277906899,0.0013582504418081856,-0.0013582504418081856,-0.0017661385663860288,0.0017661385663860288,-0.002757577170850345,0.002757577170850345,,,,,-0.0005822008662980452,0.0005822008662980452
744,ANTXR1,-0.002658795260848411,0.002658795260848411,-0.0037186050165549933,0.0037186050165549933,0.0004665960542541425,-0.0004665960542541425,0.004789051121086713,-0.004789051121086713,,,,,0.00327153994756349,-0.00327153994756349
745,MGLL,-0.007879069735225515,0.007879069735225515,0.00549697217410864,-0.00549697217410864,-0.003145802721275119,0.003145802721275119,0.007540361143962476,-0.007540361143962476,-0.013226552312676942,0.013226552312676942,,,-0.0015746723712195682,0.0015746723712195682
746,ALDH1L1,,,0.0005116974196766877,-0.0005116974196766877,-0.010880903968659691,0.010880903968659691,,,,,5.134781488891349e-15,-5.134781488891349e-15,,
747,IQSEC1,0.004837768367144939,-0.004837768367144939,-0.001652041531370392,0.001652041531370392,-0.0013863575453298763,0.0013863575453298763,0.018068442269930464,-0.018068442269930464,,,,,0.002606192443406076,-0.002606192443406076
748,FBLN2,0.0008749679157272622,-0.0008749679157272622,-0.002502699878590718,0.002502699878590718,-0.006546188393255735,0.006546188393255735,0.0007198842895632454,-0.0007198842895632454,,,,,,
749,WNT7A,0.0038422388946183425,-0.0038422388946183425,-0.006664937206089988,0.006664937206089988,-0.0056240401446908325,0.0056240401446908325,0.013729267851397463,-0.013729267851397463,,,,,,
750,FGD5,,,0.020160040196654884,-0.020160040196654884,,,-0.004740785846810654,0.004740785846810654,,,,,0.001147739176442418,-0.001147739176442418
751,PRICKLE2,0.003781948374246849,-0.003781948374246849,-0.005037846218756567,0.005037846218756567,-0.0007428197527260469,0.0007428197527260469,0.0002032468167391388,-0.0002032468167391388,,,,,0.0011667358327166755,-0.0011667358327166755
752,ADAMTS9,,,-0.005825849169632094,0.005825849169632094,-0.008811143075546764,0.008811143075546764,0.007130578482164765,-0.007130578482164765,,,,,0.0035418432187342905,-0.0035418432187342905
753,9530026P05RIK,-0.014910939985377507,0.014910939985377507,-0.004073522585105897,0.004073522585105897,-0.0037751760905387483,0.0037751760905387483,,,,,,,0.003541843218754566,-0.003541843218754566
754,MAGI1,0.0007398111767721594,-0.0007398111767721594,-0.0017669572447836027,0.0017669572447836027,-0.002238058755425973,0.002238058755425973,-0.002979947287506557,0.002979947287506557,0.0036326680546771573,-0.0036326680546771573,,,0.001726154794708043,-0.001726154794708043
755,LRIG1,-0.007129464476636635,0.007129464476636635,-0.014895850723247797,0.014895850723247797,0.004718021811120521,-0.004718021811120521,0.00496346216779367,-0.00496346216779367,,,,,0.0010542702358448952,-0.0010542702358448952
756,SUCLG2,0.01070591393655209,-0.01070591393655209,0.009409327128158347,-0.009409327128158347,-0.01019126961036191,0.01019126961036191,-0.005754730473034701,0.005754730473034701,,,,,-0.0002656916545536875,0.0002656916545536875
757,EOGT,-0.0005994906973257191,0.0005994906973257191,-0.005140799755008613,0.005140799755008613,-0.00011691175931894532,0.00011691175931894532,0.0033363010546786087,-0.0033363010546786087,,,,,,
758,MITF,-0.005522048649810443,0.005522048649810443,-0.002946263443387477,0.002946263443387477,0.006644146743601184,-0.006644146743601184,0.0014163370390963478,-0.0014163370390963478,,,,,0.019718405155121587,-0.019718405155121587
759,FOXP1,-0.005169872114284865,0.005169872114284865,-0.0020201073060144917,0.0020201073060144917,-0.00016369488753172762,0.00016369488753172762,-0.0004740754525373314,0.0004740754525373314,,,,,-0.006334632055797637,0.006334632055797637
760,GM43948,-0.012123106490908593,0.012123106490908593,,,-0.013772386883254283,0.013772386883254283,,,,,,,2.498001805406602e-16,-2.498001805406602e-16
761,PDZRN3,0.008422588226395834,-0.008422588226395834,-0.0019972980742587465,0.0019972980742587465,-0.0037609289054836292,0.0037609289054836292,0.008053967753583004,-0.008053967753583004,0.013853030608506428,-0.013853030608506428,,,0.0047882477039103075,-0.0047882477039103075
762,CNTN6,,,-0.0037333149108666683,0.0037333149108666683,-0.0024953763800323464,0.0024953763800323464,-0.0034201624523922253,0.0034201624523922253,-0.0009602267747328419,0.0009602267747328419,,,,
763,CNTN4,-0.006031672079512385,0.006031672079512385,0.01921018478262402,-0.01921018478262402,-0.0034364622189168165,0.0034364622189168165,0.010555949855512621,-0.010555949855512621,,,-3.2612801348363973e-16,3.2612801348363973e-16,,
764,ITPR1,-0.005011947681148141,0.005011947681148141,-0.001246847338949815,0.001246847338949815,-0.0002652990291615101,0.0002652990291615101,-0.004548005056371082,0.004548005056371082,,,,,0.002703402373423699,-0.002703402373423699
765,GRM7,-0.0027965453747068603,0.0027965453747068603,-0.013073709756737141,0.013073709756737141,-0.004259763423286468,0.004259763423286468,-0.005659788241531898,0.005659788241531898,,,,,0.00028337040183435205,-0.00028337040183435205
766,LMCD1,-0.012899378394659655,0.012899378394659655,-0.0077508888485921384,0.0077508888485921384,0.016981824032363493,-0.016981824032363493,,,,,8.35165270274274e-14,-8.35165270274274e-14,,
767,RAD18,-0.0030330052946618696,0.0030330052946618696,0.010592582604273725,-0.010592582604273725,-0.0032457202878890465,0.0032457202878890465,0.006373974838893487,-0.006373974838893487,,,3.698430450782553e-15,-3.698430450782553e-15,0.004221680241572531,-0.004221680241572531
