,Unnamed: 0,decouple_UL,couple_UL,decouple_RAO,couple_RAO,decouple_DL,couple_DL,decouple_Subplate,couple_Subplate,decouple_VSVZ,couple_VSVZ,decouple_IPC,couple_IPC,decouple_DC,couple_DC,gene
RP1,0.0,,,0.007482219724251525,-0.007492219724251525,,,,,,,,,,,
LYPLA1,1.0,0.007065751139700774,-0.0070757511397007734,0.00755470031993459,-0.007564700319934591,0.010155277279686431,-0.010165277279686429,0.01002633148876042,-0.01003633148876042,0.0069951647724945795,-0.00700516477249458,0.010780790981500796,-0.010790790981500795,0.006749092767819821,-0.0067590927678198185,
RGS20,2.0,0.0048644052559318205,-0.004874405255931818,0.004720599688120497,-0.004730599688120497,0.007596328169338681,-0.007606328169338681,0.009461175247380216,-0.009471175247380215,0.0114458385732739,-0.0114558385732739,0.013461018073116143,-0.013471018073116145,0.006472177096038909,-0.006482177096038908,
ST18,3.0,0.0035887380131074532,-0.0035987380131074533,0.0002800629010805411,-0.0002900629010805412,-0.007160286385006889,0.007150286385006891,,,0.008641813283352603,-0.008651813283352603,,,0.004748743553583068,-0.004758743553583068,
SNTG1,4.0,0.007258603018232694,-0.007268603018232695,0.007663048932686142,-0.007673048932686142,0.006153268474657636,-0.006163268474657636,0.005928882892890715,-0.005938882892890716,0.009613391683299041,-0.00962339168329904,0.010474769335458921,-0.01048476933545892,0.005548183573175894,-0.0055581835731758926,
ADHFE1,5.0,-6.864279003895857e-05,5.864279003895857e-05,0.00715385743374057,-0.00716385743374057,0.00116456848776246,-0.0011745684877624602,0.007750234843396432,-0.0077602348433964295,0.011524538125483902,-0.0115345381254839,0.00789033684529708,-0.00790033684529708,0.004595588770569113,-0.004605588770569114,
MYBL1,6.0,-0.002753721129504255,0.002743721129504255,0.004977195263630871,-0.00498719526363087,-0.0012372661407929616,0.0012272661407929616,,,0.0015747645519436498,-0.00158476455194365,0.006662173169616606,-0.006672173169616606,0.008822140187069276,-0.008832140187069275,
1700034P13RIK,7.0,-0.000869986941917783,0.000859986941917783,0.0031920266404123353,-0.0032020266404123353,-0.03474731413056968,0.03473731413056968,0.003586935445357736,-0.0035969354453577367,0.010283107578650835,-0.010293107578650837,0.012235083415240459,-0.012245083415240459,-0.020767307474138887,0.020757307474138887,
CPA6,8.0,,,9.59145633000688e-05,-0.0001059145633000688,,,4.025508745807149e-05,-5.025508745807149e-05,,,,,,,
PREX2,9.0,0.01071194740282462,-0.01072194740282462,0.007177152928754801,-0.007187152928754802,0.008938553461202564,-0.008948553461202564,0.01537549210102279,-0.015385492101022791,0.00651274010918311,-0.00652274010918311,-0.006511523550871153,0.006501523550871153,0.00035517035936619146,-0.0003651703593661915,
A830018L16RIK,10.0,0.008866526193988214,-0.008876526193988214,-0.016902408931660215,0.016892408931660215,0.009867239536037091,-0.009877239536037091,0.009443876205549248,-0.009453876205549248,0.010049719423105258,-0.010059719423105256,0.00023879500479472016,-0.0002487950047947202,0.005418256394212881,-0.00542825639421288,
SULF1,11.0,0.002961972394146292,-0.0029719723941462922,-0.0005895911745719129,0.0005795911745719129,0.006797456764261882,-0.006807456764261883,-0.011323159333217871,0.01131315933321787,0.008229012103906433,-0.00823901210390643,0.006434269635795895,-0.006444269635795894,,,
EYA1,12.0,0.00044226932417765213,-0.00045226932417765216,0.005261908943705165,-0.005271908943705165,0.002269501415225417,-0.002279501415225417,0.005887851833623323,-0.005897851833623322,0.011514718489586698,-0.011524718489586696,0.012808887860143723,-0.012818887860143723,0.00884272942169137,-0.00885272942169137,
JPH1,13.0,0.007566705872413245,-0.007576705872413245,0.008453997691143841,-0.008463997691143841,0.015903880312472488,-0.015913880312472487,0.012385162470737149,-0.012395162470737148,0.012873132528842174,-0.012883132528842172,0.008998406963930436,-0.009008406963930436,0.01068444332763818,-0.010694443327638182,
CRISPLD1,14.0,,,0.012453648158757021,-0.01246364815875702,,,,,0.017970270811061482,-0.017980270811061478,,,,,
GM28756,15.0,0.00928323829051629,-0.00929323829051629,-0.029776456816002838,0.02976645681600284,0.009584634831042174,-0.009594634831042174,0.009741846791298622,-0.009751846791298622,0.01108903373516716,-0.01109903373516716,-0.0011455548998802467,0.0011355548998802467,0.005836758562685104,-0.005846758562685104,
TFAP2D,16.0,0.0025533226459532603,-0.0025633226459532603,0.006461869953010278,-0.006471869953010277,0.007769714722620058,-0.007779714722620058,0.01049137143301576,-0.01050137143301576,0.009884626288441905,-0.009894626288441902,0.010696929201002368,-0.010706929201002368,,,
MCM3,17.0,0.0069691152898481434,-0.006979115289848143,0.007537471307771312,-0.007547471307771313,0.010942058421821265,-0.010952058421821264,0.004279550851151295,-0.004289550851151295,0.0093406938845631,-0.0093506938845631,0.006725684758021794,-0.006735684758021793,-0.014994567048095368,0.014984567048095369,
PAQR8,18.0,0.009019378167588216,-0.009029378167588215,0.007754684601983044,-0.007764684601983044,0.007358708737829608,-0.007368708737829608,,,0.01000560145740538,-0.01001560145740538,0.01189377250000448,-0.01190377250000448,0.009055450032290429,-0.009065450032290426,
TRAM2,19.0,0.004758941981043735,-0.0047689419810437355,0.008729334661306294,-0.008739334661306292,0.013650601842769368,-0.013660601842769366,,,0.008363322068856384,-0.008373322068856385,0.005172537245576953,-0.005182537245576952,0.005568358832431737,-0.005578358832431737,
KCNQ5,20.0,0.004803659665341076,-0.004813659665341075,0.005871392861694857,-0.005881392861694857,0.007276487540983216,-0.007286487540983214,0.012419635150747066,-0.012429635150747066,0.00974568697626653,-0.009755686976266529,0.007405536065347566,-0.007415536065347565,0.005553608815097546,-0.005563608815097546,
GM28822,21.0,0.002464566690559833,-0.002474566690559833,0.005579797361469019,-0.0055897973614690176,,,,,0.0030053163713858605,-0.0030153163713858605,-0.006471658305672326,0.0064616583056723255,-0.006189752002772039,0.00617975200277204,
COL19A1,22.0,-0.0017997802456453519,0.0017897802456453519,-0.03655030785779458,0.03654030785779458,0.014819746308668072,-0.014829746308668072,,,0.006632363763352883,-0.006642363763352883,,,0.008552767742983039,-0.008562767742983039,
ADGRB3,23.0,0.005201915030624824,-0.005211915030624822,0.004016096075128137,-0.004026096075128136,0.000655128129382454,-0.000665128129382454,0.008207292082665615,-0.008217292082665615,0.005527224246673747,-0.005537224246673748,0.012960694968458223,-0.012970694968458223,0.006759280579559518,-0.006769280579559518,
KHDRBS2,24.0,0.0033198868766600304,-0.0033298868766600304,0.007234002448669619,-0.007244002448669619,0.002891256934775141,-0.002901256934775141,0.005269024836093318,-0.0052790248360933155,0.005006475508371258,-0.005016475508371258,0.01014087911543353,-0.010150879115433529,0.005316279585732732,-0.005326279585732733,
PRIM2,25.0,0.0049591922888446854,-0.004969192288844685,0.007635233152466572,-0.007645233152466572,0.005405407541758833,-0.005415407541758833,0.00971779422323957,-0.009727794223239569,0.008881755631457919,-0.008891755631457918,0.011518553067215123,-0.011528553067215123,0.0066357421435411365,-0.006645742143541137,
BEND6,26.0,0.005121464157297612,-0.005131464157297611,-0.0018088300405530585,0.0017988300405530587,0.0048178255046856105,-0.00482782550468561,0.008019720947409145,-0.008029720947409145,0.010261397483321513,-0.010271397483321513,0.007538807781205263,-0.007548807781205261,0.006379260934138446,-0.006389260934138445,
ARHGEF4,27.0,0.005493262074823757,-0.005503262074823757,0.006624050645891097,-0.0066340506458910965,0.014689291838348925,-0.014699291838348925,0.006664138763619862,-0.0066741387636198605,0.01234575307653468,-0.012355753076534682,0.006372707010192685,-0.006382707010192685,0.006064555716153788,-0.006074555716153788,
NPAS2,28.0,-0.003000431070602369,0.002990431070602369,-0.006378959435801162,0.006368959435801163,0.010013203245265905,-0.010023203245265904,0.012260743068168723,-0.012270743068168723,,,,,,,
GM29260,29.0,0.005030693688118607,-0.005040693688118606,0.004552933839930981,-0.0045629338399309815,0.009983339796988051,-0.009993339796988052,0.010518236629255691,-0.010528236629255687,0.005179680353203042,-0.005189680353203042,0.011207172365034282,-0.011217172365034282,0.007816015224024921,-0.007826015224024919,
GM28175,30.0,0.003976431393317062,-0.0039864313933170616,0.00522906027852793,-0.005239060278527929,0.0063579390979317954,-0.006367939097931794,0.009522352999757221,-0.00953235299975722,0.005797286364580392,-0.005807286364580392,0.010424060479431022,-0.010434060479431021,0.0077299064675380716,-0.007739906467538072,
ECRG4,31.0,0.006790387019406555,-0.006800387019406554,0.007618942693938201,-0.007628942693938202,0.009032560850159618,-0.009042560850159618,-0.009300374553230491,0.009290374553230491,0.0014795942510426455,-0.0014895942510426458,-0.044720858515643495,0.044710858515643485,,,
GULP1,32.0,,,0.006676139052516184,-0.006686139052516183,0.008274619770408498,-0.008284619770408497,,,-0.009591908478655514,0.009581908478655516,0.008195746544004498,-0.008205746544004498,,,
COL5A2,33.0,-0.0004379357997300604,0.0004279357997300603,0.0033808278547070303,-0.0033908278547070303,0.0077037970889165105,-0.007713797088916511,0.004786086044161904,-0.004796086044161905,0.010314521028494771,-0.010324521028494769,0.010371854766581534,-0.010381854766581534,0.006774827602833988,-0.006784827602833989,
DNAH7B,34.0,-0.011671948339401385,0.011661948339401384,0.003261319663025189,-0.003271319663025189,0.009705962619649221,-0.00971596261964922,0.0037536349522484798,-0.00376363495224848,0.00871855329610037,-0.00872855329610037,0.015417039743450447,-0.015427039743450447,0.005746235406476077,-0.005756235406476077,
TMEFF2,35.0,0.004831944158267472,-0.004841944158267473,0.006094232334444728,-0.006104232334444727,0.003968316340711153,-0.003978316340711153,0.002546428095544686,-0.002556428095544687,0.006277627835571203,-0.006287627835571203,0.01205682549859162,-0.012066825498591621,0.006098394411328742,-0.006108394411328742,
MYO1B,36.0,0.004831839595627385,-0.004841839595627385,0.006391779161206354,-0.006401779161206354,0.008089845511490806,-0.008099845511490806,0.010673543432068194,-0.010683543432068194,0.0058273487019869785,-0.005837348701986978,0.00989472310524317,-0.009904723105243169,0.0023370515788913165,-0.002347051578891317,
STAT1,37.0,-0.004479615395054731,0.004469615395054732,0.009047569385273235,-0.009057569385273237,0.005042712041760988,-0.005052712041760988,0.006955266037906485,-0.006965266037906486,0.006970756993982891,-0.00698075699398289,-0.018431169757080472,0.018421169757080472,-0.0011370456630187267,0.0011270456630187266,
STK17B,38.0,,,0.008011410183459659,-0.008021410183459659,,,,,,,0.007900229625075611,-0.007910229625075609,0.007248366641477336,-0.007258366641477334,
HECW2,39.0,0.00791150872650112,-0.00792150872650112,0.008559244082886884,-0.008569244082886885,0.004620883049318625,-0.004630883049318624,0.007344003215614916,-0.007354003215614915,0.0112073710856382,-0.011217371085638198,0.012027959649973231,-0.01203795964997323,0.008917471314102948,-0.008927471314102948,
RFTN2,40.0,0.0018992591488147246,-0.0019092591488147246,0.0058557722047600505,-0.005865772204760051,0.01045577713796976,-0.01046577713796976,,,0.00914058906428769,-0.00915058906428769,0.01466323314687838,-0.014673233146878382,0.007885395596311741,-0.007895395596311739,
PLCL1,41.0,0.00395492953383382,-0.00396492953383382,0.005943052213557731,-0.005953052213557731,0.007982314736927995,-0.007992314736927995,0.00825926906927847,-0.008269269069278471,0.00522770133935023,-0.005237701339350229,0.011178162324462143,-0.011188162324462144,0.0044071016919802405,-0.00441710169198024,
SATB2,42.0,4.748104644752837e-05,-5.748104644752837e-05,0.0076655918328788625,-0.007675591832878862,0.003650000368570633,-0.003660000368570633,0.010141806972032694,-0.010151806972032692,0.0053105388324306705,-0.005320538832430668,0.010632116054913364,-0.010642116054913362,0.00643237489327074,-0.006442374893270739,
9130024F11RIK,43.0,0.003979889146107488,-0.003989889146107486,0.006585295541224821,-0.00659529554122482,0.005125689229657822,-0.005135689229657823,0.010295608607776952,-0.010305608607776951,0.005471742052623949,-0.005481742052623947,0.014395772394528841,-0.014405772394528841,0.0064938542361597925,-0.006503854236159793,
SPATS2L,44.0,0.00845276892556722,-0.008462768925567219,0.008149502006415066,-0.008159502006415065,0.00872838096672883,-0.00873838096672883,0.010231562407756677,-0.010241562407756677,0.010306430292050056,-0.010316430292050056,-0.00456692760107702,0.00455692760107702,0.007588318158700716,-0.0075983181587007155,
SGO2A,45.0,-0.010937139779853151,0.010927139779853151,0.004965175357507193,-0.004975175357507192,0.010581077206907638,-0.010591077206907638,-0.028114954171138844,0.028104954171138844,0.003181530804346952,-0.003191530804346952,,,0.0048793812624530405,-0.00488938126245304,
CASP8,46.0,,,-0.0020315420326498246,0.0020215420326498246,,,,,,,0.003356479179253816,-0.003366479179253816,,,
GM973,47.0,-0.03892923624099398,0.038919236240993985,0.007022944925293359,-0.0070329449252933595,0.008337871554076476,-0.008347871554076475,0.0011009855558009457,-0.0011109855558009457,,,,,-0.0005767610847484812,0.0005667610847484812,
PARD3B,48.0,0.0018799255472183032,-0.0018899255472183032,0.006979668360413263,-0.0069896683604132636,0.006186840060471015,-0.006196840060471016,0.010828031466019931,-0.01083803146601993,0.012336997461227545,-0.012346997461227544,0.010996849567953064,-0.011006849567953062,0.006426819727976457,-0.006436819727976457,
PARD3BOS1,49.0,,,0.00998345170419776,-0.00999345170419776,-0.01064468123046311,0.010634681230463109,-0.00035726694022994443,0.0003472669402299444,-0.02841048690589522,0.02840048690589522,-0.01976968535032725,0.01975968535032725,0.013139766974701192,-0.013149766974701192,
NRP2,50.0,0.011684641541117952,-0.011694641541117951,0.004227597867645525,-0.004237597867645524,0.014687149096750075,-0.014697149096750075,0.006029500287472164,-0.006039500287472164,0.007182062462386048,-0.007192062462386049,0.009287822358826052,-0.009297822358826051,0.0034206098421246532,-0.0034306098421246533,
ADAM23,51.0,0.0076016955578384485,-0.007611695557838447,0.007260597354958821,-0.007270597354958819,0.007922827032678825,-0.007932827032678825,0.010049261671209606,-0.010059261671209605,0.007887453118808424,-0.007897453118808424,0.010992083812642106,-0.011002083812642106,0.004012859074865746,-0.004022859074865746,
UNC80,52.0,0.008284612798695344,-0.008294612798695342,0.00764356168192535,-0.007653561681925348,0.011292201784280241,-0.011302201784280241,0.009421278048514906,-0.009431278048514905,0.006502429161258663,-0.006512429161258664,-0.016434023241654768,0.016424023241654772,0.005222186220903578,-0.005232186220903577,
ACADL,53.0,0.004754506161984862,-0.004764506161984861,0.00587088303255752,-0.005880883032557519,0.011967536892232664,-0.011977536892232665,,,,,-0.005869274378044229,0.005859274378044229,-0.003672352570797136,0.003662352570797136,
ERBB4,54.0,0.011155229157204238,-0.011165229157204238,0.008413798125406408,-0.008423798125406405,0.009573754150983188,-0.009583754150983188,0.005601402522945623,-0.005611402522945622,0.010139551994266402,-0.010149551994266402,0.007508310208202752,-0.00751831020820275,0.006295375119044294,-0.006305375119044294,
IKZF2,55.0,0.006730088511238713,-0.006740088511238714,0.007053444494905428,-0.007063444494905428,0.010252342984206658,-0.010262342984206658,0.01150135194321647,-0.01151135194321647,0.008687486885258194,-0.008697486885258194,0.013629652763452238,-0.013639652763452238,0.006986468924917583,-0.006996468924917582,
SPAG16,56.0,-0.0029124547727424066,0.0029024547727424066,0.005350381729349304,-0.005360381729349304,-0.001430794665229107,0.001420794665229107,,,,,,,,,
VWC2L,57.0,-0.0007470908019948652,0.0007370908019948652,-0.0016057129206103332,0.0015957129206103332,0.012612314881394776,-0.012622314881394777,0.004774120387783742,-0.004784120387783742,,,,,-0.007055810761155273,0.007045810761155274,
BARD1,58.0,0.005680575457236034,-0.005690575457236034,0.006417699744962729,-0.006427699744962729,0.005548898425376632,-0.005558898425376633,0.008852006630820877,-0.008862006630820877,-0.010456201997241912,0.010446201997241913,0.01049095808030183,-0.010500958080301829,-0.0026274472691703997,0.0026174472691703997,
FN1,59.0,0.01200779243672459,-0.01201779243672459,0.005596863210457007,-0.005606863210457006,0.003942749834444953,-0.003952749834444953,0.012225008203222948,-0.01223500820322295,0.010812324303808518,-0.01082232430380852,0.011376828678049731,-0.01138682867804973,0.0036156252234494923,-0.003625625223449493,
MARCH4,60.0,0.0071261184098418565,-0.007136118409841854,-0.019470132738701927,0.019460132738701928,0.004805654337752235,-0.004815654337752235,0.012249996502624913,-0.012259996502624913,0.01140270396550168,-0.011412703965501678,0.0043420642283147496,-0.004352064228314747,0.005962437252263489,-0.005972437252263489,
IGFBP2,61.0,0.0068643307571289594,-0.006874330757128958,0.004945994331786843,-0.004955994331786843,0.005889046607773882,-0.005899046607773881,0.011084320759030876,-0.011094320759030874,0.006094720115990479,-0.006104720115990479,0.008087288972340859,-0.008097288972340858,0.00516325122878214,-0.005173251228782139,
IGFBP5,62.0,0.008607198752082296,-0.008617198752082295,0.007550987840059102,-0.0075609878400591,0.010014677939304814,-0.010024677939304814,0.01322414731821102,-0.013234147318211018,0.01390493958843908,-0.01391493958843908,0.008711073327796248,-0.008721073327796248,0.006945960507460887,-0.0069559605074608856,
TNS1,63.0,0.002091990285338061,-0.002101990285338061,0.007527053480343757,-0.007537053480343756,0.010597162894653234,-0.010607162894653232,-0.02460991130863052,0.024599911308630526,0.009065804320884788,-0.009075804320884787,0.014025299859381972,-0.014035299859381971,0.010077921038557258,-0.010087921038557258,
PLCD4,64.0,-0.005308493620259286,0.005298493620259286,0.005217615047076088,-0.005227615047076088,0.010518288252003,-0.010528288252003002,-0.031450906786693475,0.03144090678669347,0.01098607508417209,-0.01099607508417209,0.012151005077575215,-0.012161005077575216,0.0009915935533923656,-0.0010015935533923656,
SCG2,65.0,0.005861623442688675,-0.0058716234426886725,0.0019396546401357004,-0.0019496546401357004,0.0005314006339560834,-0.0005414006339560834,,,0.005723061331011442,-0.0057330613310114424,,,-0.0030309800599847003,0.0030209800599847003,
SERPINE2,66.0,0.003366808924575193,-0.003376808924575193,0.007463131309851781,-0.00747313130985178,0.008087358379277362,-0.008097358379277362,0.003002865819254339,-0.003012865819254339,-0.004853859928620113,0.004843859928620114,-0.0062800733956210044,0.006270073395621007,-0.0006561176963818666,0.0006461176963818665,
DOCK10,67.0,-0.025793747066619875,0.025783747066619882,0.007395356242015455,-0.007405356242015455,-0.029781302373596923,0.029771302373596924,0.007244542527227906,-0.007254542527227906,0.004939494173265113,-0.004949494173265114,0.005609862487850004,-0.005619862487850003,0.00761492075319882,-0.0076249207531988205,
NYAP2,68.0,0.005437085474283843,-0.005447085474283842,0.010466482414112924,-0.010476482414112923,0.004485037815812623,-0.004495037815812623,0.007707806807199541,-0.007717806807199539,0.006771795344997028,-0.0067817953449970285,0.011678292042832814,-0.011688292042832813,0.006962870027038215,-0.0069728700270382145,
IRS1,69.0,0.006141244150611555,-0.006151244150611555,0.0048015601282845885,-0.004811560128284586,0.011271517857668679,-0.01128151785766868,0.010229407806402552,-0.010239407806402551,0.009124497130677615,-0.009134497130677616,0.011958195076709907,-0.011968195076709908,0.005833511717011256,-0.005843511717011255,
RHBDD1,70.0,0.003190610398893845,-0.003200610398893845,0.008186410074992378,-0.008196410074992378,0.0006048085586005808,-0.0006148085586005807,0.00908839487330798,-0.009098394873307979,0.009833717525122965,-0.009843717525122964,0.01198920832707677,-0.011999208327076771,0.005846238516680521,-0.005856238516680521,
COL4A4,71.0,-0.011700418880903424,0.011690418880903424,0.007214168886212929,-0.00722416888621293,-0.030058984286675007,0.030048984286675007,,,0.010252126150243806,-0.010262126150243805,-0.032373506864818165,0.03236350686481816,0.003651845423191149,-0.003661845423191149,
SPHKAP,72.0,0.010816553964174537,-0.010826553964174538,0.002065745886642059,-0.002075745886642059,0.009246280705285922,-0.009256280705285922,0.010895198810539394,-0.010905198810539394,0.01063785000576277,-0.010647850005762769,0.008952407592828645,-0.008962407592828642,0.003908301295425048,-0.003918301295425048,
PID1,73.0,0.010807313256513644,-0.010817313256513642,0.003558144784475803,-0.003568144784475803,0.009560020010584286,-0.009570020010584284,0.005301258071227485,-0.005311258071227485,0.008592231154626803,-0.008602231154626803,0.011524434559059077,-0.011534434559059076,0.006395481977848574,-0.006405481977848574,
DNER,74.0,0.0065990301254537365,-0.006609030125453736,0.007140055059807984,-0.007150055059807985,0.007751212184396561,-0.00776121218439656,0.008671667619076673,-0.008681667619076672,0.007950703158662184,-0.007960703158662184,0.013018384640470336,-0.013028384640470335,0.006833541599881018,-0.006843541599881018,
HJURP,75.0,0.0039907907194384066,-0.004000790719438404,0.003925382772557176,-0.003935382772557176,0.004421047661085448,-0.004431047661085447,0.009509545306201449,-0.009519545306201449,0.00602782386345832,-0.00603782386345832,0.012074980388669427,-0.012084980388669429,0.004681155205126644,-0.004691155205126644,
ASB18,76.0,-0.00422042652701049,0.0042104265270104906,-0.0196951427896576,0.0196851427896576,,,,,,,-0.02974547372543987,0.02973547372543987,,,
ACKR3,77.0,-0.0058979628545217785,0.00588796285452178,0.006098717012512979,-0.00610871701251298,0.005340073513432146,-0.0053500735134321435,0.010762388639719234,-0.010772388639719232,0.011303512169393952,-0.011313512169393952,,,0.003575208790564305,-0.003585208790564305,
SNED1,78.0,-0.008592741690133882,0.008582741690133882,0.007201908919484677,-0.007211908919484675,0.005002554772417067,-0.005012554772417068,,,,,0.007076360019491205,-0.0070863600194912045,-0.013844556570064335,0.013834556570064336,
ST8SIA4,79.0,0.006674885299866207,-0.006684885299866206,0.00705969481415393,-0.00706969481415393,0.007339508997610181,-0.007349508997610183,0.010304637957242374,-0.010314637957242374,0.005686870560811436,-0.005696870560811435,0.007822372269165323,-0.007832372269165323,0.0038700930515036813,-0.0038800930515036814,
PAM,80.0,0.005546829928761432,-0.0055568299287614325,0.004586085436523349,-0.004596085436523349,0.009755351287045648,-0.009765351287045646,0.009812769982172969,-0.009822769982172968,0.0034190523221952485,-0.0034290523221952485,0.005784855860459168,-0.005794855860459167,0.008374615098754257,-0.008384615098754256,
CNTNAP5B,81.0,0.0065476125658427845,-0.006557612565842783,-0.01335798600664885,0.01334798600664885,0.011685545983181623,-0.011695545983181623,0.006628070760225244,-0.006638070760225243,0.008001659849094338,-0.008011659849094337,0.003209285310186466,-0.003219285310186466,-0.0011892183646516202,0.0011792183646516204,
CDH20,82.0,0.0006050294951261552,-0.0006150294951261554,0.007605730726010702,-0.0076157307260107015,0.0033187915843983927,-0.0033287915843983927,0.009678579211728931,-0.00968857921172893,0.004846738978718318,-0.004856738978718318,0.00790074938482288,-0.00791074938482288,,,
BCL2,83.0,0.006217151612733189,-0.0062271516127331865,0.006363536218605692,-0.0063735362186056925,0.005716854301022825,-0.005726854301022825,0.010953133823954936,-0.010963133823954935,0.012657854703196358,-0.012667854703196358,0.010382497917848538,-0.010392497917848536,0.00573513537363822,-0.00574513537363822,
CDH7,84.0,0.006991276148418241,-0.00700127614841824,0.004047386537651687,-0.004057386537651687,0.00840657963520669,-0.008416579635206691,0.001345660272929983,-0.0013556602729299827,0.010890157780220094,-0.010900157780220094,0.008064610370028522,-0.008074610370028521,0.0024828267666749467,-0.0024928267666749467,
CNTNAP5A,85.0,0.011344942022399704,-0.011354942022399705,-0.0107140253186518,0.010704025318651802,0.011384216256209514,-0.011394216256209514,0.00037697277219833625,-0.00038697277219833633,0.009025036264076705,-0.009035036264076705,-0.02030373615873036,0.020293736158730362,0.0052786667440696535,-0.005288666744069654,
GLI2,86.0,-0.009666618267135642,0.009656618267135642,0.004089598572271869,-0.004099598572271868,0.002009841761183767,-0.002019841761183767,0.01005618095197358,-0.010066180951973579,0.011811099439141631,-0.011821099439141631,0.009501367721003004,-0.009511367721003005,0.006776885662996182,-0.006786885662996182,
EPB41L5,87.0,0.009926505708145794,-0.009936505708145794,0.007798562388545398,-0.007808562388545399,0.013357461715610586,-0.013367461715610584,0.006353744863415181,-0.0063637448634151815,0.008655396392433026,-0.008665396392433026,0.010531049379738323,-0.010541049379738323,0.008641355141102938,-0.008651355141102938,
SCTR,88.0,,,0.0024521271730336136,-0.0024621271730336136,,,-0.027209538415445145,0.027199538415445142,0.005879491120293304,-0.005889491120293303,-0.005179649792483823,0.005169649792483824,,,
DBI,89.0,0.0045474496061278106,-0.004557449606127809,0.0035464626072351365,-0.0035564626072351366,0.007626297289194743,-0.00763629728919474,0.009029145323740814,-0.009039145323740814,0.005585029634487732,-0.005595029634487731,0.00887259335128815,-0.008882593351288149,0.005077636276702421,-0.005087636276702421,
CELRR,90.0,-0.034285822104433636,0.03427582210443364,0.0032046178737752122,-0.0032146178737752122,,,,,,,,,,,
DPP10,91.0,0.008630435028142092,-0.008640435028142091,0.00272944926423746,-0.00273944926423746,0.007943978137466598,-0.0079539781374666,0.013192181163152432,-0.013202181163152431,0.010258586361407154,-0.010268586361407154,0.005818218275822572,-0.005828218275822573,0.006904630514072599,-0.006914630514072599,
TMEM163,92.0,0.0007659740087911093,-0.0007759740087911094,0.008801059289512497,-0.008811059289512497,0.009302388044617528,-0.009312388044617526,0.009374677723373151,-0.00938467772337315,0.009020604611137142,-0.009030604611137142,0.011599201805940693,-0.011609201805940692,-0.0026873562777260177,0.0026773562777260176,
ZRANB3,93.0,0.00979994336222727,-0.009809943362227269,0.007261296753499458,-0.007271296753499456,0.012259594081515113,-0.012269594081515112,0.008153944705847654,-0.008163944705847654,0.011649620173639257,-0.011659620173639256,0.012457887474977973,-0.012467887474977974,0.00517747783047802,-0.005187477830478019,
MCM6,94.0,0.009031806837595052,-0.009041806837595052,0.006676979088228535,-0.006686979088228535,0.009363872766754476,-0.009373872766754474,0.009495097395676944,-0.009505097395676943,0.008952979927160891,-0.008962979927160889,0.009369129063606318,-0.009379129063606318,0.005811466210661163,-0.005821466210661163,
THSD7B,95.0,0.01125589552472843,-0.011265895524728429,0.00726549658170865,-0.0072754965817086485,0.013976913997334348,-0.013986913997334349,,,0.012754745518070112,-0.012764745518070112,0.009573090184385805,-0.009583090184385804,0.00464183648609498,-0.00465183648609498,
GM16083,96.0,0.010921419611744629,-0.010931419611744628,0.0033092817349179853,-0.0033192817349179853,0.013741765801355124,-0.013751765801355124,0.006169163125330182,-0.006179163125330182,0.010620521165776569,-0.010630521165776568,,,0.003071390875075984,-0.003081390875075984,
SOX13,97.0,-0.02351747233379866,0.02350747233379866,0.006980598098884711,-0.00699059809888471,-0.013294521120937557,0.013284521120937556,,,,,-0.04512432709496543,0.045114327094965434,-0.020704351862229502,0.020694351862229503,
BTG2,98.0,0.005283486643594695,-0.005293486643594695,0.0055712248117113505,-0.00558122481171135,0.010057101717129452,-0.010067101717129451,0.012466199844433923,-0.012476199844433922,0.00970283968670034,-0.00971283968670034,0.006934350965219521,-0.006944350965219521,0.008494468583673885,-0.008504468583673885,
KIF14,99.0,-0.022608248503837008,0.022598248503837008,0.006647898897465532,-0.006657898897465531,-0.003901920084228905,0.0038919200842289048,0.00790515638092973,-0.007915156380929728,0.007900093197017663,-0.007910093197017663,,,,,
NEK7,100.0,-0.01413891109327306,0.014128911093273059,0.006811677674475561,-0.00682167767447556,0.0026231631672168076,-0.0026331631672168077,-0.016543453488688034,0.016533453488688038,0.0069681458118586856,-0.006978145811858686,0.012476774711058151,-0.012486774711058152,0.007635434815962239,-0.0076454348159622374,
LHX9,101.0,-0.0055179045604013535,0.005507904560401355,0.003952962415668476,-0.003962962415668476,-0.009637988991137186,0.009627988991137187,0.005945846176397818,-0.005955846176397817,0.013473904249361422,-0.013483904249361422,0.010958865986942665,-0.010968865986942664,0.006460913605761272,-0.006470913605761273,
CRB1,102.0,0.00764245455913172,-0.0076524545591317205,0.015751796027442727,-0.015761796027442727,,,,,0.007537594247029239,-0.007547594247029238,0.00476527255619119,-0.004775272556191191,-0.011282944640591382,0.011272944640591382,
ASPM,103.0,0.005535171301842459,-0.00554517130184246,0.005472125055735633,-0.005482125055735632,0.003623746203486225,-0.003633746203486225,-0.005246618901618469,0.005236618901618468,0.0037055924940303797,-0.0037155924940303797,,,0.0030802067909713603,-0.0030902067909713603,
KCNT2,104.0,0.00827488899487476,-0.00828488899487476,0.005947382138815614,-0.0059573821388156116,0.009518171546737885,-0.009528171546737884,0.006771017490389608,-0.006781017490389608,0.011509533075631241,-0.011519533075631241,0.009810973489006669,-0.009820973489006669,0.0057733993130503,-0.005783399313050299,
B3GALT2,105.0,0.01119287634137163,-0.01120287634137163,0.005091076151255633,-0.0051010761512556325,0.009072310267039294,-0.009082310267039291,0.010210513907587064,-0.010220513907587063,0.015301975957774104,-0.015311975957774103,0.008128296938637189,-0.008138296938637189,0.005695002068643956,-0.005705002068643957,
GM29514,106.0,,,0.0012095083317669175,-0.0012195083317669175,0.009816521731956629,-0.009826521731956629,0.0047200003240986796,-0.00473000032409868,,,,,,,
BRINP3,107.0,-0.04615439761616512,0.046144397616165116,0.0041139806358250755,-0.004123980635825076,0.008089315239702383,-0.00809931523970238,0.0047200003240986796,-0.00473000032409868,,,,,0.0006637069862273638,-0.0006737069862273638,
HMCN1,108.0,,,0.004672022611442866,-0.004682022611442866,-0.003694097149934239,0.003684097149934239,0.015901844699431008,-0.01591184469943101,0.01117999943758391,-0.01118999943758391,0.006434796375558105,-0.006444796375558105,0.0015465246800126647,-0.0015565246800126648,
COLGALT2,109.0,-0.016790260351662558,0.016780260351662562,0.009881773745261585,-0.009891773745261585,0.009339715380338523,-0.009349715380338523,0.012029605252157377,-0.012039605252157377,0.009969483949355729,-0.009979483949355729,0.0022072973938967178,-0.0022172973938967178,-0.006042271142557586,0.006032271142557586,
RGL1,110.0,0.00475682109773426,-0.004766821097734259,0.00857257591118206,-0.008582575911182059,0.007434995447402323,-0.007444995447402324,0.010021492187654302,-0.0100314921876543,0.008247388328736949,-0.008257388328736948,0.01069924410174822,-0.010709244101748215,0.00493122059322211,-0.00494122059322211,
NPL,111.0,0.0014659635056639836,-0.0014759635056639836,0.003338303559475148,-0.003348303559475148,0.0021797452723626848,-0.0021897452723626852,0.006593051119238455,-0.006603051119238455,,,,,,,
RGS8,112.0,0.00124684263272358,-0.0012568426327235801,0.001828864335934016,-0.001838864335934016,-0.0002993154976047574,0.00028931549760475737,,,0.010086199611596609,-0.010096199611596609,,,,,
CACNA1E,113.0,0.00792749886786262,-0.00793749886786262,0.0060795768623712184,-0.006089576862371219,0.00453090956270262,-0.004540909562702621,0.009763806555839263,-0.009773806555839265,0.01025722622233996,-0.01026722622233996,0.00890844233671062,-0.00891844233671062,0.007466649640557681,-0.007476649640557681,
FAM163A,114.0,-0.022775170601101142,0.022765170601101142,-0.00438895316972121,0.004378953169721211,0.009858899622414152,-0.009868899622414152,0.0044232058255148365,-0.004433205825514836,0.008080713023707317,-0.008090713023707317,-0.002547347370149,0.002537347370149,0.006898859259291727,-0.006908859259291728,
CRYZL2,115.0,0.012718748066492187,-0.012728748066492188,0.0013045173729538811,-0.0013145173729538812,,,,,,,0.0023963537030695647,-0.0024063537030695648,,,
BRINP2,116.0,0.00664937072123685,-0.006659370721236849,0.005190073046268992,-0.0052000730462689925,0.007438431265709339,-0.0074484312657093375,0.011855737219026231,-0.01186573721902623,0.006917176181878718,-0.006927176181878717,0.012591850254874498,-0.012601850254874498,0.0049489437166508115,-0.004958943716650812,
PAPPA2,117.0,0.0032206676383421677,-0.0032306676383421678,0.006333069274758157,-0.006343069274758157,0.007808259717015986,-0.007818259717015986,,,-0.001434915400697248,0.001424915400697248,0.008915224615710773,-0.008925224615710773,0.005910875712319061,-0.00592087571231906,
TNR,118.0,0.008360817470247141,-0.008370817470247139,0.006518082290810162,-0.006528082290810162,0.007125857543464009,-0.00713585754346401,0.009418874633200208,-0.009428874633200208,0.009618567746448677,-0.009628567746448677,-0.0052117977827444905,0.005201797782744492,0.0059627447504777,-0.005972744750477699,
PRRX1,119.0,0.0005875186635653784,-0.0005975186635653784,0.008806890625164598,-0.008816890625164598,-0.003252365483615557,0.003242365483615557,,,0.010083865570323687,-0.010093865570323688,0.010605675703732234,-0.010615675703732234,0.0067913931786170575,-0.006801393178617058,
ATP1B1,120.0,0.006210051788012122,-0.006220051788012122,0.0061596856578518275,-0.006169685657851825,0.0044370934454504435,-0.004447093445450443,0.009460100405887822,-0.009470100405887822,0.009995627307091859,-0.010005627307091858,0.009748755246390987,-0.009758755246390987,0.005347094305103856,-0.005357094305103855,
CD247,121.0,,,0.007429401506627353,-0.007439401506627353,0.009089496653698348,-0.00909949665369835,,,0.011692072149767791,-0.011702072149767793,-0.0001767198890023497,0.0001667198890023497,,,
ILDR2,122.0,-0.0037347002659586523,0.003724700265958651,0.008040536575842071,-0.008050536575842069,0.013742451428365192,-0.013752451428365193,0.008168009787094005,-0.008178009787094005,,,0.012261769502596527,-0.012271769502596524,0.008318911270723782,-0.008328911270723782,
NUF2,123.0,0.002293964105654217,-0.002303964105654217,0.008150119409707113,-0.008160119409707112,0.007535039221446756,-0.007545039221446757,-0.0005415850217040523,0.0005315850217040523,-0.0035246046601299366,0.003514604660129937,,,,,
RGS5,124.0,,,0.0032109545016932237,-0.0032209545016932237,,,,,,,,,,,
RGS4,125.0,-0.007813334828840168,0.007803334828840169,0.00145500809132372,-0.00146500809132372,0.012566236416695813,-0.012576236416695809,,,-0.005379144738541383,0.0053691447385413845,,,0.004171425444795332,-0.004181425444795332,
CCDC190,126.0,,,0.008135685855600733,-0.00814568585560073,,,,,,,,,,,
DDR2,127.0,0.003656631569337307,-0.003666631569337307,0.0061370611189352645,-0.006147061118935263,,,,,0.009195826015353362,-0.00920582601535336,,,,,
ATP1A2,128.0,-0.003458412077319478,0.003448412077319478,0.005651248133965185,-0.0056612481339651825,0.008664658580459575,-0.008674658580459575,,,0.003818281186370176,-0.0038282811863701756,0.014234979220189625,-0.014244979220189625,-0.01028474736763535,0.01027474736763535,
KCNJ10,129.0,-0.009554040652332207,0.00954404065233221,0.008482079290232786,-0.008492079290232784,0.013587099148883036,-0.013597099148883036,0.010519598890415635,-0.010529598890415636,0.011592481357479359,-0.01160248135747936,0.014288256087022584,-0.01429825608702258,,,
TAGLN2,130.0,0.002315120950211039,-0.002325120950211039,0.007394623206506953,-0.007404623206506953,-0.0004904747352231509,0.00048047473522315086,0.002590448829439165,-0.002600448829439165,0.009937887057883676,-0.009947887057883676,0.008223170598928117,-0.008233170598928117,-0.0009521233609554037,0.0009421233609554037,
AIM2,131.0,0.015131311621364732,-0.015141311621364732,0.00674179752162439,-0.00675179752162439,0.004498950046422409,-0.00450895004642241,,,-0.005652038010796487,0.005642038010796486,0.009727656881192856,-0.009737656881192856,0.0015178275568232535,-0.0015278275568232536,
RGS7,132.0,0.007986444534160031,-0.007996444534160029,0.006974616988529206,-0.006984616988529206,0.006415896254424791,-0.006425896254424791,0.007107313011435051,-0.007117313011435052,0.011083884372263623,-0.011093884372263623,0.00056908452776816,-0.00057908452776816,0.007510822069141873,-0.007520822069141874,
EXO1,133.0,-0.008915112632064986,0.008905112632064987,0.006507526257655771,-0.006517526257655771,0.0021490238657772553,-0.0021590238657772554,,,-0.002027611970968401,0.002017611970968401,,,,,
PLD5,134.0,-0.005157207152075224,0.005147207152075225,-0.0021823127829908857,0.002172312782990886,,,0.0019021871617231065,-0.0019121871617231066,0.008104462889657799,-0.008114462889657798,,,-0.00015911198611495703,0.00014911198611495703,
KIF26B,135.0,0.004776351642499718,-0.004786351642499718,0.0049791573320086685,-0.004989157332008668,0.006550409703702589,-0.006560409703702589,0.013454290377489256,-0.013464290377489255,0.009590234715348422,-0.009600234715348422,0.0097336670945901,-0.0097436670945901,0.0063272823289172025,-0.006337282328917202,
ITPKB,136.0,0.002409199195004708,-0.0024191991950047076,0.007629726670865422,-0.007639726670865422,0.00437529989380514,-0.00438529989380514,0.00543780511622087,-0.005447805116220871,0.009897411373063408,-0.009907411373063408,0.0013654865348759482,-0.0013754865348759482,0.0028988298762828296,-0.0029088298762828296,
CNIH3,137.0,0.012517937918000668,-0.012527937918000668,0.00868619353439283,-0.00869619353439283,0.00702253506627601,-0.007032535066276009,0.012078096179897592,-0.012088096179897593,0.012702756703609151,-0.012712756703609152,0.0069653662008098,-0.0069753662008098,0.0049595663170508425,-0.004969566317050842,
SUSD4,138.0,0.009614033313958159,-0.009624033313958159,-0.0028408065368903113,0.002830806536890311,0.007376050998386881,-0.007386050998386881,0.010532725088605295,-0.010542725088605296,0.007862108491287323,-0.007872108491287324,0.007475118519347444,-0.0074851185193474425,0.007989369247972132,-0.007999369247972132,
DUSP10,139.0,-0.006266352390825424,0.006256352390825424,0.005397310060081262,-0.0054073100600812605,0.015329760005040575,-0.015339760005040575,0.0035808734516334234,-0.0035908734516334234,0.005525754643017715,-0.005535754643017716,0.01276230463760672,-0.01277230463760672,-0.009804111246789564,0.009794111246789566,
SLC30A10,140.0,0.0075321012009162,-0.0075421012009161984,0.004478635343181214,-0.004488635343181214,0.011597674830448755,-0.011607674830448752,0.00744594128857036,-0.007455941288570359,0.009435538056009052,-0.009445538056009051,0.01047955820468563,-0.010489558204685627,0.0026951457437955906,-0.0027051457437955906,
TGFB2,141.0,0.005343429261503371,-0.005353429261503371,0.005852411111834058,-0.005862411111834057,0.004678529267477485,-0.004688529267477485,0.010718142689557258,-0.010728142689557258,0.01245977607623494,-0.01246977607623494,0.007057856875451796,-0.007067856875451795,0.005036675618749251,-0.00504667561874925,
SPATA17,142.0,,,0.0011569747108520073,-0.0011669747108520071,,,,,,,,,,,
ESRRG,143.0,0.010212493465565629,-0.01022249346556563,0.003008632537683589,-0.003018632537683589,0.008977959008514171,-0.008987959008514169,,,0.006028355564860004,-0.006038355564860005,,,0.0015897590985197163,-0.0015997590985197163,
KCNK2,144.0,0.005221141443270225,-0.005231141443270224,0.005619206558753614,-0.005629206558753614,0.005976095285456186,-0.005986095285456187,0.009827565047460823,-0.009837565047460823,0.005393624295543867,-0.0054036242955438655,0.00921625127109192,-0.009226251271091921,0.0069996066263723474,-0.007009606626372348,
CENPF,145.0,0.01119081341860878,-0.01120081341860878,0.0050470915316968,-0.005057091531696801,0.0025607653613331787,-0.0025707653613331787,0.004747012571101661,-0.004757012571101661,0.013642833919804129,-0.013652833919804128,0.013953177424408587,-0.013963177424408588,-0.0007640733608873588,0.0007540733608873588,
PROX1,146.0,-0.006135629943251952,0.006125629943251953,0.006477728264436654,-0.006487728264436655,0.005776666269458454,-0.005786666269458455,-0.040578071749751116,0.04056807174975112,0.011807424788892755,-0.011817424788892751,0.010598205805117972,-0.010608205805117971,0.009805461063182487,-0.009815461063182488,
PROX1OS,147.0,-0.01440063916058863,0.014390639160588631,-0.0038998546799889756,0.0038898546799889756,-0.000520294741391869,0.000510294741391869,,,0.005708607305975694,-0.005718607305975693,0.01184315054650384,-0.01185315054650384,0.010685318529291651,-0.010695318529291651,
DTL,148.0,0.005484127894525764,-0.005494127894525764,0.004208480110865068,-0.004218480110865067,0.01538754290440317,-0.015397542904403169,0.005884004803987222,-0.005894004803987222,0.017132824931764552,-0.017142824931764552,0.012793114242356324,-0.012803114242356323,0.005700052851469553,-0.00571005285146955,
KCNH1,149.0,0.012377406613714824,-0.012387406613714822,-0.02045749467396577,0.02044749467396577,0.010854956015082864,-0.010864956015082864,0.00906647791945181,-0.00907647791945181,0.010775450607002982,-0.01078545060700298,,,0.0035444107354668727,-0.0035544107354668728,
CR2,150.0,0.000681997801285375,-0.000691997801285375,,,,,0.007553627368277985,-0.007563627368277984,,,0.006809087389022278,-0.0068190873890222785,-0.012672015014942641,0.012662015014942641,
BEND7,151.0,0.003693596707048108,-0.003703596707048108,0.006505024906939022,-0.006515024906939022,0.006184277647825282,-0.006194277647825281,0.0015411209986823243,-0.0015511209986823244,0.013217428004434996,-0.013227428004434995,0.012051747241019787,-0.012061747241019787,0.0058349974297826354,-0.005844997429782634,
MCM10,152.0,-0.030655065847401623,0.030645065847401624,0.005711742427262009,-0.00572174242726201,0.0010431791163621337,-0.0010531791163621337,,,0.005079816989797932,-0.0050898169897979325,,,,,
CAMK1D,153.0,0.003447583654189068,-0.003457583654189068,0.0036524209676177116,-0.0036624209676177116,0.003898162281702311,-0.0039081622817023105,0.008806348488376428,-0.008816348488376428,0.0041742857661640495,-0.004184285766164047,0.009605814577067842,-0.009615814577067842,0.005383645583663249,-0.0053936455836632495,
PTER,154.0,-0.0058289429111370574,0.00581894291113706,0.008162717249607404,-0.008172717249607405,,,,,,,0.01059939238752744,-0.010609392387527441,,,
C1QL3,155.0,0.014161050182680325,-0.014171050182680325,0.006539439119915905,-0.006549439119915904,-0.007868189907962134,0.007858189907962134,0.01295602601413845,-0.01296602601413845,0.008164107475457275,-0.008174107475457274,0.009664630425263054,-0.009674630425263054,-0.00519912269717404,0.0051891226971740425,
VIM,156.0,0.0071230910600668515,-0.007133091060066852,0.003288979240256035,-0.003298979240256035,0.006651369465075441,-0.006661369465075439,0.007892472709098236,-0.007902472709098236,0.007110258524969466,-0.0071202585249694654,0.011880234101089085,-0.011890234101089085,0.00601048422469716,-0.00602048422469716,
CACNB2,157.0,0.008133579262568122,-0.008143579262568122,0.00847733109923303,-0.00848733109923303,0.005984567675681507,-0.0059945676756815065,0.010696921051069966,-0.010706921051069964,0.012876395120075185,-0.012886395120075184,-0.003485467734017617,0.0034754677340176165,0.002790386338022352,-0.002800386338022352,
PLXDC2,158.0,0.01002917601511112,-0.010039176015111121,0.00530181629876722,-0.005311816298767221,0.009357508215234928,-0.009367508215234929,0.007872568703367583,-0.00788256870336758,0.0120196348374811,-0.0120296348374811,0.010484297685801695,-0.010494297685801695,0.006437748315108682,-0.006447748315108682,
NEBL,159.0,0.009970917184176378,-0.009980917184176378,0.007701920025786012,-0.007711920025786013,0.010371783264314677,-0.010381783264314676,0.009727979270571313,-0.009737979270571313,0.007154388293268198,-0.007164388293268199,,,0.009137173438088578,-0.009147173438088577,
ETL4,160.0,0.007577537854788083,-0.0075875378547880816,0.008301968304203489,-0.008311968304203488,0.008745448011538245,-0.008755448011538245,0.009393850015620486,-0.009403850015620486,,,0.007746297909503166,-0.007756297909503166,,,
ENKUR,161.0,0.00984684427283665,-0.009856844272836649,0.005330310073313971,-0.00534031007331397,0.0068678709998440815,-0.006877870999844079,,,0.01172633533342958,-0.01173633533342958,0.008896157991079555,-0.008906157991079553,0.0033063070987024434,-0.0033163070987024435,
GPR158,162.0,0.008803790504035625,-0.008813790504035624,0.0059884652778338645,-0.005998465277833865,0.0066545252145045475,-0.006664525214504547,0.016567251755617168,-0.016577251755617167,0.00865173187782367,-0.00866173187782367,0.0063606983056798275,-0.006370698305679825,0.007581023564850714,-0.007591023564850714,
GAD2,163.0,-8.139997582111425e-05,7.139997582111425e-05,0.008009954828805316,-0.008019954828805315,0.008666046046601636,-0.008676046046601636,0.006808858910959142,-0.006818858910959142,0.010001358685993887,-0.010011358685993888,0.0026775118487199906,-0.0026875118487199906,0.005421903878325529,-0.005431903878325529,
MASTL,164.0,0.0003679284151416745,-0.00037792841514167454,0.00476403545741015,-0.004774035457410151,0.005748962393092999,-0.005758962393092999,0.01225954418435482,-0.01226954418435482,0.012557606783925923,-0.012567606783925923,0.012219242103427716,-0.012229242103427716,0.005559029263769277,-0.005569029263769278,
PNPLA7,165.0,0.012769316875123088,-0.012779316875123087,0.006633105570031272,-0.006643105570031272,0.013900438261885641,-0.01391043826188564,0.0019492314881027206,-0.0019592314881027206,0.008978475564495771,-0.008988475564495769,0.01474460399586183,-0.014754603995861832,0.007016035590951139,-0.007026035590951139,
TUBB4B,166.0,0.005278119934481351,-0.005288119934481351,0.005184797319000997,-0.005194797319000997,0.005837243131917455,-0.005847243131917455,0.010964921872760823,-0.010974921872760824,0.007048174707947469,-0.007058174707947468,0.008907553460657941,-0.00891755346065794,0.005939836549727344,-0.0059498365497273435,
GRIN1,167.0,0.008293299701410767,-0.008303299701410766,0.002728758996600064,-0.002738758996600064,0.005955366651466175,-0.005965366651466176,0.0062380367322727595,-0.006248036732272757,0.008959985537643766,-0.008969985537643766,0.011445258903411831,-0.011455258903411831,0.004186661796379859,-0.00419666179637986,
ENTPD2,168.0,,,0.008092437504176361,-0.008102437504176361,-0.0006697211481250104,0.0006597211481250104,0.0011776313946202238,-0.0011876313946202238,-0.031879710558476736,0.03186971055847673,,,,,
PTGDS,169.0,,,0.009007778092379376,-0.009017778092379377,-0.021425565656991337,0.021415565656991337,,,-0.008051070218220789,0.008041070218220791,0.010702796037610582,-0.01071279603761058,,,
NOTCH1,170.0,-0.0028634920962882643,0.0028534920962882643,0.004927712491204564,-0.004937712491204564,0.005769115271260186,-0.005779115271260186,0.004763312111140214,-0.004773312111140213,0.011252021282791638,-0.011262021282791638,0.008533567842625198,-0.008543567842625197,0.006611229492382353,-0.006621229492382353,
EGFL7,171.0,-0.003968384323913901,0.0039583843239139015,0.0007034814599851669,-0.0007134814599851669,0.004529707925396045,-0.004539707925396045,,,,,,,0.003341458342130274,-0.0033514583421302736,
NTNG2,172.0,0.005320972792905679,-0.005330972792905678,0.00768820785578099,-0.007698207855780991,0.009327127365320806,-0.009337127365320805,0.009423433718218063,-0.009433433718218065,0.006956122611329982,-0.006966122611329981,0.010658956220628305,-0.010668956220628304,0.003731109579947309,-0.003741109579947309,
GM13403,173.0,-0.024245981814106383,0.02423598181410638,-0.0022390157709953067,0.0022290157709953058,-0.008476528472157088,0.008466528472157089,0.00948486731035908,-0.00949486731035908,0.011755287334283007,-0.011765287334283009,0.010973082041803806,-0.010983082041803805,-0.026009304073395797,0.025999304073395797,
PBX3,174.0,0.010507400570893152,-0.010517400570893152,0.00426188194735834,-0.004271881947358339,0.007594906574962881,-0.007604906574962881,0.01355016906540578,-0.013560169065405778,0.0077257003394451814,-0.007735700339445181,0.007247056141966219,-0.007257056141966219,0.00631678674140574,-0.00632678674140574,
C79798,175.0,,,0.0051861353676175845,-0.005196135367617583,0.008829535560841248,-0.00883953556084125,-0.006099245276854258,0.0060892452768542575,0.010820816802563056,-0.010830816802563054,0.011737887920066995,-0.011747887920066995,,,
HSPA5,176.0,0.0037546322241732155,-0.0037646322241732155,0.003324036967695371,-0.003334036967695371,0.0038104809903209,-0.0038204809903209,0.008801281543006925,-0.008811281543006925,0.0048405527880732435,-0.004850552788073243,0.011966981181159795,-0.011976981181159795,0.00607641996613259,-0.00608641996613259,
LHX6,177.0,0.0020472240208278536,-0.0020572240208278536,-0.0016572830748132347,0.0016472830748132346,-0.004057008300089968,0.004047008300089968,0.00615400341693037,-0.00616400341693037,0.007405290798720681,-0.007415290798720681,,,-0.009977435741288268,0.009967435741288269,
CRB2,178.0,-0.026736380488792042,0.02672638048879204,0.005428487157230197,-0.005438487157230196,-0.02635738833774912,0.02634738833774912,0.0059518768933221325,-0.005961876893322133,0.007670496181885242,-0.007680496181885242,-0.0004395449255871764,0.0004295449255871764,0.004763870531614943,-0.0047738705316149425,
LHX2,179.0,0.005630746125448657,-0.005640746125448657,0.005154508434577597,-0.005164508434577598,0.010963215753210687,-0.010973215753210686,0.010169225622875241,-0.010179225622875241,0.0039509581373696895,-0.003960958137369689,0.007085357961222977,-0.007095357961222976,0.0054821200765798744,-0.005492120076579874,
NR6A1OS,180.0,0.007573964617182974,-0.0075839646171829735,0.008015870944820994,-0.008025870944820993,0.007188622967017179,-0.00719862296701718,0.011158413694164288,-0.011168413694164287,0.010106348901909992,-0.010116348901909992,0.014457628430885591,-0.01446762843088559,0.006950145289322481,-0.00696014528932248,
LRP1B,181.0,0.010211933896928677,-0.010221933896928676,0.007213359265932057,-0.007223359265932056,0.007355139765815782,-0.007365139765815781,0.004399303172665999,-0.004409303172665999,0.008239407315204783,-0.008249407315204783,0.01005691684126242,-0.01006691684126242,0.007007202123711059,-0.00701720212371106,
ARHGAP15,182.0,0.007127685848354312,-0.0071376858483543125,-0.01131276875532973,0.01130276875532973,0.011811484071647851,-0.011821484071647851,,,0.0027252934335743537,-0.0027352934335743537,,,0.0011627488037784654,-0.0011727488037784654,
GM13481,183.0,0.002259778744883742,-0.002269778744883742,0.0030647456617655944,-0.0030747456617655944,0.006779709204548595,-0.006789709204548596,,,,,,,0.003437990247805361,-0.003447990247805361,
LYPD6B,184.0,0.006676610088190218,-0.006686610088190218,-0.010400029522366905,0.010390029522366905,0.003344352639527079,-0.003354352639527079,0.00798225186819694,-0.00799225186819694,0.008238994443740391,-0.00824899444374039,,,,,
LYPD6,185.0,0.008290615803922555,-0.008300615803922554,0.006245473927864703,-0.006255473927864703,0.010636746695985869,-0.010646746695985868,0.0107505849587249,-0.010760584958724898,0.0062845666688397936,-0.006294566668839794,0.013249858253380334,-0.013259858253380332,0.0056803385731668465,-0.005690338573166847,
GM13483,186.0,0.010102044936750751,-0.01011204493675075,0.007938527417191574,-0.007948527417191573,-0.01759745893586398,0.01758745893586398,0.008376107687960294,-0.008386107687960293,0.01491757354212625,-0.01492757354212625,0.009503914446064049,-0.009513914446064049,0.006799444560821481,-0.006809444560821481,
RND3,187.0,0.011734688198386162,-0.01174468819838616,0.007945671755346065,-0.007955671755346064,0.012476475650130188,-0.012486475650130186,0.005825408950243138,-0.005835408950243138,0.008704340480358189,-0.008714340480358188,0.013953203800857477,-0.013963203800857476,0.007491599541455937,-0.007501599541455938,
TNFAIP6,188.0,-0.013821890667802691,0.013811890667802692,0.004086982784515955,-0.004096982784515955,-0.023355340476384087,0.023345340476384088,,,0.008448914662500376,-0.008458914662500375,0.01132175407220766,-0.01133175407220766,,,
CACNB4,189.0,0.004139300219738185,-0.004149300219738184,0.007256513899594973,-0.007266513899594974,0.0049692373902903856,-0.004979237390290384,0.009435569244920049,-0.009445569244920049,0.005619766568816104,-0.005629766568816103,0.011858521698294072,-0.011868521698294072,0.005236552200972243,-0.005246552200972244,
RPRM,190.0,0.0073120899611291285,-0.007322089961129128,0.008148453304343092,-0.008158453304343092,0.006485735069905574,-0.0064957350699055725,0.011444339481377602,-0.011454339481377602,0.011619853215378851,-0.011629853215378851,0.009800657266095315,-0.009810657266095316,0.006029093768631498,-0.006039093768631498,
GALNT13,191.0,0.009044827005759593,-0.009054827005759592,0.0060652121161687,-0.0060752121161687,0.009711642629950251,-0.00972164262995025,0.006769745817630929,-0.006779745817630929,0.008752131099699398,-0.008762131099699397,0.011892632201061279,-0.01190263220106128,0.004982723047457678,-0.0049927230474576785,
KCNJ3,192.0,0.0077085152628207235,-0.007718515262820722,0.005402943261926127,-0.005412943261926127,0.006526519324064145,-0.0065365193240641455,0.01113325261267005,-0.01114325261267005,0.0094484102486153,-0.0094584102486153,0.010696425844727823,-0.010706425844727823,0.005641861603125658,-0.005651861603125658,
NR4A2,193.0,0.003789942623731515,-0.003799942623731515,0.0066038558076950285,-0.006613855807695027,0.010737791798220141,-0.01074779179822014,0.002903513668712984,-0.002913513668712984,0.000854574321661708,-0.000864574321661708,-0.01986436040277914,0.01985436040277914,0.00982084387109132,-0.009830843871091321,
TANC1,194.0,0.013581678221870409,-0.013591678221870409,0.004743113031922652,-0.004753113031922653,0.014351332982056916,-0.014361332982056916,0.00858066789820647,-0.008590667898206467,0.010669994060070229,-0.010679994060070228,0.012024850671977852,-0.012034850671977852,0.005678559510737549,-0.00568855951073755,
RBMS1,195.0,0.010380538049150095,-0.010390538049150095,0.00545906639086266,-0.00546906639086266,0.008637635808023111,-0.008647635808023111,0.00509516376256218,-0.005105163762562179,0.00809935902441418,-0.008109359024414179,0.009764167061721354,-0.009774167061721354,0.00519739608793382,-0.00520739608793382,
SLC4A10,196.0,0.008984266847398836,-0.008994266847398836,0.006870367762358512,-0.0068803677623585115,0.009023489629941595,-0.009033489629941594,0.008087231463701869,-0.008097231463701868,0.01023686790546706,-0.010246867905467059,0.0073996325864663925,-0.007409632586466392,0.004354536905711026,-0.004364536905711026,
GCG,197.0,-0.004070627521651811,0.004060627521651814,,,,,,,0.008159567157024053,-0.008169567157024053,-0.012638136440789302,0.012628136440789304,,,
FIGN,198.0,0.004951880653355335,-0.004961880653355334,0.00749285222410767,-0.00750285222410767,0.012923755816515515,-0.012933755816515515,0.012422229453990366,-0.012432229453990366,0.010255541176049704,-0.010265541176049702,0.007292422896546233,-0.007302422896546232,,,
GRB14,199.0,0.013335662497102637,-0.013345662497102636,0.0041699982937956894,-0.00417999829379569,0.0055112564429475605,-0.005521256442947559,0.007196683990452855,-0.0072066839904528545,0.010584595793349888,-0.010594595793349888,0.013361810613519471,-0.013371810613519473,0.006375718308056617,-0.006385718308056617,
COBLL1,200.0,-0.005773162043548233,0.005763162043548233,0.0011849150803795727,-0.0011949150803795727,0.012365628065425543,-0.012375628065425543,,,-0.030771166865795608,0.030761166865795605,0.01037111615392408,-0.01038111615392408,-0.0004970600716279333,0.0004870600716279333,
SCN2A,201.0,0.005992359062169106,-0.006002359062169106,0.00758312931693013,-0.0075931293169301285,0.0060547947635861965,-0.006064794763586196,0.010045771204697226,-0.010055771204697226,0.008946858293745974,-0.008956858293745974,0.010129265771174305,-0.010139265771174305,0.005715718147080516,-0.005725718147080516,
CSRNP3,202.0,0.004159017445013208,-0.004169017445013207,0.006524031168659225,-0.006534031168659225,0.006342046365587356,-0.0063520463655873565,0.006067736966110114,-0.006077736966110111,0.006317957715633385,-0.006327957715633385,0.01025567794893642,-0.01026567794893642,0.007434794411006376,-0.007444794411006377,
SCN1A,203.0,0.011493866832514812,-0.011503866832514812,-0.0019453428815341125,0.0019353428815341125,0.009348171912067924,-0.009358171912067923,0.012767071648794315,-0.012777071648794314,0.008549723518431043,-0.008559723518431045,0.004008289542507607,-0.004018289542507606,0.0026221935873183898,-0.0026321935873183907,
SCN9A,204.0,0.010505923521552607,-0.010515923521552608,-0.0370144000475195,0.037004400047519495,0.011147631246925485,-0.011157631246925485,0.01349635944149248,-0.01350635944149248,0.00739253906145003,-0.00740253906145003,0.010948887938073859,-0.010958887938073859,0.005618204369684922,-0.005628204369684923,
B3GALT1,205.0,0.007106729009016072,-0.0071167290090160705,0.006060643261539572,-0.006070643261539572,0.0061877216885242725,-0.006197721688524272,0.0009614248662473264,-0.0009714248662473264,0.007369478211703112,-0.007379478211703113,0.008000168790415344,-0.008010168790415346,0.0002668880726697242,-0.00027688807266972433,
SPC25,206.0,-0.01133412518834996,0.01132412518834996,0.006734562343872472,-0.006744562343872471,0.009564592811934029,-0.00957459281193403,0.00826666256509183,-0.008276662565091828,0.009640168946603474,-0.009650168946603472,0.0011296732840633678,-0.0011396732840633678,0.0039566746793349775,-0.003966674679334977,
LRP2,207.0,-0.028154838959951186,0.02814483895995119,-0.009030424239700768,0.009020424239700769,0.0008583466013948465,-0.0008683466013948466,0.012765269880590235,-0.012775269880590237,,,,,0.008401956098246122,-0.00841195609824612,
MYO3B,208.0,,,,,,,,,,,,,,,
GAD1,209.0,-0.0016131038709238793,0.0016031038709238793,0.0013024960693547587,-0.0013124960693547585,0.0045216945880884605,-0.004531694588088459,0.007423758567647169,-0.007433758567647166,0.009564301471546702,-0.0095743014715467,,,0.005184179475234793,-0.005194179475234793,
CYBRD1,210.0,-0.033834227621825266,0.03382422762182527,0.00785044260458466,-0.007860442604584659,,,,,,,,,,,
HAT1,211.0,0.008270959998265492,-0.008280959998265492,0.0019013084786904527,-0.0019113084786904527,0.013490825284736413,-0.013500825284736413,0.009286149930704632,-0.009296149930704631,0.00988210397203894,-0.009892103972038938,0.009385462279292949,-0.009395462279292948,0.004436952731272106,-0.004446952731272106,
METAP1D,212.0,0.0070642264753866405,-0.007074226475386639,0.003980178045690452,-0.003990178045690453,0.0066076229696730715,-0.006617622969673071,0.012123515723326872,-0.012133515723326872,0.009604754068678915,-0.009614754068678916,0.011522923006276277,-0.011532923006276277,0.0048231115924863704,-0.00483311159248637,
DLX1AS,213.0,0.01203654733587635,-0.012046547335876349,0.012581024029040988,-0.012591024029040988,0.0075504722379510355,-0.007560472237951036,0.007774328464923083,-0.007784328464923083,0.010602478383532482,-0.010612478383532482,0.00930332325228675,-0.009313323252286749,0.012615349446929186,-0.012625349446929186,
DLX1,214.0,0.003985685174479961,-0.0039956851744799605,0.012281637630805491,-0.012291637630805487,0.011663521198794824,-0.011673521198794824,0.010349554537503523,-0.010359554537503523,0.0099746550707632,-0.0099846550707632,0.009754617030188316,-0.009764617030188315,0.011999052731656384,-0.012009052731656384,
DLX2,215.0,-0.006720108989803582,0.006710108989803582,0.009543366629492608,-0.009553366629492608,0.01001011422484413,-0.01002011422484413,0.006604588119172347,-0.006614588119172347,0.012400234653834769,-0.012410234653834768,0.00709509718523095,-0.00710509718523095,0.0066531654084654316,-0.006663165408465429,
ITGA6,216.0,0.01127192600385167,-0.01128192600385167,0.009620152236208409,-0.009630152236208406,0.00980351047608917,-0.009813510476089169,0.013416173281949412,-0.013426173281949413,0.010058597719485779,-0.01006859771948578,0.014140886447704157,-0.014150886447704156,0.008434844508104179,-0.00844484450810418,
RAPGEF4,217.0,0.0084287634493877,-0.008438763449387699,0.009173677993687806,-0.009183677993687805,0.004609166151136684,-0.004619166151136684,0.008139404829870328,-0.008149404829870328,0.009328639845751996,-0.009338639845751995,-0.0267028494409296,0.0266928494409296,0.006851234452882639,-0.006861234452882638,
MAP3K20,218.0,0.01026280107951652,-0.01027280107951652,0.007664314096564803,-0.007674314096564803,0.005064644436500411,-0.005074644436500412,0.005606866172950642,-0.005616866172950642,0.011451350901975105,-0.011461350901975104,0.011992872065657537,-0.012002872065657536,0.003388317840440955,-0.003398317840440955,
CDCA7,219.0,0.009571916445763842,-0.009581916445763842,0.005948870111739364,-0.0059588701117393615,0.007034317028013618,-0.007044317028013617,,,0.01155245316067892,-0.011562453160678918,0.011849068412729702,-0.0118590684127297,0.0065604712938029655,-0.006570471293802966,
SP9,220.0,0.011977168294319563,-0.011987168294319565,0.009106105851819727,-0.009116105851819729,0.010822653436048059,-0.01083265343604806,-0.005482681111331975,0.005472681111331975,0.009411374732922959,-0.009421374732922958,0.011237095961082286,-0.011247095961082284,-0.004105326268903822,0.004095326268903823,
WIPF1,221.0,,,0.0074494585020332404,-0.007459458502033241,0.011114808266996012,-0.011124808266996012,0.009045952546819155,-0.009055952546819157,-0.011227693728773032,0.01121769372877303,0.00985224451818277,-0.00986224451818277,-0.0024214209742596665,0.0024114209742596665,
2600014E21RIK,222.0,0.009423571229840777,-0.009433571229840777,0.007108495521032445,-0.007118495521032445,0.010144850329967384,-0.010154850329967385,0.009426785189608808,-0.009436785189608807,0.0060121744107798905,-0.006022174410779891,0.012605069470153024,-0.012615069470153024,0.006095803264869928,-0.006105803264869928,
NFE2L2,223.0,-0.03090235106076049,0.03089235106076049,0.006458216727538796,-0.006468216727538795,0.0016536876327988145,-0.0016636876327988145,-0.031182626965582383,0.03117262696558238,0.007217127978565704,-0.007227127978565705,0.014138441316044413,-0.014148441316044412,0.011395953963430322,-0.011405953963430322,
PDE11A,224.0,-0.01693143678518555,0.01692143678518555,-0.024030254875887502,0.024020254875887503,0.017311028707183554,-0.017321028707183554,,,0.007570857294114761,-0.007580857294114759,0.005179725980031677,-0.005189725980031677,0.0055075911058360535,-0.005517591105836054,
OSBPL6,225.0,0.005571676795909517,-0.005581676795909515,0.007766731650734355,-0.007776731650734355,0.006813170310246891,-0.006823170310246891,0.00802912912641042,-0.008039129126410421,0.005536112661968545,-0.005546112661968546,0.008888022199575405,-0.008898022199575407,0.008781756474173924,-0.008791756474173924,
CCDC141,226.0,0.00667629940191905,-0.00668629940191905,0.007125670045687302,-0.007135670045687301,0.015134392093632782,-0.015144392093632778,,,0.010549897852803693,-0.010559897852803693,0.011493777009168732,-0.011503777009168731,-0.007511772250844484,0.007501772250844484,
ZFP385B,227.0,0.005745870984863413,-0.005755870984863414,0.008208222723915817,-0.008218222723915817,0.009319082420345626,-0.009329082420345624,0.01317245198608935,-0.01318245198608935,0.010183735117045414,-0.010193735117045414,0.013829128457692505,-0.013839128457692505,0.0034430513775078955,-0.003453051377507896,
ITGA4,228.0,0.0027034664707132755,-0.0027134664707132755,0.005878983954659564,-0.0058889839546595645,0.0069110190803359645,-0.006921019080335964,,,0.013231765798364312,-0.013241765798364313,0.010954350571967877,-0.010964350571967877,0.0054637471609562255,-0.005473747160956225,
NEUROD1,229.0,0.0077612378504484094,-0.007771237850448409,0.006758914266292243,-0.006768914266292243,0.014064366992083148,-0.014074366992083146,0.010441314742027502,-0.010451314742027502,0.005352330163090446,-0.005362330163090446,0.008704614577389259,-0.008714614577389259,0.006621802710733107,-0.006631802710733107,
PDE1A,230.0,0.00982077955911194,-0.00983077955911194,0.006119568225823185,-0.006129568225823185,0.008003562671401704,-0.008013562671401703,0.0075216282296185905,-0.007531628229618591,0.009392594220576894,-0.009402594220576894,0.01173831285071636,-0.011748312850716359,0.010358206243397658,-0.010368206243397658,
ZFP804A,231.0,0.008434450078940572,-0.008444450078940572,0.00802501040019947,-0.00803501040019947,0.007055810949998202,-0.0070658109499982,0.008344236814336048,-0.00835423681433605,0.008456530041811029,-0.00846653004181103,0.009963398761631242,-0.009973398761631242,0.007545543558928544,-0.007555543558928544,
ITGAV,232.0,0.004508488469265395,-0.004518488469265395,0.005951448118901484,-0.005961448118901484,0.006527419365426695,-0.006537419365426695,-0.005902321868160657,0.005892321868160657,0.007803695747741687,-0.007813695747741687,0.008053393155505779,-0.00806339315550578,0.009639686974075716,-0.009649686974075715,
GM13684,233.0,,,0.00600718475979424,-0.00601718475979424,0.0028742603884952807,-0.0028842603884952807,,,-0.006979722266633577,0.006969722266633578,,,,,
CALCRL,234.0,0.006470396333632542,-0.00648039633363254,0.007508670107415988,-0.007518670107415987,,,,,-0.006684886510197156,0.006674886510197157,0.0047479091294425355,-0.004757909129442534,,,
PTPRJ,235.0,0.0061513377775067185,-0.006161337777506718,0.004569253239229992,-0.004579253239229992,0.0077274998022007066,-0.007737499802200706,0.0106224193580481,-0.0106324193580481,0.008604274217102623,-0.008614274217102622,0.007705208506329525,-0.007715208506329525,0.008206041738825998,-0.008216041738825997,
LRP4,236.0,-0.008476465119558976,0.008466465119558977,0.004576749110910106,-0.004586749110910105,0.0021168700869293733,-0.0021268700869293733,-0.03164668667513938,0.03163668667513938,0.0113435517459875,-0.0113535517459875,0.008636115380980247,-0.008646115380980247,0.002783157923592641,-0.002793157923592641,
MDK,237.0,0.004689094898832277,-0.004699094898832278,0.004084011313794572,-0.004094011313794572,0.006313432902697563,-0.006323432902697563,0.010196636035861212,-0.010206636035861213,0.003996247809335164,-0.0040062478093351615,0.010313572650234928,-0.010323572650234928,0.00624531805030025,-0.006255318050300249,
TSPAN18,238.0,0.010723392993233423,-0.010733392993233424,0.006774572161567753,-0.0067845721615677505,0.01258629049488999,-0.012596290494889991,0.0077151207977270014,-0.007725120797727002,0.008422978917564909,-0.00843297891756491,0.01751263644399781,-0.01752263644399781,0.006823723694202115,-0.006833723694202116,
GM13889,239.0,0.004810186734982333,-0.0048201867349823325,0.005302738944252899,-0.005312738944252899,0.01862115521348133,-0.01863115521348133,0.008906091322217868,-0.008916091322217868,0.010572349446986984,-0.010582349446986985,0.010458105411247559,-0.010468105411247559,0.007812144257502791,-0.007822144257502791,
MIR670HG,240.0,0.009465588663672751,-0.009475588663672752,0.006972095435727868,-0.006982095435727868,0.0083072328117174,-0.008317232811717399,0.013569134044342944,-0.013579134044342942,0.011591972623386472,-0.011601972623386471,0.009939916298076544,-0.009949916298076542,0.0040157353179259975,-0.004025735317925997,
LRRC4C,241.0,0.01094714740498337,-0.01095714740498337,0.010524777941518113,-0.010534777941518112,0.004379021642366726,-0.004389021642366726,0.01138664359633991,-0.01139664359633991,0.0071463638911500186,-0.007156363891150017,0.01071569507837944,-0.01072569507837944,0.005346694606789229,-0.005356694606789229,
LDLRAD3,242.0,0.01246929769794865,-0.012479297697948649,0.0051610051225673545,-0.005171005122567355,0.009747947098819348,-0.009757947098819348,0.008027874917236097,-0.008037874917236097,0.006515877209416972,-0.006525877209416973,0.012998647037422248,-0.01300864703742225,0.004623124632589931,-0.004633124632589932,
SLC1A2,243.0,0.00704409319370146,-0.007054093193701458,0.00448693280947729,-0.004496932809477289,0.008968255586152302,-0.008978255586152301,0.009064464339915715,-0.009074464339915714,0.011445686093430996,-0.011455686093430995,0.009893148247780412,-0.009903148247780413,0.005859065715209472,-0.005869065715209471,
ABTB2,244.0,0.0028463674954631035,-0.002856367495463104,0.00625735385898725,-0.006267353858987249,0.004806506424754346,-0.004816506424754345,0.0046969592979971,-0.004706959297997099,0.011607424373285408,-0.011617424373285407,0.01571879931790225,-0.01572879931790225,0.00843923296752365,-0.008449232967523649,
DEPDC7,245.0,-0.006580016718508497,0.006570016718508497,-0.014115737713869982,0.01410573771386998,0.007653263499793811,-0.00766326349979381,,,,,,,0.004000281830233196,-0.0040102818302331965,
RCN1,246.0,0.006957047164813962,-0.006967047164813962,0.007667490796508775,-0.007677490796508773,0.006609602696842534,-0.006619602696842535,,,0.009745761980059386,-0.009755761980059386,0.01321405863954174,-0.013224058639541741,0.005843043264289638,-0.005853043264289638,
PAX6OS1,247.0,-0.0283720671927272,0.0283620671927272,0.00409706472190549,-0.004107064721905491,-0.014763342932385813,0.014753342932385812,,,0.009478964192314551,-0.009488964192314552,0.011703622070137948,-0.01171362207013795,0.005995629040560821,-0.006005629040560821,
PAX6,248.0,0.0014608066833204508,-0.0014708066833204509,0.00525007796828042,-0.00526007796828042,0.014013092413731791,-0.014023092413731791,0.006477734776400304,-0.006487734776400304,0.006461067670587392,-0.0064710676705873925,0.00734661049368443,-0.00735661049368443,0.006981116797367917,-0.006991116797367917,
ELP4,249.0,0.006229163303570151,-0.006239163303570151,0.004889060379273502,-0.004899060379273503,0.006217138698939917,-0.006227138698939917,0.00786537967330092,-0.00787537967330092,0.007889694236902597,-0.007899694236902597,0.006004415921675679,-0.006014415921675679,0.008772373052778962,-0.008782373052778961,
MPPED2,250.0,0.003605193463177461,-0.003615193463177461,0.003744186428474836,-0.003754186428474836,0.00382255694625408,-0.00383255694625408,0.009049912964047195,-0.009059912964047196,0.005409533587971194,-0.005419533587971193,0.006317753336218686,-0.006327753336218687,0.004615217231636186,-0.004625217231636187,
METTL15,251.0,0.008415527437552056,-0.008425527437552056,0.008775264409607091,-0.008785264409607089,0.011286092502649059,-0.011296092502649058,0.010112544213799354,-0.010122544213799354,0.011564620526856986,-0.011574620526856986,0.012101863690741385,-0.012111863690741385,0.011175217371119844,-0.011185217371119844,
KIF18A,252.0,0.008148574618137436,-0.008158574618137434,0.008187175125783375,-0.008197175125783374,0.0070698859463520355,-0.007079885946352036,0.008321041394561593,-0.008331041394561594,0.009735316113544792,-0.009745316113544792,0.009537076772293096,-0.009547076772293096,0.011946880841829502,-0.011956880841829502,
ANO3,253.0,-0.0006949447790485093,0.0006849447790485091,0.007311441829080417,-0.007321441829080417,-0.033710930399167886,0.03370093039916789,0.007616035580875022,-0.007626035580875021,,,,,0.011493597480415773,-0.01150359748041577,
RYR3,254.0,0.004745762740558962,-0.0047557627405589616,0.003663119980038904,-0.003673119980038904,0.004588386243055229,-0.004598386243055228,0.006094103936438318,-0.006104103936438319,0.005741804784957186,-0.005751804784957185,0.006423375359648209,-0.0064333753596482095,0.006556681453795982,-0.006566681453795981,
FMN1,255.0,-0.0038430160239933814,0.0038330160239933814,-0.0036537375129523375,0.0036437375129523375,0.010016705114323636,-0.010026705114323634,,,,,,,,,
ARHGAP11A,256.0,-0.012050806838044456,0.012040806838044458,0.005450967916740102,-0.005460967916740101,0.005639390049847204,-0.005649390049847203,,,0.00510238809525905,-0.00511238809525905,0.006646022690130232,-0.006656022690130232,0.007375754864017135,-0.007385754864017133,
DPH6,257.0,0.008001706078165749,-0.008011706078165749,0.00667748664649194,-0.006687486646491939,0.008938142415502073,-0.008948142415502073,0.007913343026290112,-0.007923343026290112,0.007964224082407032,-0.007974224082407031,0.011739574264075528,-0.011749574264075528,0.00784510588938872,-0.00785510588938872,
GM13974,258.0,0.0077782047004151126,-0.007788204700415111,0.008564842370685818,-0.008574842370685818,0.01369746539995048,-0.01370746539995048,0.009500725068523952,-0.009510725068523952,0.011082843441809471,-0.011092843441809472,0.011512617780553194,-0.011522617780553194,-0.007383423644710076,0.007373423644710077,
3110099E03RIK,259.0,,,0.01035898735145728,-0.01036898735145728,,,,,-0.01349686087992167,0.01348686087992167,,,,,
BC052040,260.0,0.009183144697638368,-0.00919314469763837,0.005540520543169752,-0.005550520543169752,0.009994915380030542,-0.010004915380030541,0.0125223155578741,-0.0125323155578741,0.008571669796489517,-0.008581669796489517,0.01005762741951144,-0.01006762741951144,0.00871944284465693,-0.008729442844656928,
G630016G05RIK,261.0,0.007663732365226994,-0.0076737323652269936,0.00458487530164535,-0.004594875301645349,0.006886244825090107,-0.006896244825090107,0.012379167617753055,-0.012389167617753051,0.007590221362949109,-0.007600221362949109,0.012240334555898359,-0.01225033455589836,0.007163841171152631,-0.007173841171152631,
GM13986,262.0,,,0.0016716412223003324,-0.0016816412223003324,-0.017293707858840462,0.017283707858840463,,,,,,,,,
THBS1,263.0,,,0.006091053269794297,-0.006101053269794297,0.005677761123011701,-0.005687761123011701,0.00783308681516312,-0.00784308681516312,,,,,,,
GPR176,264.0,0.00923292829830187,-0.00924292829830187,0.0008162765626348738,-0.0008262765626348738,0.01218485384279723,-0.01219485384279723,0.011745615184226302,-0.0117556151842263,0.01147925446780497,-0.011489254467804971,,,0.00924299479418475,-0.00925299479418475,
BUB1B,265.0,0.0008814275188397251,-0.0008914275188397252,0.008513415817210324,-0.008523415817210323,0.019560645167701063,-0.019570645167701062,,,0.008739057046059734,-0.008749057046059733,0.010247441491379808,-0.010257441491379807,0.007534010210965558,-0.007544010210965558,
KNSTRN,266.0,0.0051072061760841355,-0.005117206176084136,0.0075113748705326186,-0.007521374870532619,0.0012368240809825792,-0.0012468240809825793,-0.016373437222593837,0.016363437222593837,0.008731204352554825,-0.008741204352554825,-0.007186616998759748,0.007176616998759749,0.00017654911535501527,-0.00018654911535501527,
KNL1,267.0,-0.015958884590914373,0.015948884590914373,0.004553186637677968,-0.0045631866376779654,0.014192840366140047,-0.014202840366140047,0.007883309027354055,-0.007893309027354054,0.007456249968216691,-0.007466249968216692,0.005713250699136085,-0.005723250699136085,0.004257268935235217,-0.004267268935235217,
RAD51,268.0,0.006865939231535154,-0.006875939231535153,0.004991038021014582,-0.005001038021014582,0.005643887968560135,-0.0056538879685601355,-0.005673554536702778,0.005663554536702777,0.001776997476009172,-0.0017869974760091718,0.00851816642950913,-0.00852816642950913,0.006594661332400581,-0.006604661332400581,
NUSAP1,269.0,0.01201303444861418,-0.012023034448614179,0.004310148144827775,-0.004320148144827774,0.011482373302929769,-0.011492373302929768,-0.007693705840851786,0.007683705840851786,0.01441201496844993,-0.014422014968449932,0.012354709485929094,-0.012364709485929094,0.005099245675563441,-0.0051092456755634395,
SEMA6D,270.0,0.008182405833379813,-0.008192405833379813,0.0060245972569736295,-0.006034597256973629,0.010268754306516551,-0.010278754306516551,0.010419328978111528,-0.010429328978111527,0.005816417295871332,-0.005826417295871331,0.013647082658714421,-0.01365708265871442,0.0013210024364539855,-0.0013310024364539858,
FBN1,271.0,0.01117202449022736,-0.01118202449022736,0.011277913954917632,-0.011287913954917631,0.006708419365874838,-0.006718419365874837,0.007481026872170726,-0.007491026872170727,0.00833008085326141,-0.00834008085326141,0.012635402906822024,-0.012645402906822024,0.005317139687366759,-0.00532713968736676,
1810024B03RIK,272.0,0.009080132699436222,-0.009090132699436222,0.005987710926010914,-0.005997710926010914,0.009555475654656335,-0.009565475654656336,0.008959881796092306,-0.008969881796092306,0.010131548968570587,-0.010141548968570587,0.014129196290952243,-0.014139196290952243,0.006138405283506204,-0.006148405283506204,
KCNIP3,273.0,0.009317956496150234,-0.009327956496150234,0.005905709963451383,-0.005915709963451383,0.00969763387395717,-0.009707633873957169,0.009800143868038293,-0.009810143868038293,0.007120061711728105,-0.0071300617117281044,0.00961559636841626,-0.00962559636841626,0.005951317591108472,-0.005961317591108472,
BUB1,274.0,-0.0162589714774734,0.016248971477473406,0.007738580205114073,-0.007748580205114074,0.0047637357764302455,-0.004773735776430243,-0.006649772345960314,0.006639772345960315,0.003383000616844344,-0.003393000616844344,0.006130778889631107,-0.006140778889631108,0.00355258996504966,-0.00356258996504966,
BCL2L11,275.0,0.009192873180432534,-0.009202873180432534,0.006159276640604977,-0.0061692766406049775,0.018431108615471026,-0.018441108615471026,0.004091783683062719,-0.004101783683062719,0.012362524939235413,-0.012372524939235413,0.012332009528171985,-0.012342009528171985,0.007014424804323828,-0.0070244248043238285,
CKAP2L,276.0,-0.005885292824750754,0.005875292824750754,0.004685513791913731,-0.004695513791913731,-0.002793438246122645,0.002783438246122645,-0.00016270000544751917,0.00015270000544751917,-0.0016212577902628975,0.0016112577902628975,0.002955799488112712,-0.002965799488112712,0.005036146416070753,-0.005046146416070752,
GPCPD1,277.0,0.007087041087748075,-0.007097041087748074,0.0032210423929302646,-0.0032310423929302647,0.006518179992287376,-0.006528179992287376,0.010281702236502932,-0.010291702236502932,0.00464018942546178,-0.0046501894254617785,0.0095982831485458,-0.0096082831485458,0.004313718289175969,-0.004323718289175969,
PLCB1,278.0,0.0038183387390982727,-0.0038283387390982727,0.005046238334192807,-0.005056238334192807,0.005290610519044989,-0.005300610519044988,0.006885401703863786,-0.006895401703863786,0.0049312274814257975,-0.004941227481425798,0.00682667093699306,-0.006836670936993059,0.003287731659275248,-0.003297731659275248,
9630028H03RIK,279.0,0.005123442732085981,-0.0051334427320859815,0.0053709261190797155,-0.005380926119079716,0.006500008215009789,-0.006510008215009789,0.007321103299856357,-0.007331103299856356,0.007032803262253111,-0.007042803262253113,0.013541283316744509,-0.013551283316744506,0.007571483225807431,-0.007581483225807431,
JAG1,280.0,-0.001192065611891335,0.001182065611891335,0.005236626567493949,-0.0052466265674939476,0.009754468409936129,-0.009764468409936129,0.008747416989189433,-0.00875741698918943,0.013188596724717644,-0.013198596724717643,0.012514426693203198,-0.012524426693203198,0.00288906891183445,-0.00289906891183445,
PCSK2,281.0,0.007694377618594332,-0.0077043776185943295,0.0054078603428662645,-0.005417860342866263,0.0053598444575690685,-0.005369844457569068,0.005774833657525916,-0.0057848336575259144,0.010641070498300362,-0.01065107049830036,0.014917872957668775,-0.014927872957668774,0.006027497041471049,-0.006037497041471047,
RRBP1,282.0,0.009639419052453621,-0.00964941905245362,0.006334001257308708,-0.0063440012573087075,0.011194315588992143,-0.011204315588992144,0.011902501257225612,-0.011912501257225613,0.007289085100544602,-0.007299085100544602,0.01531476417006619,-0.015324764170066191,0.006118852219528667,-0.0061288522195286676,
RIN2,283.0,-0.0005406419961051928,0.0005306419961051928,0.00771210189430009,-0.007722101894300091,0.0046568365862057065,-0.004666836586205706,0.009715980987030415,-0.009725980987030414,0.011886927295928771,-0.011896927295928773,0.011267401712857408,-0.011277401712857408,0.007569111999620778,-0.007579111999620778,
CFAP61,284.0,0.00225793607629668,-0.00226793607629668,-0.00033742069706101113,0.00032742069706101105,0.015553899742785869,-0.015563899742785868,0.004495831134597214,-0.004505831134597214,0.00702510185872747,-0.00703510185872747,,,-0.00022008521158552172,0.00021008521158552172,
INSM1,285.0,0.006182190235507547,-0.006192190235507548,0.007117427282535518,-0.007127427282535519,0.012395906600606271,-0.01240590660060627,0.010207377830495148,-0.010217377830495148,0.006101260805132749,-0.006111260805132749,0.012710299183592816,-0.012720299183592815,0.0050330595075061685,-0.005043059507506168,
0,,-0.007170046887712035,0.007170046887712035,-0.004289838108765522,0.004289838108765522,-0.005664270153853568,0.005664270153853568,,,,,,,-0.003872977677807969,0.003872977677807969,PLCH1
1,,-0.004366485546091349,0.004366485546091349,-0.009944538642442227,0.009944538642442227,0.007437353416361772,-0.007437353416361772,0.002828337571105864,-0.002828337571105864,,,,,0.0012166377716020908,-0.0012166377716020908,TXNIP
2,,0.0006227147970797528,-0.0006227147970797528,-0.014286905187550537,0.014286905187550537,-0.00731420792342348,0.00731420792342348,-0.004507278872319945,0.004507278872319945,,,,,0.004964957141920079,-0.004964957141920079,RECK
3,,0.008039842479377966,-0.008039842479377966,0.004130019743764465,-0.004130019743764465,-0.011817909964099975,0.011817909964099975,-0.0022929145943051607,0.0022929145943051607,,,,,,,TRPC3
4,,-0.0033923304192152656,0.0033923304192152656,-0.009331462175336182,0.009331462175336182,-0.0025182784955886453,0.0025182784955886453,0.0031507750332312803,-0.0031507750332312803,0.011104966620045176,-0.011104966620045176,,,0.0037530035518829052,-0.0037530035518829052,SH3D19
5,,-0.0008907854564376635,0.0008907854564376635,-0.008697484815707562,0.008697484815707562,-0.00026322305370826,0.00026322305370826,-0.001114286310106731,0.001114286310106731,,,,,-0.0006103597333524599,0.0006103597333524599,PDGFC
6,,-0.013077168283593829,0.013077168283593829,-0.002502565200321105,0.002502565200321105,-0.011144643300016722,0.011144643300016722,0.0005430836224171662,-0.0005430836224171662,,,,,-0.002040647611222003,0.002040647611222003,SOX2
7,,-0.0015381022811588943,0.0015381022811588943,-0.00887669121100524,0.00887669121100524,-0.00507087752455531,0.00507087752455531,0.0065868772712907794,-0.0065868772712907794,,,,,0.03129875446791804,-0.03129875446791804,NECAB1
8,,-0.005943984915981061,0.005943984915981061,0.00936431712178662,-0.00936431712178662,-0.006839013996094011,0.006839013996094011,,,,,,,0.04130824555019532,-0.04130824555019532,ABCA1
9,,-0.015134289780879932,0.015134289780879932,-0.0024567035098123358,0.0024567035098123358,0.006769871470956666,-0.006769871470956666,0.005311433305186082,-0.005311433305186082,,,,,0.00868180753080585,-0.00868180753080585,PDE5A
10,,-0.0055238006954035565,0.0055238006954035565,0.022252852635853963,-0.022252852635853963,-0.006013192330633937,0.006013192330633937,-0.005861061669799668,0.005861061669799668,,,,,0.032657850775828876,-0.032657850775828876,ALPK1
11,,-0.013810814607701997,0.013810814607701997,,,0.00556567940237486,-0.00556567940237486,-0.007520267953137955,0.007520267953137955,,,,,-1.5265566588595902e-16,1.5265566588595902e-16,KCNAB1
12,,0.0025717347653279876,-0.0025717347653279876,0.0023434239476233243,-0.0023434239476233243,-0.005929925398150716,0.005929925398150716,0.0004440591384775733,-0.0004440591384775733,0.010048573369282832,-0.010048573369282832,,,-0.0003681753734833121,0.0003681753734833121,KIF24
13,,-0.016879797005100408,0.016879797005100408,-0.0041718160500645515,0.0041718160500645515,0.0007267896593522588,-0.0007267896593522588,0.0006996265781635258,-0.0006996265781635258,,,,,-0.00020168354852921622,0.00020168354852921622,EYA2
14,,-0.00139915536340815,0.00139915536340815,0.008672781567454164,-0.008672781567454164,-0.006730069559742119,0.006730069559742119,-0.00040361577542003674,0.00040361577542003674,,,,,-0.0006718306059173285,0.0006718306059173285,TFAP2C
15,,-0.003156737322502795,0.003156737322502795,0.003846167341272737,-0.003846167341272737,-0.0019381618148376079,0.0019381618148376079,-0.004341580008265296,0.004341580008265296,,,,,-0.0026485094443874924,0.0026485094443874924,PALMD
16,,-0.009148512909937317,0.009148512909937317,-0.015862817201283068,0.015862817201283068,0.007075156020957422,-0.007075156020957422,0.006335095118747955,-0.006335095118747955,,,,,0.004624685049010979,-0.004624685049010979,PSRC1
17,,-0.005086090053172641,0.005086090053172641,-0.0006525048487832988,0.0006525048487832988,0.00876007946096418,-0.00876007946096418,-0.00015894700411358403,0.00015894700411358403,,,,,,,CAMK2D
18,,0.0031513473886221194,-0.0031513473886221194,0.005233553437034522,-0.005233553437034522,-0.0007085734676405969,0.0007085734676405969,0.0034885507035190833,-0.0034885507035190833,,,,,0.005024709345496231,-0.005024709345496231,ARHGAP29
19,,,,0.003711531800948749,-0.003711531800948749,0.011298921303800648,-0.011298921303800648,,,,,,,0.02072206418341381,-0.02072206418341381,TACR3
20,,-0.012577235685411938,0.012577235685411938,0.005791638811424943,-0.005791638811424943,-0.005701975198170214,0.005701975198170214,0.0026913113774980624,-0.0026913113774980624,,,,,,,1700003F12RIK
21,,0.009184121646193227,-0.009184121646193227,-0.0037518790542475575,0.0037518790542475575,-0.0008781257850383611,0.0008781257850383611,0.01172763029407052,-0.01172763029407052,,,,,0.002275983691984583,-0.002275983691984583,COL15A1
22,,0.003587254049172199,-0.003587254049172199,-0.004520874087013647,0.004520874087013647,-0.00602209637857995,0.00602209637857995,-0.005175985276416134,0.005175985276416134,,,1.452310494087783e-14,-1.452310494087783e-14,,,1110015O18RIK
23,,-0.005577813719606688,0.005577813719606688,-0.011518333950059217,0.011518333950059217,-0.005315536006692281,0.005315536006692281,-0.0007954897326053617,0.0007954897326053617,,,,,0.015551597683217233,-0.015551597683217233,KIRREL
24,,0.02129369130354313,-0.02129369130354313,0.006137923413184358,-0.006137923413184358,0.0031999981690607054,-0.0031999981690607054,,,,,,,,,MYL9
25,,0.0027170944530404695,-0.0027170944530404695,-0.019704221318610576,0.019704221318610576,-0.002211285357525003,0.002211285357525003,-0.005898652960677389,0.005898652960677389,,,,,,,PEX5L
26,,0.02424403148737205,-0.02424403148737205,-0.01046740377431643,0.01046740377431643,0.021261948702517783,-0.021261948702517783,0.0024218248881384408,-0.0024218248881384408,,,,,,,GEM
27,,0.0033011608940084827,-0.0033011608940084827,-0.003778668300018502,0.003778668300018502,-0.0037233126152932602,0.0037233126152932602,-0.0005078293852190593,0.0005078293852190593,,,,,0.00032563581845963807,-0.00032563581845963807,COL25A1
28,,0.00018403173868516975,-0.00018403173868516975,-0.013473401663818343,0.013473401663818343,0.0006245992324798791,-0.0006245992324798791,0.0010507934242932199,-0.0010507934242932199,,,,,,,SLC26A7
29,,-0.007127485972296614,0.007127485972296614,-0.00665945913402341,0.00665945913402341,0.0005228259724507078,-0.0005228259724507078,0.029654570671181463,-0.029654570671181463,,,,,-0.00247095021833469,0.00247095021833469,LARP1B
30,,-0.00435262995767835,0.00435262995767835,0.00013523122752216038,-0.00013523122752216038,-0.000368319857164609,0.000368319857164609,-0.00073953320766907,0.00073953320766907,,,,,0.00037663237535384697,-0.00037663237535384697,MAGI3
31,,-0.0027031626448388024,0.0027031626448388024,,,0.0013478813471926032,-0.0013478813471926032,-0.005468150066906541,0.005468150066906541,,,,,5.721646573474126e-05,-5.721646573474126e-05,KCNG1
32,,-0.006277384559521405,0.006277384559521405,-0.0030778295769100378,0.0030778295769100378,-0.011068079852396988,0.011068079852396988,0.04250923866574527,-0.04250923866574527,,,,,0.002205096693681935,-0.002205096693681935,SLC44A5
33,,-0.006023648830051735,0.006023648830051735,0.0004618837638632606,-0.0004618837638632606,-0.006311272346328951,0.006311272346328951,0.009131163223869317,-0.009131163223869317,,,,,-0.002332811543157537,0.002332811543157537,GM26691
34,,0.0007909130676643922,-0.0007909130676643922,-0.013705497341941111,0.013705497341941111,-0.003774438639008823,0.003774438639008823,-0.0013218366564958645,0.0013218366564958645,,,,,0.0030934004315940553,-0.0030934004315940553,CYP7B1
35,,-0.014134502666109747,0.014134502666109747,0.009312640998016382,-0.009312640998016382,,,-0.011599254849966358,0.011599254849966358,0.0001861603548614782,-0.0001861603548614782,,,,,ADAMTSL4
36,,-0.00944626277274943,0.00944626277274943,0.013524443660554518,-0.013524443660554518,8.100025230205893e-05,-8.100025230205893e-05,-0.0011201569515303864,0.0011201569515303864,,,,,0.009846377310494845,-0.009846377310494845,CNTFR
37,,-0.004765175103115027,0.004765175103115027,0.022932792109250193,-0.022932792109250193,-0.008680338151522256,0.008680338151522256,0.000757129078951424,-0.000757129078951424,,,,,,,GM20754
38,,0.01892819433042752,-0.01892819433042752,-0.00397391664478014,0.00397391664478014,0.005505599675375963,-0.005505599675375963,0.004438244093625941,-0.004438244093625941,,,,,0.03398092868251901,-0.03398092868251901,MYBL2
39,,-0.0013360257718631474,0.0013360257718631474,0.0099022310479593,-0.0099022310479593,-0.0013291700053225455,0.0013291700053225455,0.001561872680676632,-0.001561872680676632,0.022234380480576355,-0.022234380480576355,,,-0.0007283111673243095,0.0007283111673243095,MAML3
40,,-0.0040821940791897215,0.0040821940791897215,0.0015120341667379453,-0.0015120341667379453,3.741333236011862e-05,-3.741333236011862e-05,-0.0001904678125218412,0.0001904678125218412,,,,,-0.004534615831871057,0.004534615831871057,FOXO1
41,,0.0007080084056363331,-0.0007080084056363331,-0.005070537282317135,0.005070537282317135,-0.006983692054529242,0.006983692054529242,-0.0007450516788282055,0.0007450516788282055,,,,,0.0005945342133164,-0.0005945342133164,CHD7
42,,0.020937582065358375,-0.020937582065358375,0.00362709870884579,-0.00362709870884579,0.00222990311379756,-0.00222990311379756,,,,,,,,,SYNPO2
43,,-0.005979257913604277,0.005979257913604277,-0.006575837426300794,0.006575837426300794,0.002032237522647612,-0.002032237522647612,-0.0016619026077902138,0.0016619026077902138,,,,,,,VAV3
44,,0.020222657775139687,-0.020222657775139687,-0.015380383094582575,0.015380383094582575,-0.005363688900002814,0.005363688900002814,,,,,,,,,GM43066
45,,-0.002096994527129664,0.002096994527129664,-0.0026069626770286736,0.0026069626770286736,-0.0001638272855717035,0.0001638272855717035,-0.0007649645086127907,0.0007649645086127907,,,,,-0.0027955598298335174,0.0027955598298335174,RUNX1T1
46,,0.00052564192891668,-0.00052564192891668,-0.00591857849263009,0.00591857849263009,-0.0005907123683244822,0.0005907123683244822,,,-0.003801921915424597,0.003801921915424597,,,0.0021323847211679667,-0.0021323847211679667,COL11A1
47,,0.0038520483617994553,-0.0038520483617994553,-0.010588199949888862,0.010588199949888862,-0.00829949419702717,0.00829949419702717,,,,,,,,,2700069I18RIK
48,,-0.008827873123978626,0.008827873123978626,-0.00420700044459503,0.00420700044459503,-0.0023432366044879166,0.0023432366044879166,-0.0032985982021225962,0.0032985982021225962,,,,,0.006647660851064448,-0.006647660851064448,UBE2C
49,,-0.010095786027648289,0.010095786027648289,0.004846365177589768,-0.004846365177589768,-0.004456411178372033,0.004456411178372033,-0.001060645354772717,0.001060645354772717,0.0001542483634111233,-0.0001542483634111233,,,,,NTNG1
50,,0.009465697735861776,-0.009465697735861776,-0.006085726768231277,0.006085726768231277,-0.001674465594879708,0.001674465594879708,,,0.00045202753520797584,-0.00045202753520797584,,,,,LYN
51,,-0.0010620249436569182,0.0010620249436569182,0.0034691809016826614,-0.0034691809016826614,-0.00841442303919502,0.00841442303919502,-0.0026946168420292835,0.0026946168420292835,,,,,0.0011924325225220744,-0.0011924325225220744,LEF1
52,,0.001321980901886767,-0.001321980901886767,-0.00495726524759179,0.00495726524759179,0.003955715190779044,-0.003955715190779044,-0.0020990314708791424,0.0020990314708791424,,,,,-0.0011452492342956394,0.0011452492342956394,H2AFZ
53,,0.0014142921467055203,-0.0014142921467055203,-0.0008477644050989552,0.0008477644050989552,-0.008955360472148885,0.008955360472148885,0.008994328965744161,-0.008994328965744161,,,,,0.004902933771249028,-0.004902933771249028,CCNA2
54,,,,-0.014096145774643194,0.014096145774643194,,,,,,,,,,,PABPC4L
55,,0.009538637934760667,-0.009538637934760667,-0.005595901440079432,0.005595901440079432,-0.00029064084957767383,0.00029064084957767383,-0.001261849511543879,0.001261849511543879,,,,,0.0003515310242219946,-0.0003515310242219946,FUT9
56,,-0.008047379776601998,0.008047379776601998,0.008376451886972898,-0.008376451886972898,0.0004634658533870101,-0.0004634658533870101,-0.001556251139566707,0.001556251139566707,,,,,0.00025194092643048005,-0.00025194092643048005,MME
57,,-0.005268083751039002,0.005268083751039002,-0.008253118397944709,0.008253118397944709,-0.017814986735219952,0.017814986735219952,,,,,1.5056705882088295e-13,-1.5056705882088295e-13,0.0015497026467191123,-0.0015497026467191123,BCAR3
58,,-0.005889625938051521,0.005889625938051521,0.00884309546820388,-0.00884309546820388,-0.006596160389911607,0.006596160389911607,1.9355129668260918e-05,-1.9355129668260918e-05,,,,,0.02469143088234338,-0.02469143088234338,DCHS2
59,,0.0021299614769045086,-0.0021299614769045086,-0.0014290365427065271,0.0014290365427065271,-0.009593026301603184,0.009593026301603184,-0.0015817265518974014,0.0015817265518974014,,,,,,,GM42567
60,,-0.007946772872519242,0.007946772872519242,-0.010610242127657328,0.010610242127657328,-0.0013102065062808171,0.0013102065062808171,-0.0011166538055972577,0.0011166538055972577,0.00034189725971468105,-0.00034189725971468105,,,0.04152341786164539,-0.04152341786164539,ST6GALNAC5
61,,-0.010826450069883677,0.010826450069883677,-0.011115844629554172,0.011115844629554172,0.005730253526426719,-0.005730253526426719,,,,,,,0.004604806551917133,-0.004604806551917133,PRSS12
62,,-0.005966965570834412,0.005966965570834412,-0.004772835467014541,0.004772835467014541,-0.0005853360417626963,0.0005853360417626963,-0.006509150266978944,0.006509150266978944,,,,,,,GABBR2
63,,-0.00018811406057107904,0.00018811406057107904,-0.007179640596649599,0.007179640596649599,-0.012597774825122032,0.012597774825122032,,,,,,,,,FREM2
64,,-0.006350009245552006,0.006350009245552006,-0.005787731982442618,0.005787731982442618,0.007181846884250463,-0.007181846884250463,0.010920308529100566,-0.010920308529100566,0.002959883014259812,-0.002959883014259812,,,0.017893413560769386,-0.017893413560769386,MELK
65,,0.0016229282755439028,-0.0016229282755439028,0.002227561619463213,-0.002227561619463213,-0.004998379922274851,0.004998379922274851,-0.003227739679305598,0.003227739679305598,,,4.15639744844043e-15,-4.15639744844043e-15,0.035490228570959556,-0.035490228570959556,GABPB2
66,,-0.008694600106428474,0.008694600106428474,-0.0006856817207967769,0.0006856817207967769,0.004751890491405154,-0.004751890491405154,0.007263194450766626,-0.007263194450766626,,,,,0.001861262274066331,-0.001861262274066331,ID1
67,,0.029609736907775255,-0.029609736907775255,,,0.0013364582759438637,-0.0013364582759438637,0.005067681085651324,-0.005067681085651324,,,,,,,PTGER3
68,,-0.008909409862791484,0.008909409862791484,-0.005602880622854231,0.005602880622854231,0.004176189625892619,-0.004176189625892619,0.005599879531835848,-0.005599879531835848,,,,,0.00454363618644215,-0.00454363618644215,B4GALT1
69,,-0.004118818059293525,0.004118818059293525,-0.003968310087702563,0.003968310087702563,-0.003949464434244723,0.003949464434244723,0.006311903437631515,-0.006311903437631515,,,,,-0.0011648021465237718,0.0011648021465237718,TPX2
70,,,,0.005914405539422948,-0.005914405539422948,,,,,,,,,,,S100A6
71,,-0.008614099678239152,0.008614099678239152,0.005569756900902223,-0.005569756900902223,0.006848201689487597,-0.006848201689487597,0.014201733376068094,-0.014201733376068094,,,,,0.0027482845595747096,-0.0027482845595747096,GM14204
72,,0.0065257653737739035,-0.0065257653737739035,-0.00614175168497013,0.00614175168497013,-0.015270323916347167,0.015270323916347167,,,,,-5.100087019371813e-14,5.100087019371813e-14,,,S1PR1
73,,-0.0013733058836150475,0.0013733058836150475,-0.005219002438233616,0.005219002438233616,-0.0026726175869413796,0.0026726175869413796,0.0023585589600125176,-0.0023585589600125176,,,,,-6.513344505190352e-05,6.513344505190352e-05,PAG1
74,,0.003285970675792324,-0.003285970675792324,-0.008937600136519099,0.008937600136519099,0.006479595210274386,-0.006479595210274386,,,5.5932774992731304e-05,-5.5932774992731304e-05,3.2612801348363973e-16,-3.2612801348363973e-16,,,GUCY1A1
75,,-0.0021638346879375506,0.0021638346879375506,0.007646416381872509,-0.007646416381872509,-0.007268341305994817,0.007268341305994817,0.007776726727532872,-0.007776726727532872,,,,,0.006754720247982335,-0.006754720247982335,ZGRF1
76,,0.011853175638491295,-0.011853175638491295,-0.003288037127096216,0.003288037127096216,-0.008812625778464929,0.008812625778464929,0.005770241958496881,-0.005770241958496881,,,,,0.001479307322422574,-0.001479307322422574,PTGFRN
77,,0.003255522712684804,-0.003255522712684804,0.0032753482355586394,-0.0032753482355586394,-0.005841436043470899,0.005841436043470899,-5.899639697409809e-06,5.899639697409809e-06,,,,,0.00037246496962769354,-0.00037246496962769354,NKAIN3
78,,-0.005640201486847879,0.005640201486847879,-0.0063259038538540854,0.0063259038538540854,0.007390938684409695,-0.007390938684409695,0.00849091223087154,-0.00849091223087154,,,,,,,CTSO
79,,0.01873061247381628,-0.01873061247381628,-0.010124348534472118,0.010124348534472118,,,,,,,,,,,PLTP
80,,-0.005217208941790105,0.005217208941790105,0.009530132261003181,-0.009530132261003181,-0.0023222055098041164,0.0023222055098041164,0.0015672127504300429,-0.0015672127504300429,,,,,0.0023358616294458096,-0.0023358616294458096,KCNN3
81,,-0.001149548468245748,0.001149548468245748,-0.005840388347611525,0.005840388347611525,0.00011176395376046727,-0.00011176395376046727,0.0004175906741035393,-0.0004175906741035393,,,,,-0.0006450764966713304,0.0006450764966713304,RALYL
82,,-0.008927943427796216,0.008927943427796216,-0.005401544708813474,0.005401544708813474,-0.0038002015595826125,0.0038002015595826125,-0.0059344932633341105,0.0059344932633341105,,,,,0.035259237126566395,-0.035259237126566395,GPSM2
83,,0.0006200354727244409,-0.0006200354727244409,0.01680059952100798,-0.01680059952100798,0.0018439863824162017,-0.0018439863824162017,0.005361958221652828,-0.005361958221652828,,,,,-0.0009784574515600067,0.0009784574515600067,PHGDH
84,,0.0016564674085945072,-0.0016564674085945072,-0.0033829720926010845,0.0033829720926010845,-0.0012433802128284654,0.0012433802128284654,0.004222668137756257,-0.004222668137756257,,,,,,,BMP7
85,,-0.001307077875314741,0.001307077875314741,-0.0013002107959088627,0.0013002107959088627,0.003825576327660292,-0.003825576327660292,,,,,,,,,INKA2
86,,0.020550598904216767,-0.020550598904216767,0.012851878726463262,-0.012851878726463262,0.014650894942143097,-0.014650894942143097,0.003185421553943975,-0.003185421553943975,,,,,0.0011965687864715566,-0.0011965687864715566,PTX3
87,,0.00038271660896885967,-0.00038271660896885967,0.013351374759035792,-0.013351374759035792,-0.002514852651239609,0.002514852651239609,0.008546986870536587,-0.008546986870536587,,,,,,,NEUROG2
88,,-0.003022359334839561,0.003022359334839561,-0.014824039443622782,0.014824039443622782,0.0005286486783539629,-0.0005286486783539629,-0.0010228695725662817,0.0010228695725662817,,,,,-0.00019700447448374805,0.00019700447448374805,GM26871
89,,0.0022115016705474277,-0.0022115016705474277,-0.002157143646142008,0.002157143646142008,0.004357957163678559,-0.004357957163678559,0.006757075281994811,-0.006757075281994811,,,,,0.0008365233846545882,-0.0008365233846545882,DDAH1
90,,0.0028932062925933408,-0.0028932062925933408,0.0017967855543326652,-0.0017967855543326652,-0.0019346520094466954,0.0019346520094466954,-0.0036555878521048954,0.0036555878521048954,,,,,0.0001898506758852836,-0.0001898506758852836,MYT1
91,,-0.004827338351054283,0.004827338351054283,-0.0032206471612642243,0.0032206471612642243,0.0013866664840679194,-0.0013866664840679194,0.004693048176685706,-0.004693048176685706,,,,,0.0014210867691917053,-0.0014210867691917053,PLK4
92,,-0.0033577891103271085,0.0033577891103271085,-0.006809829781566926,0.006809829781566926,-0.005255106588120707,0.005255106588120707,-0.002110727349631303,0.002110727349631303,,,,,-0.0005220090525845725,0.0005220090525845725,EPHA7
93,,0.010447096912997618,-0.010447096912997618,-0.003607422154824569,0.003607422154824569,-0.0018718267051206633,0.0018718267051206633,-0.003434773468658177,0.003434773468658177,,,,,-0.00034110278566115704,0.00034110278566115704,EGFEM1
94,,0.0021364418162027263,-0.0021364418162027263,-0.0064203080072804675,0.0064203080072804675,-0.005490973767824023,0.005490973767824023,0.0013810896985702037,-0.0013810896985702037,0.00014851389175544322,-0.00014851389175544322,5.294376048681215e-15,-5.294376048681215e-15,0.006579101380088714,-0.006579101380088714,GUCY1B1
95,,-0.007176399587653939,0.007176399587653939,-0.0016948842268926165,0.0016948842268926165,-0.004746315342488976,0.004746315342488976,0.0009128617934893446,-0.0009128617934893446,0.014008852196017815,-0.014008852196017815,,,0.0026379753799432963,-0.0026379753799432963,NDST3
96,,-0.006050047858246539,0.006050047858246539,-0.0009527568642534179,0.0009527568642534179,-0.007212206569887872,0.007212206569887872,0.005606650715088125,-0.005606650715088125,,,,,0.026265989946259647,-0.026265989946259647,SMC4
97,,0.009585626185415183,-0.009585626185415183,0.012229285677043629,-0.012229285677043629,0.0026765249653166803,-0.0026765249653166803,0.0008985892582478311,-0.0008985892582478311,,,,,0.0032381064008580596,-0.0032381064008580596,SYT6
98,,-0.003946807098802539,0.003946807098802539,-0.0025069953155188313,0.0025069953155188313,0.009098738438597445,-0.009098738438597445,-0.004455843275016677,0.004455843275016677,,,,,,,PTPRT
99,,-0.0024089908223516587,0.0024089908223516587,0.010293280631862703,-0.010293280631862703,-0.013045244456030447,0.013045244456030447,-0.004323336056611039,0.004323336056611039,,,,,0.0021399190132548943,-0.0021399190132548943,4933405D12RIK
100,,-0.007639694710383629,0.007639694710383629,-0.00560356905320504,0.00560356905320504,-0.0006009132186069188,0.0006009132186069188,0.00460946394228702,-0.00460946394228702,,,,,-0.0008969620881930651,0.0008969620881930651,CDH4
101,,0.01194244829017442,-0.01194244829017442,-0.0035138056485408548,0.0035138056485408548,-0.004815348332041523,0.004815348332041523,-0.002796224380212986,0.002796224380212986,,,,,0.0383358689453484,-0.0383358689453484,ZFHX4
102,,-0.0030474753680715116,0.0030474753680715116,0.0027129560877197922,-0.0027129560877197922,0.00316105340332639,-0.00316105340332639,-0.004479860427287194,0.004479860427287194,,,,,0.024465010667325177,-0.024465010667325177,LMO4
103,,-0.014144746694491776,0.014144746694491776,0.0028060755460031783,-0.0028060755460031783,-0.004310057228433188,0.004310057228433188,0.004918002716183326,-0.004918002716183326,,,,,,,CCN1
104,,-0.03868467388532271,0.03868467388532271,,,-0.007304438931834328,0.007304438931834328,,,,,,,0.011018646580455031,-0.011018646580455031,4930509J09RIK
105,,-0.000955684359304064,0.000955684359304064,0.00028844169531104524,-0.00028844169531104524,0.00311421710786014,-0.00311421710786014,,,,,,,0.02466646081011105,-0.02466646081011105,AURKA
106,,0.004025027365122065,-0.004025027365122065,-0.007071543341313304,0.007071543341313304,0.003683563990763604,-0.003683563990763604,0.0063907848975674544,-0.0063907848975674544,,,,,0.007220097844816711,-0.007220097844816711,GM27008
107,,0.011864955938562433,-0.011864955938562433,-0.0013608845348377988,0.0013608845348377988,-0.004731169728047754,0.004731169728047754,-0.004181859613179913,0.004181859613179913,,,,,0.006919838512069072,-0.006919838512069072,ARHGEF26
108,,-0.02459852161851667,0.02459852161851667,0.02289126952986524,-0.02289126952986524,,,-0.004756452121511268,0.004756452121511268,0.001102032686615878,-0.001102032686615878,,,,,NDST4
109,,,,0.007121337612655536,-0.007121337612655536,0.0044256038595830854,-0.0044256038595830854,,,,,,,,,IQGAP3
110,,-0.008645587927308955,0.008645587927308955,-0.004829069571842114,0.004829069571842114,-0.0035459647313888093,0.0035459647313888093,-0.00562668164677807,0.00562668164677807,,,,,0.005149052556864878,-0.005149052556864878,2610316D01RIK
111,,-0.01052177257132235,0.01052177257132235,0.0030574864274054356,-0.0030574864274054356,-0.008213023040364649,0.008213023040364649,,,,,,,-9.281109527452952e-05,9.281109527452952e-05,WWTR1
112,,-0.009445819809270353,0.009445819809270353,-0.0024875488730629683,0.0024875488730629683,-0.005712282441570328,0.005712282441570328,-0.0010179557933951214,0.0010179557933951214,,,,,0.002118804724580703,-0.002118804724580703,PIGK
113,,-0.0026560725888884265,0.0026560725888884265,0.002339930314711698,-0.002339930314711698,0.005938669384160863,-0.005938669384160863,-0.004467540564894762,0.004467540564894762,,,,,0.00018499072032084063,-0.00018499072032084063,SFRP2
114,,-0.006738309487330098,0.006738309487330098,-0.006878354730590702,0.006878354730590702,-0.00311962892004939,0.00311962892004939,0.009118697185846146,-0.009118697185846146,,,,,0.02543046358064155,-0.02543046358064155,RAD54B
115,,,,0.008443571589193254,-0.008443571589193254,-0.00650774936085885,0.00650774936085885,,,,,,,,,CP
116,,-0.0024660955766995438,0.0024660955766995438,-0.005807510897808461,0.005807510897808461,0.006673762832093193,-0.006673762832093193,-0.0031801132978421173,0.0031801132978421173,0.015015551458475412,-0.015015551458475412,,,0.01643291431029724,-0.01643291431029724,CKS1B
117,,-0.002387444841539403,0.002387444841539403,-0.007823027105325703,0.007823027105325703,0.0009581818338105161,-0.0009581818338105161,0.0008893161083962792,-0.0008893161083962792,,,,,,,TRIM59
118,,,,-0.008271369020161831,0.008271369020161831,0.0003061970738061706,-0.0003061970738061706,,,,,,,,,PLD1
119,,-0.003662551742359167,0.003662551742359167,0.005846139140811807,-0.005846139140811807,0.004598480061554021,-0.004598480061554021,-0.0015354135607727262,0.0015354135607727262,,,,,0.00018366798799709233,-0.00018366798799709233,KCND3
120,,0.0045217936817440185,-0.0045217936817440185,0.010190568489844204,-0.010190568489844204,0.0066060648416543105,-0.0066060648416543105,0.0008028016085661754,-0.0008028016085661754,,,,,,,PLPPR4
121,,0.014889990700570371,-0.014889990700570371,-0.003898707331507656,0.003898707331507656,0.008731653007891915,-0.008731653007891915,,,,,,,,,DEPDC1A
122,,0.011407383889353216,-0.011407383889353216,-0.006646097224255854,0.006646097224255854,-0.0026264127927235134,0.0026264127927235134,0.00014887048130651087,-0.00014887048130651087,,,,,0.009642937611126775,-0.009642937611126775,SPATA1
123,,,,-0.011593811807922363,0.011593811807922363,-0.008872458565515568,0.008872458565515568,-3.469446951953614e-17,3.469446951953614e-17,,,,,,,OLFM3
124,,-0.0048666814023799534,0.0048666814023799534,0.003163009203503847,-0.003163009203503847,-0.00835028418799904,0.00835028418799904,-0.0007687905087909869,0.0007687905087909869,,,,,0.04153466098191265,-0.04153466098191265,FNDC3B
125,,0.00376214324935871,-0.00376214324935871,-0.0018685213510446289,0.0018685213510446289,-0.006781016670353225,0.006781016670353225,0.0022534805374747335,-0.0022534805374747335,,,,,0.0134044191986891,-0.0134044191986891,FAM210B
126,,0.005628732216680851,-0.005628732216680851,-0.004012469617796284,0.004012469617796284,-0.0004051932353288379,0.0004051932353288379,0.0002337433639121242,-0.0002337433639121242,,,2.005340338229189e-15,-2.005340338229189e-15,,,GM30382
127,,-0.006089461265361522,0.006089461265361522,0.003695297310132545,-0.003695297310132545,0.004477077154951534,-0.004477077154951534,-0.0007475100011140046,0.0007475100011140046,0.0003266009018583621,-0.0003266009018583621,,,,,TRPC4
128,,-0.016158486880133948,0.016158486880133948,-0.010513926038565762,0.010513926038565762,0.004823917148330678,-0.004823917148330678,0.008557360314566144,-0.008557360314566144,,,,,0.018546178540398216,-0.018546178540398216,BC028528
129,,,,-0.010773187968430582,0.010773187968430582,-0.005882287636155406,0.005882287636155406,,,0.0005035277677341021,-0.0005035277677341021,,,,,CAR8
130,,0.013517156602101989,-0.013517156602101989,0.014303223729223914,-0.014303223729223914,,,-0.0008801903570082314,0.0008801903570082314,,,,,,,SLC7A11
131,,-0.0001968406176246218,0.0001968406176246218,-0.012652876681693341,0.012652876681693341,-0.005283658386951308,0.005283658386951308,0.0006110492750823204,-0.0006110492750823204,,,,,0.005423059165936543,-0.005423059165936543,KYAT3
132,,-0.00392982599182768,0.00392982599182768,0.0067721596412520235,-0.0067721596412520235,0.0017807667462801102,-0.0017807667462801102,0.0002949226747465533,-0.0002949226747465533,,,,,0.030680728790499722,-0.030680728790499722,SCHIP1
133,,-0.003558363444448369,0.003558363444448369,-0.005128652643903171,0.005128652643903171,-0.005053638372182694,0.005053638372182694,-0.002102024083703101,0.002102024083703101,,,,,0.000810186522237695,-0.000810186522237695,GOLIM4
134,,-0.008273047343505445,0.008273047343505445,0.0016234460390776861,-0.0016234460390776861,-0.005574718334060293,0.005574718334060293,0.0018430276190395806,-0.0018430276190395806,,,,,0.01821793720972774,-0.01821793720972774,ECT2
135,,0.011920058627817143,-0.011920058627817143,0.005372571544832595,-0.005372571544832595,-0.006649979304542447,0.006649979304542447,0.006452018521756371,-0.006452018521756371,,,,,-0.00033467766192405574,0.00033467766192405574,CENPE
136,,-0.013628494801848069,0.013628494801848069,-0.0011320550099586865,0.0011320550099586865,-0.00385944403526519,0.00385944403526519,-0.0060661763874383726,0.0060661763874383726,,,,,0.0020131116243490635,-0.0020131116243490635,AK5
137,,-0.01359440358284797,0.01359440358284797,-0.003717112879796168,0.003717112879796168,-0.0018937219418384901,0.0018937219418384901,0.0022195451040599307,-0.0022195451040599307,,,,,0.006085068897341502,-0.006085068897341502,NKAIN4
138,,-0.00020905645628877673,0.00020905645628877673,-0.0025997105238103266,0.0025997105238103266,-0.0035061112778838055,0.0035061112778838055,0.0050963784779483184,-0.0050963784779483184,0.006117638482828314,-0.006117638482828314,,,0.00041179602187075073,-0.00041179602187075073,SHB
139,,-0.0032413480312460316,0.0032413480312460316,-0.0014643147761995642,0.0014643147761995642,-0.0032700217189679595,0.0032700217189679595,-0.00633310870708758,0.00633310870708758,-0.022717884713305436,0.022717884713305436,,,0.0024834326404670135,-0.0024834326404670135,NOTCH2
140,,-0.0006739138984455592,0.0006739138984455592,0.003899263215464542,-0.003899263215464542,0.0033433149217285962,-0.0033433149217285962,0.003872856996851845,-0.003872856996851845,,,,,0.005174382579804675,-0.005174382579804675,CXXC4
141,,0.0017456181199805507,-0.0017456181199805507,-0.005641533410971934,0.005641533410971934,-0.0020108253085546063,0.0020108253085546063,-0.0043952978086404665,0.0043952978086404665,6.178486098114971e-05,-6.178486098114971e-05,,,0.00409656776019993,-0.00409656776019993,SEC24D
142,,-0.003657407847607791,0.003657407847607791,-0.0042331999174240464,0.0042331999174240464,0.008235900436477907,-0.008235900436477907,,,,,,,,,MOB3B
143,,0.0020155345384063744,-0.0020155345384063744,0.004168058311360745,-0.004168058311360745,-0.012640511638039392,0.012640511638039392,,,,,,,0.025728599353151714,-0.025728599353151714,PBXIP1
144,,0.02359594225612771,-0.02359594225612771,-0.004001471909563167,0.004001471909563167,-0.007927785701668473,0.007927785701668473,-0.0009298541221865256,0.0009298541221865256,,,,,,,ACSS1
145,,-0.0045457367966102585,0.0045457367966102585,-0.010651945242375081,0.010651945242375081,-0.0009029880647068028,0.0009029880647068028,0.004851916953437813,-0.004851916953437813,,,,,0.010079430060003232,-0.010079430060003232,UNC5C
146,,0.0029679574856159643,-0.0029679574856159643,0.008501111492117637,-0.008501111492117637,0.001013197963097845,-0.001013197963097845,0.00015243263095553877,-0.00015243263095553877,,,,,-0.007506231374119637,0.007506231374119637,TGFBR1
147,,0.0014395569929872704,-0.0014395569929872704,-0.007899203170149485,0.007899203170149485,-0.005610719307303176,0.005610719307303176,-0.0006269412205190047,0.0006269412205190047,,,,,0.030473315939404638,-0.030473315939404638,PLPPR5
148,,-0.0051262632993016866,0.0051262632993016866,-0.004131212556922177,0.004131212556922177,-0.013870584604024495,0.013870584604024495,,,,,,,,,DKK2
149,,,,-0.005089668151174391,0.005089668151174391,-0.0033554912280176485,0.0033554912280176485,,,,,,,,,VEPH1
150,,0.014557290210117889,-0.014557290210117889,-0.005325731754563176,0.005325731754563176,-0.01275996891359836,0.01275996891359836,,,,,,,0.0003727517536116706,-0.0003727517536116706,PDLIM5
151,,0.020582449089753825,-0.020582449089753825,-0.004139065903014862,0.004139065903014862,0.009616397241181823,-0.009616397241181823,0.002041754226333986,-0.002041754226333986,,,,,0.01554478772829164,-0.01554478772829164,SNHG11
152,,-0.0013057940367389165,0.0013057940367389165,-0.0032483332864529715,0.0032483332864529715,-0.00024947530632952325,0.00024947530632952325,0.003952412820400798,-0.003952412820400798,,,,,-0.0001387054000554222,0.0001387054000554222,BMPR1B
153,,-0.008507710104198693,0.008507710104198693,-0.0018894120193260686,0.0018894120193260686,0.012969930646271437,-0.012969930646271437,0.009314346830588682,-0.009314346830588682,,,,,0.005914184212886323,-0.005914184212886323,PCDH10
154,,-0.006951938039576354,0.006951938039576354,-0.005586445292206602,0.005586445292206602,0.004340326305971552,-0.004340326305971552,0.007110727258508455,-0.007110727258508455,,,,,0.03527958603629153,-0.03527958603629153,TTF2
155,,-0.006564225323044001,0.006564225323044001,-0.0015650620462638806,0.0015650620462638806,-0.0025621009522140414,0.0025621009522140414,0.0028549544670060586,-0.0028549544670060586,,,,,0.0026217601850947285,-0.0026217601850947285,LINGO2
156,,0.02104555660890734,-0.02104555660890734,,,-0.009869954345711154,0.009869954345711154,0.00021815329196098188,-0.00021815329196098188,,,,,,,TBX15
157,,-0.002889336490176149,0.002889336490176149,-0.00629775425700841,0.00629775425700841,-0.0021045274455597507,0.0021045274455597507,-0.0029835043722537813,0.0029835043722537813,,,,,0.001609235555682962,-0.001609235555682962,ANKRD6
158,,-0.006558597335301536,0.006558597335301536,0.007584013416955145,-0.007584013416955145,-0.0060396587450241915,0.0060396587450241915,0.002236840292028211,-0.002236840292028211,,,,,0.004634536358736424,-0.004634536358736424,CDC14A
159,,-0.008652012402173878,0.008652012402173878,0.003970371170622336,-0.003970371170622336,-0.00620587587332945,0.00620587587332945,0.007763712645928678,-0.007763712645928678,-0.011504538153259164,0.011504538153259164,,,0.007181230066711855,-0.007181230066711855,E2F1
160,,0.002635866459051006,-0.002635866459051006,-0.00224841836204967,0.00224841836204967,-0.0049821970583242906,0.0049821970583242906,-0.0015757664542622937,0.0015757664542622937,,,3.0461744238152733e-15,-3.0461744238152733e-15,0.014548069287900658,-0.014548069287900658,MMS22L
161,,,,-0.03440587872716603,0.03440587872716603,,,,,,,,,,,TOX2
162,,-0.01326923470478842,0.01326923470478842,-0.0027208325778793896,0.0027208325778793896,-0.007633690995491993,0.007633690995491993,,,,,,,,,BCAN
163,,-0.006826269235048789,0.006826269235048789,-0.01232603981646286,0.01232603981646286,0.011146756306389068,-0.011146756306389068,,,,,,,-0.0016952498006404457,0.0016952498006404457,LHFP
164,,-0.011798676953837808,0.011798676953837808,-0.008154756863755289,0.008154756863755289,-0.005424820215851417,0.005424820215851417,-0.001512541609264846,0.001512541609264846,,,,,0.0019484958776694525,-0.0019484958776694525,DPYD
165,,,,-0.00514773173541315,0.00514773173541315,,,,,,,,,,,VCAM1
166,,0.014878454681042597,-0.014878454681042597,0.0005589968223301059,-0.0005589968223301059,0.004405784229761206,-0.004405784229761206,-0.004536221553928341,0.004536221553928341,,,,,-0.0006429212151369719,0.0006429212151369719,6530403H02RIK
167,,-0.005416464193925316,0.005416464193925316,-0.007308753444729123,0.007308753444729123,-0.00013398366376469323,0.00013398366376469323,-0.002150875711209435,0.002150875711209435,-2.1785402713685176e-05,2.1785402713685176e-05,,,9.633850981951089e-05,-9.633850981951089e-05,SNX7
168,,,,0.008702963282810852,-0.008702963282810852,,,-0.001067556526910457,0.001067556526910457,0.00020298710480107923,-0.00020298710480107923,,,-0.0017803583576247659,0.0017803583576247659,CAR2
169,,0.020457218688188505,-0.020457218688188505,0.009440302344302341,-0.009440302344302341,,,-0.00810739443803226,0.00810739443803226,,,,,,,MANBA
170,,,,-0.005881234099820699,0.005881234099820699,0.009875276606300866,-0.009875276606300866,0.003451677901053607,-0.003451677901053607,,,,,,,MECOM
171,,-0.0019248714857080865,0.0019248714857080865,-0.00407848807346909,0.00407848807346909,2.4357873182889733e-05,-2.4357873182889733e-05,0.0005879786386402547,-0.0005879786386402547,,,,,0.00013941661469164812,-0.00013941661469164812,PREX1
172,,0.0012588830054819644,-0.0012588830054819644,0.0024750485338439557,-0.0024750485338439557,0.005050009550613015,-0.005050009550613015,0.003944707495535722,-0.003944707495535722,,,,,-0.0014184598084936509,0.0014184598084936509,MED12L
173,,-0.004821583340168377,0.004821583340168377,0.011064729555917918,-0.011064729555917918,-0.0024574148934891973,0.0024574148934891973,-0.0003399774110093498,0.0003399774110093498,,,,,0.01730804771151852,-0.01730804771151852,SYNDIG1
174,,0.0034930058043434326,-0.0034930058043434326,0.004804081848627129,-0.004804081848627129,0.008129119690285687,-0.008129119690285687,0.014294972610468984,-0.014294972610468984,,,,,,,GRIN3A
175,,-0.002764968278042186,0.002764968278042186,5.5660245554131627e-05,-5.5660245554131627e-05,0.0042161985519256415,-0.0042161985519256415,-0.0019357969093931268,0.0019357969093931268,,,,,0.0053311310467295675,-0.0053311310467295675,TSHZ2
176,,0.0003057404575919423,-0.0003057404575919423,-0.0030647112475580413,0.0030647112475580413,-0.005151923867333465,0.005151923867333465,0.020704892862511814,-0.020704892862511814,0.017656553678310344,-0.017656553678310344,,,0.008665478192117479,-0.008665478192117479,RBL1
177,,-0.0036615309646723937,0.0036615309646723937,-0.004123119902038175,0.004123119902038175,-0.00812613180706933,0.00812613180706933,0.00445009201778588,-0.00445009201778588,,,,,-0.0015886577642854269,0.0015886577642854269,A330015K06RIK
178,,,,-0.0018997043858485357,0.0018997043858485357,-3.597627341801746e-05,3.597627341801746e-05,,,,,,,,,DAPP1
179,,-0.0015462192931312915,0.0015462192931312915,0.000581288949934658,-0.000581288949934658,0.004124446640499366,-0.004124446640499366,-0.004487669385432762,0.004487669385432762,,,,,-0.001484021090181517,0.001484021090181517,CST3
180,,-0.0025337256484760026,0.0025337256484760026,-0.005454594039770874,0.005454594039770874,0.0009627707646764141,-0.0009627707646764141,0.0019499579626923655,-0.0019499579626923655,,,,,0.0010686482489023208,-0.0010686482489023208,KCNMB2
181,,0.00827669298703583,-0.00827669298703583,-0.008976985726157828,0.008976985726157828,0.006118088938736721,-0.006118088938736721,,,,,,,-0.003911349462427716,0.003911349462427716,WLS
182,,-0.01161044653273146,0.01161044653273146,-0.019975812158179698,0.019975812158179698,,,,,,,,,,,DDX58
183,,-0.002663769619680921,0.002663769619680921,-0.006853973755557317,0.006853973755557317,-0.0002755474176069292,0.0002755474176069292,0.004823801913219863,-0.004823801913219863,,,,,0.00239292870809648,-0.00239292870809648,TOX
184,,-0.00038235994323717465,0.00038235994323717465,-0.003273915908434233,0.003273915908434233,-0.0006621587619189545,0.0006621587619189545,-0.0004966827304845461,0.0004966827304845461,,,,,-0.007342234164867352,0.007342234164867352,SMC2
185,,-0.0001268430665156972,0.0001268430665156972,0.006156286136332956,-0.006156286136332956,,,,,,,,,,,SLC39A8
186,,0.005891852037771539,-0.005891852037771539,0.001765967615154948,-0.001765967615154948,,,0.0037944805152144226,-0.0037944805152144226,,,,,,,B230312C02RIK
187,,,,-0.0009350384353166291,0.0009350384353166291,0.010792507677348746,-0.010792507677348746,-0.0009144123827545259,0.0009144123827545259,,,,,,,S100A1
188,,0.021541320901037213,-0.021541320901037213,-0.00655803368374825,0.00655803368374825,0.003379919027064769,-0.003379919027064769,-0.0029466531883160854,0.0029466531883160854,,,,,0.0008766763284768428,-0.0008766763284768428,NEGR1
189,,-0.001696639659507379,0.001696639659507379,0.007771114073711866,-0.007771114073711866,-0.008965082364600127,0.008965082364600127,0.04210468535050376,-0.04210468535050376,,,,,-0.003249170804395546,0.003249170804395546,FSTL5
190,,0.00041341212592618803,-0.00041341212592618803,-0.006730277130647035,0.006730277130647035,-0.0021610637622967027,0.0021610637622967027,-0.003011765004713292,0.003011765004713292,,,,,0.002076390392267303,-0.002076390392267303,MMP16
191,,0.014788374651441914,-0.014788374651441914,0.007478369243462929,-0.007478369243462929,-0.006422941911111001,0.006422941911111001,0.024177993026811846,-0.024177993026811846,,,,,0.00040641944420028234,-0.00040641944420028234,INTU
